全球疯传：马云替习威胁黄有龙，录音爆光！北京大学女教援痛批政治局7常委，人身危险了！传播习近平这个视频的都抓了	q_BWkIOTdXQ
劲爆！中国银行系统大量瘫痪、挤兑，大量账户无法取款！信网卡、贷款违约爆增，中国债务危机终于来了！	Lldqwt3NXSc
劲爆：潘石屹在美国私人饭局讲任志强被抓内幕遭偷拍，视频信息含量极大，真的不能回国了！（未删减版）	VGkP5uHrfcc
北京18中学生起义，有点五四运动的感觉	v4-zJT6wDsI
全球金融安全压仓石崩了，经济危机启动！习近平访美引发空前抗议浪潮！英文媒体疯传，川普夫人拒绝和习近平握手道别…..	LdQz-cygdlc
刚刚，美国前议长佩洛西等参加反共反习大游行，并发表演讲！（中文字幕）	ldEczMbyks0
刚刚，大量美国人加入抗议习近平的行列！习住的酒店好热闹……太恶劣！习近平团队高级外交官要被驱逐了….. 这个视频刷爆西方社媒….	vr0wePDE0Lk
全视频：习近平下飞机前突发意外，脸都丢尽了…..	kHj2hDb6tPk
现场实录全视频：警察局长敲诈企业家1亿！全网封杀！	QZUplLkD14c
习访美前夕，大量反习人士走上街头抗议，美国战狼围攻被抓……深扒华尔街内部的红二代！	kjBhP8qyti0
最新！华为二公主辟谣出逃大翻车，博主追真相遭威胁！习即将访美，川普放大招！外卖员撞倒省委书记全网疯传	CUI4mn18QJc
习近平身体真出大问题了，证据都在这里….. 难活到150…..	QnSPTr4KeGw
市场全线开崩，贪婪者正被埋！软资产落幕，硬资产被疯抢！	KJ7uBqGDgmM
刚刚，广州出大事！7人小队无差别刺人！请通知亲戚朋友不要出门！（最全视频）	8yBzH6CuWuI
9.15前夕，任正非全家失联、逃离中国，华为总部被武警包围！4件事确实不寻常！习近平生气，罕见提前离开印度！	591-C-DVR98
90年一遇的金融危机爆发！黄金、石油涨跌逻辑逆转！习近平访印多处不正常	rcQtbrtOwSE
内部报告数据大泄漏！中国7大危机全面爆发！2026大溃败开始了……	idn9bQ8n4Ns
博主冒险夜拍私密重地，看看上海经济到底多惨！	JBy1zXw_VLg
刚刚，该国防长在国际大会上精彩羞辱中共军头！毛将军遭习无视！习近平倒行逆施到了民愤边缘！	nPU760Q_qlQ
中国政府一天两次罕见国际翻车！上海超跑车赛丑闻内幕惊心！国际媒体被允许进藏，又翻车……	0JyIBggdLbI
刚刚！吴彦祖痛批中共草菅人命…. 墙内全网封杀……（中文字幕）	CiOt50zpmUQ
笑死！袁腾飞痛骂文昭…..（视频、字幕版）	p9ZCwp03Eeg
最新！两名家喻户晓的公知惊险逃离中国！习近平出访中5大不正常！中尼救灾大对比，不寒而栗……	I_jc27-c35w
全球最大资产遭抛售崩跌！最恐怖金融危机来了！会谈中普京说了两件事，习为何不让报道？中国停止西藏救援，几千人彻底完了！	N0qwuHBkiHI
刚刚，远亲王终于帮景田出手了！孙宇晨服软也没用，结局已注定！两大政经大佬为先锋敲打孙宇晨！	rwVwnVyyxy8
刚刚，博主长视频证实官方造假，死亡人数或翻5倍！最强摆拍部队进吉隆，全球笑疯了！泥泊尔质疑加深，或与中共翻脸！	CFFCHEe9T2Y
刷屏！习远平情人替富豪代孕惹官司，小电影拍出来了！全网封杀，西藏泥石流10部门被团灭，千人死亡？罪魁祸首在中共！	xoN4_GWgyLA
一只黑天鹅起飞！两样资产疯涨！80年的金融秩序要塌了！	JX_S-CuV-uU
全球资本市场大难临头！黑白天鹅都来了！	YiVfPaG9i_U
镇压，重庆爆发今年最大规模抗议！两大阶层对抗挑战社会秩序！全球债务危机爆发！	UVenr7Izguw
突发！千亿集团大佬逃离中国，飞机上宣布离职炸锅！海外大量普通华人遭中国税务收税！许家印判无期有深意，谁害怕他活着？	jV4MK8bu-5E
又熔断！暴跌模式开启！趴窝40年的黑天鹅起飞！危机四伏！习近平笼络江家寻盟友！	zg0bWYiEasA
又一金融核弹将引爆！天量海外资产回国救驾！肉身财富出海的门缝彻底关了	SAmAqrdKPlY
盖棺论定朱镕基！操办三件大事续命中共30年！	36BEYPaPCsA
最新！深圳2000多商人被抓收割，20年建成的全球产业链塌了！胖东来硬怼房东涨租，中国商业地产最后稻草！	exmbBKfLOxc
百年一遇的大泡泡真要破！美元的世纪大劫来了！深挖王毅的贵人！习劳民伤财表演穿帮	RTg4qx9FRlc
边控加速，很多人出国过境受限！日本金融求救，美国抛欧保日！金银暴涨，80年全球金融体系要塌？	PogdJg9FSpw
百年一遇时机！重仓空美股，归零或10倍？仓位、资金、盈亏截图公布！空前绝后的黄金大牛市！	3SyMRhpFKWo
彻底关门！深度解析最狠出入境新规！中国进入全民边控时代！海外华人遭池鱼之殃！	UnOOMssjILQ
越来越像了，东亚两大国点火，美国金融引爆！	Td46ILZgEXU
最新！黑色星期二后黑色星期三！东亚多国接连股灾，下一个美国？深度分析：抄底黄金？	Jd7GBjLTJKI
刚刚！全球4大国同步崩盘，投资者争相抛售踩踏！九十七年一遇的金融危机来了！	WrI2GsZ8e8k
最新！中国税务再放狠招，穿透95%富人海外最隐秘资产防线！国人肉身出逃两大移民地被堵	fjb0DxH4HjM
刚刚！王虹邓煜采访被央视北大删减，网络舆论一边倒痛批！他们说了啥？牠们害怕啥？他们拒绝回国惹恼了谁？	3INdRcnl8j0
川普双脚踏进中东坟场！有史以来最大金融危机来了！我的持仓及应对	mZIyl9-rkao
刚刚又开崩！全球股灾来了！油价疯涨！今年加息跑不掉！抢印钞机，美伊战争大升级！space x 腰斩，怎么办？	VVw-dOgECQ4
A股崩盘无数散户走上绝路！今天，黄金白银爆涨，可抄底了？石油同涨，还有两危险信号！全球大萧条或已爆发	6-m0IL8nCBc
这组惨淡数据被迫发布，中国经济真相吓坏知情者！金三罕见羞辱中国正国级代表团！彭水塌方真相触目惊心！	F3LocfFzQkw
刚刚，中美日韩全球大崩盘！20年一次的雷曼时刻真的到了！	bcbNbS4_2vc
举国刹不住车，金融大崩溃终于来了！18年一遇！全球无一幸免！	8JKVum-zdRk
热议！著名的年轻敢言经济学家离奇去世，网络质疑！通胀压不住了，全球风险资产或将跌50%….	mUUoaE_TuOk
全网封杀！广西溃坝如末日，数千人失踪！刚刚，全球开始崩盘！两大现象暗示习时日无多！李克强干咳习读错字招祸	wprEm-ywcvE
来了！最后的大清算，风险爱好者都逃不掉！双周期绞杀下的终极萧条！	Ynxa18GsUKY
触目惊心，中国债务危机愈演愈烈！谁能救？分享一个钱生钱的万能公式！	j7_r8TcxLa0
崩溃式下跌，12年来首次！黄金白银投资者必看视频！墙内外很多大神都错了！	yNG-_xaZ7Kc
刚刚！熔断、暴跌血流成河！引爆空前大泡泡的导火线点着了	SJBmHx3lebQ
空前大泡泡破灭，恰逢黑天鹅起飞！这次神仙都救不了！	VHBuVTCc2g8
突发！股指暴跌10%熔断, 股灾席卷日韩欧美!不计成本抛售黄金白银石油加密！中国正在打开一个比地产还大的蓄水池	bryDVu5lFsk
楼市200万亿跌去哪了？人民币第三次换锚，印钞将更猛，升值假像能扛多久？滞胀下的自我救赎！	TPm59TojN5w
最新！美伊协议背后残酷经济、产业真相！美国海洋、金融霸权终结了吗？乌克兰让莫斯科变世界末日！冷眼开讲	6hvM2zRpKAw
今天，80年的全球金融体系开始瓦解！金融海啸呼之欲出！数百万亿资产开启废纸化！	XGx0ZAOq4QA
刚刚！各种数据崩断，中国经济全方位塌方！楼市、债务、消费都失控…..	IPLyx0YAmUU
民币高点在这里！30年一遇，最后换美元的机会！门缝将关，习要将肉烂在锅里！大泡泡将破，抄黄金的时机来了（冷眼开讲）	z63ZSw0XCo8
有史以来最大双重金融危机登场，数十万亿美元泡泡破了！突发！习近平访朝遭金正恩羞辱！抖音搜索现“习谋sha李”！大国元首羞辱李强	owgxA4N6Mmc
黄金白银不行了吗？为何共振美股加密货币？下一波爆发时间节点在这里！	rAv7jhLkjow
接近熔断！20年最大泡沫破灭！股债黄白黑加密血流成河背后！如何才能躲开这场浩劫	ecUSeHy80U8
指标罕见报警，各国纸币离纸更近了！资产崩跌开始，普通人该怎么办？这个大国将率先倒地！（冷眼开讲）	bspql3yM-cc
突发！7月1日起没收海外投资非法所得！香港帐户大清洗，新加坡也不安全！中共3大招，国人资产撤离大限到了！（冷眼开讲）	Fcgu19_ez2M
50年一遇，恶性通胀终于来了（冷眼开讲）	y-txIdpwryI
暴跌熔断！20年盛宴终于结束！未来10年投资精髓在这里！川习会结束，习近平一次大丢脸和两次私下混乱冲突！（冷眼开讲）	FqPxXL0wayU
黑天鹅终于来了，危机大爆发	z2C0FwZqdqE
老太太庆生引发“六四”风波！华为掌门人摆谱直追习近平！白天鹅来了，川菜普踩到翔！	cCSBcxzzQU0
世界雪崩，白天鹅起飞！未来5年最大的投资机会！习近平车队遭围堵！	NO6WW7mYcp0
特朗普，囚笼困兽！石油美元解体时刻！中共向伊朗送武器实锤了！又一个勇敢青年走上街头反共了！	vC5kSq6yu_M
警惕！黑天鹅正在起飞！全国反习事件接连不断！国宝运动员上楼顶维权	A91PPLwbvlU
美伊谈崩，战争即将升级！全球金融市场史诗级开崩！	hH1TZkv4gjE
刚刚，习郑会上郑丽文数次丢台湾脸！习近平见郑为何自卑？习氏统一梦再受挫！习郑闭门讲话流出！好微炒	RQuOIseqncw
疯狂抛售后，这项大资产又该买入了！马云在斯坦福首次演讲，信息量大	7EF_3w_dHTI
全球金融风暴，市场将腰斩！包帝表演穿帮，6常委一起翻车！温家宝高调亮相，反习的人又失望了！台湾知名博主当面打脸习共！	7oB1kW2wjiQ
阴谋论的依据，张雪峰到底怎么死的？毁誉参半，大粉红还是寒门救世主？张雪峰最精彩的演讲及封神7分钟！	TOi6gZ7ggME
收藏！全球顶级华人投资大师罕见视频曝光！受益匪浅！	bB6vU3ZrQ8Q
突发！四大国有银行限制取款引恐慌！储户报警被抓，银行的钱去哪里了？习近平的几大尴尬…….	eJ1V6mtf5SU
白银石油后，这个该爆发了！该常委舔习被千夫所指！两会代表和习氏丑行爆光不少！	GSX88SAdblc
突发！伊朗封锁海峡引发金融危机！欧美亚上十个大国股市崩盘！美国多架战机被击落！黄金石油恐慌指数暴涨！	L7uGmt7Mq3g
伊朗人疯狂庆祝哈梅内依被斩首！川普、以色列已讲话证实！习近平的老朋友又少了一个！	ONN3rSoF0nM
疯传！清华知名教授公开讨论皇帝制为何卷土重来！全体网友捏一把汗…..	suGEVl-1xxM
刘强东牛津大学商学院震撼演讲！这个视频值得反复观看，收藏！	Qa4UHLsDLXw
习为何紧急封杀河南春晚？春节系列活动习近平都穿帮了！公务员发帖揭恐怖的100万亿地方债崩溃！央视春晚机器人表演骗局揭秘！金正恩一个视频火爆全球	_XaRZl_MqXo
付鹏2026第一次演讲，真敢讲，信息量真大！请收藏！	jbxINWzC5qg
习近平两大表演穿帮遭全球嘲笑！公安部长活移肝后患癌遭罢免？未来五年，尽量退出以下五个圈子！	-fhQ5ilFtak
世纪大脱钩，金融市场最后的狂欢日！55年一遇的投资机会！包帝又出了几个大新闻….	c02QUYK2SEg
全球资产抛售潮风起云涌，唯有这两样可以长期定投致富！	sd7RcxjWdT0
今天，全球各大资产全线崩盘！百年一遇金融危机来了？赵乐际为张又侠和习唱反调？	-Ex_H_D1R_o
最新！全球3大资产出事！假金条银条太多了！2026墙内生存手册！突然消失的美女明星！	N2kLoTO35FE
刚刚，全球各种资产史诗级暴跌！2026全球金融风暴或已开始！避风港已出现	l9Rfo5L1Sj8
刚刚！46年最大暴跌，7万亿美元蒸发！全球投资者血流成河！未来最大的发财机会又来了	vayUvcMRxA0
最新！狂欢后雪崩，帝国一夜崩盘！归零风险下，如何重构你的生存资产负债表？推荐两只股票！张又侠通美？习氏大清洗信号！	P4Ax4tv4Bpw
黄金白银疯了，加仓还是清仓？美元美债要崩？谁顶替？中国多重斩杀线！老外别来了！	j6gqbxKGsz4
投资大师段永平一个访谈被骂了整整三年！当年看懂的人已经财富自由了！	Sqz_ROkrEKY
爆料：张刘政变失败被捕内幕！习紧急逃离京西宾馆后反扑! 习张世交为何反目？中央军委会撤销？	C-2zFkqm-U0
被捕官宣视频流出！军委7巨头只剩两，张又侠履职誓词出错埋隐患！主犯穷途末路了！每个中国人都值得一看！这是世界上最精彩的课程之一！	MvH8LDQZjBw
刚刚！央视报道包帝抓捕张又侠，两个上将一起倒！蔡琦麻烦了！	Cmc5M11DvkM
刚刚全球瞩目的重磅数据发布，中国经济、楼市彻底判了死刑！香港巨星为失踪儿童发声后离奇死亡！恐怖，一定看到最后一秒…..	IhrvzsBtXu8
马杜罗被活捉，中共这套系统立大功! 著名粉红专家直播狂抽脸，全网笑翻! 墙内又出了一个勇士！一呼万应	9CODn-AwyfM
习氏新年多次大bug全球丢脸！日本记者让外交战狼破防崩溃！又一个主犯崩溃了	tWOZmkRXYHU
 这个女孩完了，恐怖视频全球疯传！中共又一个表演穿帮，全世界看笑话！博主爆火被封杀，中共不得已又放行！	QN8VG1yTJLg
突发！人民币破7，4大原因，大收割启动！直播镜头下的习近平3大不寻常！经济崩溃，两城勇敢女性喊出打倒共产党！	frm_K2_4bjY
北京惨案，捂5天后才被撬开内幕，高官要下台！上海女生地铁喊“打倒共产党”被抓！好邪门的超一线明星，这个主犯人神共愤！傻傻的党卫军被机智网友套话录像 	ZctM2OltVaQ
深度：黄金白银会涨多久？该抛吗？民币换美元的绝佳时机到了！日元暴动失败，金融动荡风险犹存！	UxQf8vdcO0E
最新！又一个名人被做成了标本！女版于朦胧出现了！两位勇敢女生发声挑战体制，注意安全！	QCRGIf5-RsE
恐怖！3个知名明星都被换了！漂亮女星在央视直播时求救！又有几个回旋镖打到包帝了！	5-gDBnRWO7k
最新！两跨国巨大撤离中国惊动全球！两组关键数据塌方，中国经济断气！一张图表5小时后被全网封杀！	mJqgBgPwxAs
深度：美元危机和金球金融动荡时代！未来黄金白银谁更强？可以追吗？	yM7pQPRNMdg
邻国轰炸中共海外党产，大量中国人出逃！当红一线男星拍视频诡异悼念乔任梁！诡异“粉丝”在直播间向秋风要头骨作纪念！	AJziWeB5GR4
这个主犯终于被逼疯了！牠们是帮凶？美国立法打中习近平等政治局委员7寸！刚挖出两个视频！太难受了！	wxk-3OoPmuY
会员节目：刚刚！中国政府放三大招，4年来楼市反弹转折点来了？	zZPhBJ7LdyA
又扒出大女鬼！超顶流为于发声？乔任梁父母危险了！郭德纲是如何得罪习近平的？	bDWK1jBttFs
习见马克龙前既紧张又粗鲁，彭丽媛表情亮了！于朦胧事件三大进展	UCmlSG46tlA
日本行动，全球金融市场开崩！热度收不住！中共的老脸算是彻底丢尽了！发声受威胁，买木枪自卫！	QoY3_AePmZs
中共战狗让日本女星封神！港共又借火灾开始抓港人了！两岸爆红女星步朦胧后尘？	9FUlbB9bVuA
诡异！马云刘德华提前预测香港大火…举国攻击香港竹架，禁止讨论安全网，为俩山东企业脱罪！启皓艺术馆又放诡异宣传片	DhWfhNX_rSs
大量“中国”明星去台捞钱！避祸or带任务？刚扒出！杜强对于做的最变态的事！女老板现身说法，恐怖！亿万人危险！	zMpI_1KueUw
铁证！邻居见证警方和凶犯勾结！于案引恐慌！大量台湾明星返台！中国又一个大笑话，全球疯传！	_WJglVm3XJ8
突发！蔡奇王小洪被于案拖下水？北京公安副局长因于案被灭口？最近又爆两诡异视频！女生含泪讲述，于朦胧5个月里等si全过程！多个回旋镖打中包帝	6XGdD41_DQU
刚又扒出两个新的诡异视频！杜强贴身监视朦胧，怕他现场向粉丝求救！好可怕！应封杀这邪恶技术！超一线明星多处诡异言行！是凶犯？	3DZwwQV4f5M
网络疯传！女网友辞职组团赴京出重磅调查报告，警方报告全推翻，可以抓凶犯了！杨幂最想删除的视频，于朦胧遭受这样的对待惊呆全网！	KXU_XQYuUIs
最新！3大家喻户晓明星返老还童被深扒！两大世界巨星成北京标本！乔于生前指控四字顶流明星黑料爆发！苏州视频激起亿万民愤！	LftXNwS5GRI
最新！两大外资巨头出逃，为何资产都卖给顶级红色权贵？	_k7Scr_5G9I
突发！全网封杀的7分钟录音！香港顶级导演痛批中共引爆网络! 最新诡异视频疯传，李连杰身上有两个小女孩！汗毛倒竖！6明星5个非正常死亡！4条线索，杨幂有大问题！	_1uWGRsqpto
最新！主犯们开始破产，全民抵制下娱乐圈在陪葬！“好吃”重现，替身被扒，又一个大明星死了！又一年轻美丽女星被毁灭！杨幂人设崩了！	qLvnzwlOqiQ
台湾顶流女星不正常要出事! 15岁少年直播骂习独裁被消失! 网传郭俊辰已遇害！铁证！墙内封杀李连接换心话题！	AePjzY1QY2c
最新视频：除了5个女生，还有多少人被mie口？小心！杜强在台湾行为怪异！又一个年轻帅气明星被做成标本！乔于生前指控的凶手显现了	MWhfiJBE6s0
突发！李连杰脱衣“辟谣”换心，越描越黑网络疯传！于乔生前指控同一案犯至今隐身！逃去日本的女主犯是日本人！这两个顶流明星都要注意安全！	cM9O4mP4bd0
急了！于案引爆流量中共黑手伸油管！牠默认换秋风心？科比标本在北京！实锤！远清王现身余案现场！习近平在APEC接连多次丢人	NpleL4wgQsI
封杀一年后，敢言经济学家再发重磅演讲！	iBHtFCiJE7o
毁灭证据！邪门展览馆正在拆除！女同事离职前警告过于危险！隐藏最深的女鬼凶犯刚被扒出！	qnNAga0H7X4
最新！红三代女凶犯发帖认罪了！魔鬼公司承认kill了两个名人！这个凶犯将被做成标本平息众怒？	VwZOxJQrlxM
最新！凶犯们开始得到报应了！798新情侣雕像原来是他们俩！平台插阻止司机和女乘客聊敏感话题！全球80亿人都盼着这个视频成真！	3jtR8WXNH7o
于朦胧的牙去哪了？他的这两张照片很不舒服！启皓艺术馆刚展出诡异展品！	1l4sWHJ0Clk
最新：10多亿人盼了70多年的场景到了！于朦胧邻居冒险偷拍的20秒视频疯传！秦刚为何现身于朦胧死亡艺术馆？	5rvkvkY39Iw
医生冒si拍下的一组惊人照片! 又一年轻帅气明星被做成展品！又一段新恐怖视频流出！慎入！	5GPdwTkkJ6M
刚扒出，于朦胧被拿木仓指着和粉丝直播！全国网友纷纷线下悼念于朦胧！头皮发麻！从没见过于这两张照片！	sSOMXgc63D8
主犯不堪网暴注销微博，发3诡异贴！两名一线女星发疯自救，逃出魔掌！天娱在马来开分公司，大量华人抵制！	jHFhjEDjPBY
知名导演直播为于朦胧发声！又一凶犯记录于朦胧的死亡日记流出！日本两兄弟在于朦胧案中的角色！	XTnxuOPDTF4
网友冒险拍下视频：于朦胧案发现场外国名流云集！中国突袭打贸易战，美对中加征100%关税！全球血流成河，金融危机或已爆发！	7TZwLTA5Zq8
刚刚！大量粉丝游行要天娱给说法，天娱股价大跌！一个凶犯发贴认罪，又扒出3名深藏凶手！暗网最后几小时直播流出，已录视频报案FBI！	kHy4xCfdUGc
深扒：天娱湖南广电都姓蔡！蔡奇隐藏最深的私生子浮出！	leL7e0i1Y3A
这个凶犯终于认罪了！全方位冲塔，无人机表演、广场投屏挺于朦胧！切腹取U盘的视频流出来！	49WFKwE9Qws
17人外，又扒出3个凶犯！于朦胧全家确定灭门！全网都在找的犯罪视频找到！澳洲法院强迫杨兰兰上庭，习近平报复措施震惊全球！	7VaCiv5S9Es
于朦胧初中女老师勇敢发声，看哭了！呼吁追查死亡真相！视频封杀！老师危险了！	UfGKE_bCc3g
爆料：习远平参与于朦胧案！张国荣于朦胧疑似死于同一伙人！一线男星躲性侵跳车逃跑！更多天龙犯被扒出！于案事发酒店紧急拆除！	UjqYuQZj2iQ
马屁拍到马腿上！王健林把习近平姐夫一家都卖了！	GN6ev1xPrds
因替于朦胧发声，这个家喻户晓的明星及家人受威胁！	UkuivupVfyY
又一顶流明星被盯上了？行为奇怪！天后级人物纪念于朦胧！又发现一个红三代凶犯！吓得戴手串辟邪！	JTA-F1IZGm4
突发！K签证引发民众抗议浪潮！全国人大网被攻陷！大量青年要上街！中国真正失业潮来了	jIXz498_cfw
劲爆！大量网友组织墙内线下公祭于朦胧！本案两个主要凶犯互撕要起诉！两案犯新剧、演唱会遭抵制下架！全球20万联签名要求彻查于朦胧事件	rtVyetUCR00
最新！于朦胧案致3个超级大V被全网封锁！言论管控空前强加强引社会恐慌！	eKf4Rj9Bc7M
最新！半个娱乐圈洗钱涉重器器证据确凿，彭丽媛或是真正的后台！警方说漏嘴承认于朦胧为刑案！	_0sym2GCXJw
突发！又一个新兴大国金融崩了！大决战，人民币开始换锚了！都跑不了，中国换汇空前收紧！	Y47NBotNB-0
于朦胧在最后一次被迫直播中两次小声喊“救命”！错失获救机会！	913yakmp8xk
于朦胧生前两次被人轮侵视频流出！生前和遭囚时声音对比一致！铁证促中共警方立案！	7wh7lon1zBk
大反转！辛奇不是蔡奇私生子！这个最后扒出的凶犯才是！于朦胧警情通报激怒亿万民众！又抓了一批人！	mBSp_13iImk
全民抗争求真相！于朦胧按全线搜索重大发现！所有关键视频都在这里，16名真凶锁定！网友录音北京警察被收买拒立案！	-sWd1RZ1oG4
于朦胧乔任梁与皇帝父子生日相同，替习改命？重大进展！重梳时间线大发现！多个重磅视频流出！	SXdd8kwNkvk
全网都在找的两个视频来了！深扒辛奇的生母和生父！	ZhaCSShPUpk
于朦胧被凌辱及坠楼全视频流出！小区众多目击证人被收买！江派大佬借此事绝地反击习家军之蔡奇？	f-RzRIh1yoE
于朦胧被害案重要人证现身！蔡奇儿子才是背后大佬！三波挡事的作好准备！聚会全过程还原，死因太惊悚….	jWh7Wc8g2rI
胆小慎入！于朦胧死前3分钟视频爆光，被折磨得撕心裂肺哀嚎！！被注射神经毒素致死？俩政治局常委涉案浮出水面！于家家属被控制！全网封杀，民众拼死全网追凶要真相！	jiOm9zwigWY
全网封杀！知名男星被中共大佬潜规则坠楼死亡！民意汹汹热度爆棚！深扒背后的反常诡异….	7NC35Qj45Fo
突发！7万亿大放水，银行要倒一批了！企业家被抓反复收割，海外女儿投网！黄金要卖吗？什么时候再入场？	x1sxFjWD90I
突发！刚观礼阅兵的老朋友被赶下台！该国勇敢民众重创共产党统治！知名学者精彩三巴掌打脸习近平	4u13tT-m59A
又一外交事故，习主动握手遭拒绝！完了！张雪峰遭全网围攻，涉事或进班房！中国两例器官活摘震惊世界！	e5l3zoeLA2s
全球最大体量资产暴跌！动摇国际金融秩序的风暴来了！50年来金银的春天！	lsj0vQXcKvg
山东大学生做供体，力推习主席活150岁！针扎阅兵士兵震惊世界！习远平阅兵后款待红色家族的政治信号！	gkPGRnFsq_4
最新！3个知名女人看阅兵丑态百出，全网痛骂！普京又把包帝卖了！习近平阅兵时发病，不停颤抖！阅兵军人的下场都好惨	MsHo2LBLhOg
3条线索显示习近平已肝移植！阅兵武器大造假，市场暴跌！又一大国总统羞辱彭丽媛！	xU9rEzMRpHE
最新！习近平九三阅兵三大怪事让全球吃惊！这个阅兵场景违法引热议！登上和未登上城楼的正国级们，政治信号强烈！	gh62EdcyDdY
精彩！两岸空军最新交锋！恐怖！北京因阅兵变成这样了！这个视频让习近平王毅坐立难安……	CgBel8BolWM
最新！重庆勇士海外接受采访，揭示投标语、写信辱警全过程！知名经济学家劲爆评论遭封杀	wECCoQErd_4
突发！重庆版四通桥事件震惊海内外！中共紧急全网封杀、抓人！台湾粉红女陆配再吃铁拳	FOqEKCKmrFY
最新！习邀26国元首观阅兵又丢脸！A股见顶的3大信号出现了？社保金挪用愈演愈烈！	U082Yx63NC0
刘鹤家族红三代男日本翻车，家族两位将军，参与镇压六四！京油子大V五散彻底翻车！	pc8R4KLpADo
挡不住的灰犀牛终于来了！罕见的金融风暴在后面！	tjEnveQ2Kz0
涉及3亿人的大税来了！万税国！两个楼市鬼故事刷屏了	-sR8zLtUej8
多名海外华人被中国警察远洋捕捞！巨额财产被冻人被扣！两类华人千万不要回国！	4kfB1QMIHyI
齐心深圳密见杨兰兰！杨兰兰习家女儿身份坐实！罕见视频曝光习仲勋齐心谈海外儿孙布局！	Wdm_sUH3fpg
地产熄火后，中国政府又在制造新泡沫摆脱经济危机！	TWK85IRa5yA
又一个省级首富净身出户！青年投巨资搞人民公社吃铁拳！	UqvO66Zp-BY
又一亿万富豪全家连夜跑路！千亿头部民企爆雷震动海内外！企业居民中长期贷款20年首次大跌！	J5kKFnPskBc
外媒放出更多胡锦涛被架出会场之前视频！李克强错过了放手一博习近平的最佳机会….	JIssDR69ovM
突发！中国40年来最大军事丑闻，全球围观! 杨兰兰是习家后人？澳洲爆料者受威胁! 再爆内斗！政坛新星落马！	SQT4y25_jzo
最新！杨兰兰保镖为武警中校透露的信息！全球最大金融泡沫处于破裂临界点！全球三大经济红利终结	i7ndaOC3p5w
刷屏后开始封杀！深扒杨兰兰亮瞎眼的红色权贵背景！中共将经济危机祸水向底层转移….	DT346JdamNM
突发！数万人冲塔国务院要求退社保！社保新规引全民恐慌愤怒！请保姆找临时工都要交社保！民企个体户全面倒闭潮真的来了！China's death tax sparks outrage	0hnjBmfS4ng
突发！昆明勇士广场举牌：习近平下台！人已经消失了！万人冲塔声援江油，新华社被迫关闭直播！全国抗议运动呈几何级数增长！Chinese youth demand Xi Jinping step down	jLAwc8dfd6A
瑟瑟发抖！大量江油鹰犬被开盒！孟加拉反暴模式在中国试水显威力！一家六口逼死恩人医生的背后......	iJzYfumKtxA
突发！四川江油全城抗暴最全视频！民众和警察对打，高喊“习近平，共产党下台”！全网封杀！全国各地网友奔赴江油支援！	qKpmaShVQCc
全玩完！没有任何反弹，中国楼市加速自由落体！国内家人已同意卖房，血亏45%！地方政府倒行逆施，民营企业加速跑路！	7Hg-hREihAA
经济数据造假震动全球！有史以来最大金融风暴正酝酿？	xJAUAhwLdOM
刷屏！多个民企巨头接连被捕跳楼的背后，三反五反最后一割？扛不住了，上海房价大量腰斩！李超人50亿甩卖老宅彻底跑路，香港完蛋！	StR1Cvefkmw
突发！北京及多省大洪灾，李强承认伤亡惨重！育儿补贴能救中国人口危机吗？	KpQFC2VHjdY
突发！广东瘟疫爆发，迅速扩散！又开始做核酸、隔离了！大量投放的转基因蚊子是元凶？释永信出事释放出多重信号！	6ve0PEU5E4I
深度剖析！事关台湾生死的大罢免今天投票，中共和国民党急了，结果会如何？罗大佑和林夕之争的背后！	t0Yj0qivCd8
大国债务危机路线图！为何结局必然是纸币崩溃！	9XINi8vXrHE
突发！天水铅中毒幼儿家长集体维权被警察殴打，视频正在被封杀！全球高度关注	NBJJKQgCkEs
突发！3倍于三峡的工程开工，哪些A股周一将暴涨？习氏人算不如天算，雅江电站灾难将远超三峡，为印度做嫁衣？外商投资同比崩跌背后的危机！	RNyzbXi3F_A
最新！多起海外华人回国后被限出境！美国知名华人博主回国被重判4年！这些海外华人千万不要回国	XqGxvmVT8ls
最新！中国央行放水突然加速，两大原因！中国债务彻底兜不住了！爱国英雄成汉奸笑柄，宗庆后7私生子多遗产闹剧刹不住车！	idKhHrepTKc
突发：习煮席见外国元首再出丑！如无实质改革，房价将再跌50%！水灾严重，解放军和习主席都按兵不动！上海半数区断粮！	mSPYbI-aBqg
突发！美国参战对伊朗核设施发动打击，照片视频全揭秘！伊朗对美宣战对美军事基地进攻!	pXjYBPe-Tvo
多省洪灾无人救，皇帝大臣海外闲逛！博士后、外贸高管失业送外卖、开滴滴火了，中国就业塌方的惨烈真相！这个敢言的良心学者终于被封死了！	alM33_hEe_8
突发！伊朗威胁今晚扔核弹，全球高度关注！伊朗人民纷纷上街推墙！凌晨三点高烧39度的外卖员哭诉火了！	UEQlFQc4-Gk
最新！中国第五大银行开始暴雷！多个信号发出，美国或于今晚参加以伊战争！川普呼吁所有人员撤离德黑兰！	_9pA5i8Fsg0
付费文章开源后网络疯传：锁死底层人的5大阳谋！	frYRbKaoWR8
突发！伊朗袭击美军，美国或将卷入？伊朗绝地反击，导弹雨重创以色列致数百人伤亡！以色列向美求援，超预期规模战争将至？霍尔木兹海峡将被封锁？全球金融系统山雨欲来......	9WRBjgh_5kU
突发！以伊大战，全球金融市场开崩！以色列空袭数十处伊朗核设施，斩首伊朗军政首脑！伊朗强力反击空袭以色列核设施，美国也将遭到报复！	s1NMMUdNqgg
最新！最牛央企砍绩效奖金上热搜，中国财政危机发酵！稀土换留学生，权贵官员都着急了！关税协议初定，几大爆点仍在！	i07jFjw5cy0
今晚突发！美国政府和国防部长调集大量军队镇压洛杉矶抗议运动，全世界关注事态升级！中国各大城市楼市加速下坠，这一回彻底软埋所有房奴！	OydtExvrcfc
墙内全网删除，向松祚炮轰中国体制！信息量炸裂！	un1MrKCvgF0
深扒川马互撕全过程！川普被弹劾or马一龙被驱逐？	WiNoXMfLFN8
地方债的雷根本暴不完！经济还在快速增长，为何失业率飙升？乌奇袭摧毁俄半数战略飞机，创军事史上奇迹！俄扬言以核武器报复！美防长要武力保台，菲律宾峰会上羞辱中共军头！	5__Fa1YjQhw
又一顶流经济学家大胆评中国经济！满满干货和数据风暴！	Jzl8MG42OiE
取消中国学生签证只是开始，美国所有华人的危险来了，绿卡、公民都逃不掉！中国最大新兴行业金融泡沫块崩了，实业金融化丧钟敲响！	lqq5qta8WKQ
黄金投资骗局横行，又一个大雷爆了！汽车界又一个暴雷的恒大！美国叫停留学签证，中国人留学路要堵死了！	pkAntfKOQwI
为什么赚钱越来越难！中国年轻人的出路在哪？	u4FQp0lEwiY
一崩千里！“一线核心房”骗了多少人！现在最重要的就是搞钱！	w3hHMZpcTO0
中国放水速度突降，这才是最可怕的！为何全球极度恐惧美日债券收益率飙升？内在逻辑在这里！资本撤退的又一条活路！	JYuL0QJYxRI
最新！习近平访洛阳的一大怪事！欧美联手又堵塞中国一大经济气口！3大数十万万亿级资产的生死博弈开始！	QBfqvuWspdI
上海将出禁止出国令，一片混乱？中国超预期降息的背后！日本正引爆金融核弹，全球将翻船！	gnQpreWQQ4U
深挖中国全网封杀武汉枪击案的背后！亿万富豪父子为何殒命？中共79多年控枪失败，社会安全雪崩！	-oAqMz1CzZg
海外有资产的中国人要小心了，中共开始收割了！穆迪下调美国评级引崩金融崩跌？全球各大资产如何走？	u1Kqyr-ECXQ
最新！掘地三尺，中国对公民海外收入大征税！穆迪下调美国评级引崩跌，美股美债美元三杀黄金飞天！	rtdGi2M71dk
习近平访问俄罗斯，3大非同寻常怪事引国际热议！	oOMBJ2IgAV4
神文“养老金的5大常识”彻底火了，为何中共如临大敌紧急封杀？	-upt587VN-w
贸易战下物价暴涨！中国外贸走入死胡同，刚想了一个大歪招！	bmb93uuY4PA
习煮席执政12年所有丢脸场面大集合！尴尬癌了！必须收藏	aGHAmGr3TMw
1小时时薪能买到什么？苏州和加拿大实地对比惊呆全球！中国牛马被压榨太厉害！	T6QZuWjlvSo
2025年墙内居民生存手册	wlRVRTe-iaQ
你死我活，黄金美元美债终极对决！黄金暴跌调整可以入场吗？	wvfTLtK-qrU
突发！李显龙夫人痛批习近平是黑帮老大！东盟将倒向美国？习近平退居二线疑云！	X78JRPWiKd4
最新！川普硬扛美联储要强换帅，美元美债美股崩跌！川普喊单黄金疯涨的背后，真正的恐慌刚刚开始！美元黄金人民币该如何选？	EROfBvTwGVI
被全网封杀的网络神文：偷来主义简史	frgM35y9elU
中国对美出口暴跌64%！知名企业家被关税压垮走上绝路！外贸企业倒闭潮、失业潮加速！	OHREgwMzwko
最新！习主席又在全球丢大脸了！把马来西亚元首整不会了	9Jk7UJDB_mc
突发！出口死绝，美国对中国出口商品加征245%关税！美联合70多国围堵中国转口贸易！	3xbhkpjAFLg
最新！习近平访问越南发生的三件怪事！	Ga55E4Xndio
突发！美国豁免近半中国进口商品关税！习近平精准打击川普命门，贸易战再次烂尾！	xhjZmRo3pKg
中美金融战开打，美元美债美股遭到40多年最惨烈抛售！美国华人留学生被大量取消合法签证遣返，华裔绿卡、公民都将危险！大规模排华正在路上！	_lXbdgrn9hk
网友写的火爆长文：大的要来了！墙内中国人都该看看！	QnRQ1lHbdf0
突发！其他所有国家关税都暂停，唯独将中国关税再提高到125%！全球炸锅了！纳指暴涨12%	ngI6X-LsNiw
突发！中国对美国再加50%报复性关税，发起金融战！全面脱钩，中国外贸彻底死翘翘了！全球金融风暴刚刚开始！	AQ0tSdFmJ0M
突发！美国对东大加征104%关税！人民币崩跌破20年新低！	d0rVHbnDmjQ
最新！A股、港股崩盘暴跌！股灾才刚刚开始！中共为执政保合法性牺牲民生！关税战的高潮远没有到来！	ByVXv24anjY
真干起来了！中国对美国所有商品加征34%报复性关税，美股盘前大崩！川普会再加税吗？	zPumDd-qXDM
最新！股灾，美股接近熔断！美元指数塌方，全球抛售潮！美元不安全了？川普如何掐断50年来美元全球大循环？	pJ49YCRpuHI
美国灭世关税后，美元、美股、黄金、人民币、加密货币怎么走？方向基本清楚了！	wvqT_l5Eg_w
突发！详解美国对各国超预期加征关税！对中国再征34%关税，人民币应声而崩！美股日股要熔断！全球股灾正在路上！	78QJ7ZeiREQ
中国经济萧条得爹妈都不认识！北京上海广东实体都玩完.....	GtqRWH8n1XE
刚刚！黑色星期一！全球金融市场开崩！这轮金融危机或远超2008年！	WgUTxbjOY5g
突发！中字头金融巨头双双暴雷！信贷违约、房子断供刹不住车了！	TgND7mz7SQw
大泡泡突然破裂，意味着什么？不要错过这次阶层跃升的机会！	zvPwrVaEu0k
回应一下很多朋友关注的几个问题	gCZmcfzJjNQ
最新！中共撒谎被日本官方正式揭穿，老战狼王毅全世界丢脸！	8Rufdx7DApQ
突发！美国遣返4国53万合法移民！美国6所高校登记中国留学生信息！中国留学生、合法移民都危险了！居民、银行大破产的导火线被点燃了！	NGa5do4ZP-k
开年即出现返乡潮，失业潮加速！金球大崩盘所有指标齐了	kP0QZo5MYMk
最新！习近平丽江行的三大怪事！	GR3VqQQ9F1E
最新！德国修宪放开手脚扩军备战！英国宣布将出兵乌克兰！法国购买40架阵风核威慑俄罗斯！美国军火巨头慌了，和川普撇清关系！	c74AaPKssYA
突发！中国政府加税限制民众购买黄金，意欲何为？中美黄金大博弈，美元黄金必须二选一？	VHWkAfc_4cM
突发！美国对另外一国开战！杜鲁门号航母受到攻击！多国取消美国F35订单，欧洲军工涨价疯了！	Vr3WQMAjMXs
突发！台湾国政府重拳打击，又有两位喊武统的战狼网红下跪求饶！但还是被遣返回中国！	AyMcKoKdePY
突发！欧洲多国爆发历史最大游行示威浪潮！反独裁政权，反俄反美反川席卷欧洲！	mtQFu0G_ET0
最新！李嘉诚全球甩卖港口遭包帝痛批！台湾下决心清理木马，首次将中国列为境外敌人！德法终于把杀手锏武器给了乌克兰！	PjBn04xgRjc
赵乐际罕见未出席两会闭幕式，权斗失败？习近平的行为说明了一切！	GZArykouexI
突发！35国开会讨论出兵乌克兰，英法德日挑大梁，美国被撇开！美乌会谈如何了？全球大量取消订单，美国军工完蛋！川普帮马斯克推销汽车被骂惨！	MZtTib2TcSA
最新！美股黑色星期一，金融危机来了？中乌靠近，中俄离心，习皇三年白忙！背后的玄机在哪？特斯拉一天暴跌15%，两个月腰斩，马斯克首富难保！	jukfUGtAmRw
中国美女留学生在伦敦做坏事，栽赃给日人！全球爆火！	ksSuw4_8rZM
突发！星链出卖乌克兰部队坐标，帮俄罗斯攻击乌克兰！德国万亿欧元开始十大军工暴兵模式，对抗俄美！美俄中在匈牙利秘密军事结盟准备瓜分欧洲？欧洲F35都将被锁死！	sTBYYFhYTeo
全球华人圈最大瓜！前妻现场直播王志安丑行，王志安日本报警抓抑郁症前妻！王志安他爸是人贩子，他妈是买来的！	1YCBpdQoC8o
突发！美国多地特斯拉店铺被砸被占，股价腰斩，马斯克完蛋了！卢相马书记激烈争吵，川皇舍马保卢？波兰翻倍征兵要拥核武器，法国星链投入乌克兰，欧洲军工强势崛起！美国军工和马斯克帝国完蛋！	bBXhOlnbBCQ
人口雪崩超预期，楼市泡沫硬核学区房被彻底击碎！	brs29rhSf8M
突发！8千亿欧元重启欧洲战车！英法德乌拒绝所有和谈正式结盟！法国准备与俄罗斯开战！美国被踢出欧洲！俄罗斯解体倒计时！	Y4tOEojOO70
历史总是押韵前行！2025年关税致大萧条后是三战？深度对比1929年大萧条和关税法案后的二战！	cbkARvWPcVg
突发！美股崩盘式暴跌，全球股灾来了？有救了，1.7万亿欧元基金开始援乌！关税战升级，川普升级怼泽连斯基！欧洲17国空前团结，填补美国撤离欧洲后军事空白！	Wku-nIh9hvM
深入论证，为何川普任期内极可能发生最严重的金融危机！	j-XSmC_yR7E
突发！欧洲17国联合行动，英国将派空军地面部队援乌，英国丘吉尔统领欧洲取代美国成旗手！川普再次大收割，加密货币暴跌爆涨背后！巴菲特罕见痛批川普！	b8N30yc5A6I
突发！全球疯传！川普万斯和泽连斯基在白宫大吵谈崩了！川普万斯想羞辱小泽反被辱，恼羞成怒！（中文翻译字幕）	4ruQOpDK0Kw
突发！全球资产踩踏式抛售！美股亚股、加密货币开崩，黄金、人民币暴跌！全球金融危机来了吗？川普对中国再加关税，对欧盟开打贸易战！全球震动！	ANt_E1aeVVI
突发！美股加密货币黄金暴跌，全球最大资产抛售潮开始？习近平启动7万亿注定烂尾项目？宅基地全锁死，救楼市还是防社会动荡？	mWfutk5RLdU
突发！德国变天！乌克兰有救了！普京在欧洲翻船！	l8eR37ip4HU
突发！泽林斯基强势回击川普马斯克！称愿意辞职换取乌克兰加入北约！	xN_dbtYqGww
最新！美股暴跌，A股港股俄股疯涨，发生了什么？全球金融危机信号已出！人民币大反弹，什么点位换美元？东升西降真的来了吗？小心陷阱！(20250221第1466期)	01jJzYBWWxQ
最新！川普攻击泽林斯基是独裁者应下台引国际众怒，大V川粉秒变川黑！川普自称国王，白宫山呼万岁，三权分立彻底终结！美国各地反川游行风起云涌！美国人将发起二次革命推翻川家王朝？	7UYoUEEO9os
突发！多家外资巨头连夜拆生产线逃离！暴跌99%，40年来最重要的经济指标归零！中国经济悬崖崩塌......(20250218第1464期)	E4VJXD2tbcU
全球开启纸币的挤兑模式，信用货币时代的终结！(20250218第1462期)	kNk6CzbHmzg
最新！习近平接见民营企业巨头及行业全解析！习的意图昭然若揭！马云、梁文峰都在，李彦宏出局，什么原因？	fRsVjNSrn98
突发：身家数亿女民企老板被抄家抓捕，家产被抢，网上实名申冤！中共救民企骗局彻底破产！	6hR5ntVhwsE
空前镰刀大收割，一个都跑不了！崩盘越来越近了！	kD5DKUycvzM
最新！万斯的脸在慕尼黑被打肿！乌克兰拒绝美国投降方案，和欧盟计划组建安全部队！美国空前被孤立！王毅战狼再丢丑！(20250215第1461期)	9UVFRaXJsM4
李克强可能就是因为这个讲话视频丢了性命！	pGeV-OJRo_A
中共国又一个火爆视频打脸“法治国家”，成为全球笑柄！	B3uh-NdQ2Zc
突发！乌克兰被卖，普习做梦笑醒！俄股A股港股暴涨！乌克兰和欧盟的绝地反击！台湾要小心了！(20250213第1460期)	3Cd5P6RqWng
破天荒！发国债救濒临暴雷的万亿巨头！政府可能被拖下水！报警信号发出，注意全球资产闪崩时刻！(20250212第1460期)	z9bMk_vG8D8
爆火！广州老板破产负债6000多万离世，留下美丽妻子一人独自面对！惨烈的经济和乱世中的个人投资哲学！	-FcKiheY4IM
知名经济学家刘煜辉最新演讲：中美经济走势分析及资产价格的未来！(20250211第1459期)	EYQPBSqTzYs
黄金疯涨，还能上车吗？中国以公布数据10倍数量秘密购买黄金！人民币对美元的黄金战已经打响！推荐5款超火的黄金ETF！(20250210第1459期)	_CS6ra1gIOc
全球热议中国资产，真到了抄底的时候？深度分析陷阱和机会！(20250208第1426期)	d1dgTeSaHZQ
习近平亲自出场辟谣，海内外震惊！	GDyuL4pnE88
经济史上至今未决胜负的华山论剑！详解哈耶克和凯恩斯的世纪之战！	bu_aNyzjauM
最新！中国对美加征报复性关税，从征税细节看习近平的谨慎和顾虑！马期克彻底放飞自我！	NfgPS1lgvBg
突发！川普对中加墨三国开打关税战，人民币暴跌，美股黄金反应激烈！费城又坠机，美国3天3空难的背后！(20250131第1357期)	dDVwFMoJJjU
突发！黄金为何一飞冲天！美元停止降息，人民币麻烦了！美国15年最大空难背后的真相！(20250130第1356期)	7YrlS4kMgBY
铁证：又一个轰动世界的”汉芯“丑闻！深扒DEEPSEEK蒸馏抄袭造假丑闻始末！（20250129第1355期)	ZqFKqgxT_r4
刚刚，习近平给中国人拜年，又激怒了无数人！自己打脸！	XSnqntBEWaQ
深度：这才是股市赚钱的底层逻辑！	q8aA4ePIPns
突发，美股熔断式暴跌，百年AI大泡沫被中国一招戳破？美将在全国禁止中国人买房？已买的会被强迫卖掉？加征25%关税，全球吓了一跳！(20250126第1352期)	3XXHGgihlY0
重磅好文：2025年中国经济10问！（中英文字幕，25分钟）	gg_xGJnxTHk
中国集采和老年人灭减大计划！	QwKXOMCseDI
中国楼市中三拨人正在排长队！2025年看谁笑到最后！(20250125第1351期)	81ow5ik_C7Q
房地产税将在全国铺开！美国两党祭出25年最大对中贸易杀招！(20250123第1351期)	tIK3ZOr73VQ
习近平为何性格扭曲？其弟习远平讲述童年，揭示出真正原因！	Tu1msxGJW7U
又一个大城市房价腰斩了，无数人血本无归！	I4KOikIA_CU
中国医院倒闭潮加速！砍200多亿美元进口药只为了省外汇？民愤：麻药不睡血压不降泻药不泻(20250121第1341期)	m4dHSY4mmso
2025年墙内居民生存手册！(20250120第1350期)	mdO5uTtGA9I
最新！习煮席请群演演戏又穿帮了！	OQVY1j_dTLE
突发，中美关税大战不打了？五大因素，人民币暴涨800点！会到7 吗？什么点位换美元划算！(20240201第1147期)	RabaR_gd5qQ
重磅爆料：中共特种部队人员很可能已被空运至韩国并充当特警	zPgjlBpKHCc
最新：包帝大收割解决100万亿地方债？川普老婆也发币，川普币暴跌60%全球大收割！川普放生TIKTOK,即将访中！新华社高级黑习近平！(20250119第1350期)	Kny9WjT7CIE
突发！川普币暴涨150多倍，川普家族资产一夜翻3倍！割韭菜还是信仰？Tiktok在美国被全线下架！(20250118第1349期)	nGF-9pTa02A
又一万亿企业巨头暴雷！所有公立医院停止进口药的背后！(20250116第1348期)	J8Xbvp020Ws
刚公布的数据揭露中国经济真相！家庭和企业都无力回天！美国国债收益率暴涨释放的危险信号！(20250115第1347期)	s9Y8szz-1yM
Tiktok将被禁，美国用户疯狂涌入小书！美元人民币的生死搏杀！2025年或是卖房的最后机会！2026年会发生一件大事！(20250114第1346期)	EeA8B50Z_mw
都错了！经济学家高善文惹祸上身，是因为这个在国际会议上英文演讲视频！（中英文字幕）	myQ-WHR51sA
人民币挤兑黄金、美元开始了！通缩螺旋下惨烈的资产价格绞杀！这条路或是唯一的机会！(20250112第1345期)	A6bnkdenpoI
最新消息：李宜雪拼死发出的5分钟求救视频，请转发！	sjFCxkorqik
深挖一带一路“KK园区”的前世今生！习近平才是妙瓦底电诈园区的真正老板！(20250111第1345期)	bpdJDCc0pew
泰国警察用中文揭露中国官二代在泰国缅甸诈骗中国人被抖音封杀！	X_Z-vBY_UVo
我在洛杉矶所见到的大火！深度揭秘中共对格陵兰和巴拿马的渗透！川普为何要吞格陵兰加拿大巴拿马？(20250109第1344期)	-Ruvj1I1AkQ
两个指标报警，今年楼市逃命最后机会！中式经济危机愈演愈烈！人民币汇率躺平，很多人半生财富将成灰！(20250108第1345期)	BsyPKnshXgk
财经播报：1月8日全球最新财经新闻串烧！第2期	a0ofeWAM2zs
两万亿红色家族前国家副主席搬家式撤离中国！副厅级作家“当年明月”被精神病？被远洋捕捞？(20250107第1342期)	cYqk2utbC1A
2万字演讲刷屏！段永平浙大90分钟全视频访谈！火爆海内外网络！(20250106第1341期)	VjiJBTqD-R0
中共洗脑76年，被这个教授两分钟扒光底裤！中国人都应该看看这个视频！	ZtFRk0g5OTQ
财经播报：全球最新财经新闻串烧！第1期	wlOtntliL3A
股债汇三杀，更凶险的2025年来了！130万亿大暴跌，中国楼灾进行时，远超美国次贷危机！(20250102第1338期)	Y-M3sBgnRrY
知名经济学家许成钢最新劲爆演讲，从“制度基因”批判习氏极权统治必崩！墙内全网封杀！(20250101第1337期)	QCJ6EWj3hNo
为什么日本人发明了二维码，自己却不用？欧美也不用？中国人不知道其中的危险！	BwigXaxXsjA
6000万特权阶层打涨薪引民愤，国际热议！为刺激消费or害怕出李自成？习主席新年致辞满嘴谎言成国际笑话！2025年将会更加黑暗？(20241231第1336期)	mKubd33Kay0
网络爆火！香港清洁工大妈一句话让亿万粉红、人矿瞬间破防!	sfbQ5fIjz5k
巴菲特最经典的一次演讲，打开投资和财富之门！段永平看过10遍！(20241230第1335期)	IKwxN2kIak4
国际疯传：日企要撤资，老板被中共扣3个月！80多家上市公司被远洋捕捞！百姓怎么度过经济危机？Chinese government is arresting Japanese entrepreneurs	3AlROkgn1co
张维迎最经典演讲：捍卫自由！演讲疯传，已”被消失“！(20241227第1334期)	lrFP9N5klps
新年大礼！经济大师弗里德曼获诺奖现场演讲：通胀和失业率！90分钟中英文字幕！解释当前全球大放水、通胀和萧条的密码！(20241226第1333期)	d_dJ3_S2gpk
中产的孩子没有未来！被中国政府全网封杀的好文！(20241226第1332期)	yyTiwyrKFbs
突发：知名经济学家以汉武帝罪己诏讽习被封！习抓捕6名上将中将，发生了什么？暴跌75%，这块经济彻底坍塌！被割者揭李币骗局被踢，李颖方脸利用王志安诈骗！(20241225第1331期)	rI0MJlEUxSA
为何百年来美元坚挺，民币将暴贬？良心经济学家说出了底层逻辑！	LO6G5VSybKM
擦边女主播谈擦边！这姑娘的认知，绝对超过99%的墙里人！	v1vnHDPDlQg
离诺奖最近的华人经济学家，杨小凯最经典30分钟演讲：中国的后发劣势！20年后观点全部应验！(20241230第1330期)	kkGhuqGcjhE
穷疯了！两大行业开始大收割！万亿房企独苗要完！关门打狗，一二线城市扑街！全球数亿人呼吁释放李宜雪！(20241223第1330期)	450MOzdO7Sg
民间版2024年中国年度经济工作总结！已被全网封杀！	3e8hrE6MGoM
黄奇帆12月份最新演讲！说了不少真话！(20241221第1329期)	5UatMJwUNZg
全网封杀的付鹏2万字演讲视频保存在这里，见证中国经济的彻底崩盘！(20241220第1328期)	CXraXqAuPc0
突发！李老师、方脸启动千万美元收割机！疯狂套现后，“李币”暴跌90%即将归零！华人圈第二大巨骗现形(20241220第1328期)	AITSUlGtoU0
良心经济学家管清友7千字真话演讲！批判习氏大放水吹泡泡之恶果！这回真要被封杀了！请收藏！(20241219第1327期)	eBCYDl5rHnY
石国鹏打脸嘲笑美国历史短的小粉红，看看美国的文明如何秒杀中国3000年吃人的文化！	X37A6qhFzpc
全球关注：勇敢美丽江西女孩被警察侵犯，长视频揭露精神病院黑幕，现已失踪！请转发！	LLJzqiyu3aY
突发！美联储凶相毕露，全球四大资产开崩！人民币一落千丈，刹不住车！(20241218第1326期)	17XW08RxJxU
刚刚，习近平到访澳门，又闹了一个世界级的大笑话！	Cqv2ZG8IcuI
最新！医生腰斩式降薪潮席卷全国！国之重器暴跌让习煮席成为世界笑柄！末日大基建重启，民币变废纸！降息降准拉开大洪水序幕！(20240201第1147期)	uEMTzoUdo7E
付鹏又一劲爆演讲！全程23分钟真话，非常值得一听！(20241217第1325期)	erpuqeNc6So
黄奇帆40分钟精彩经济演讲，很多网站已封杀！值得一看！(20241214第1323期)	s8pOs2kSfg4
突发！两大新兴产业暴雷，外贸彻底完蛋！习总吹牛吹不下去了，A股港股暴跌！中共最新空前庞氏骗局出炉，千万不要买！(20241213第1322期)	y-UOBY4wAEc
年度必看视频！2024年诺贝尔经济学奖得主演讲：制度与繁荣（中文字幕）	wRm8MUiFW2Y
突发！民币明年将贬至8应对川普贸易战？又一条资金出海通道被切断，无数人损失惨重！沪深多地楼市暴涨，反弹OR反转？(20241211第1321期)	GabjSzw4aBQ
拿走不谢！被全网封杀的高善文演讲视频，长达一个多小时！(20240201第1320期)	1pA3xiSLaQg
中共三朝积累，习氏十年败光！这个敢说的经济学家已被封杀！	bYIuRq7ykJY
最新！高层大转向：2025年开始大洪水漫灌！楼市股市将暴涨？民币将暴跌？中国开撕英伟达，AI彻底完了！(20241209第1319期)	rl9mKZySYP4
为何中共政府70年不断打击民企？著名教授谈“以钱为基础的政权”和“以枪为基础的政权”的差别，逻辑说清楚了。	QL8XHNOMc_w
中国版巴菲特自我了结前6分钟视频，值得一听！	Z28p_l6IyX8
2025年超级印钞大招放出！央行已做好民币暴跌的准备！(20241206第1318期)	2CQ5nm9yb3E
穷人如何把下一代教育成穷二代，非常残酷的短纪录片！	MxCQSJL_F7g
最新：薄瓜瓜发长文给父母洗地轰动海内外！喊话习近平有何政治寓意？中国经济的三道鬼门关！(20241205第1317期)	NZLp7XEM4Ls
非常精彩！清华知名教授实地调研为何越南国穷民富，中国国富民穷！为何越南人权好！打脸习近平！经济学家付鹏和高善文自媒体都被封了！	ItkiSr3CpN0
精华版：所有的通气口都被关闭，中国2025年经济将自由落体！	9vXSDoZNm_M
最新：四大国出手四连击！东大所有外贸迂回渠道全被切断！一尊这回真把自己给玩死了！(20241204第1317期)	xnbrBl_Cb9A
网上爆红后，正在被封杀。中国外交丑态标志，王毅的战狼腔，被这个网友模仿得维妙维肖。	xC7RMzVbQRY
深度解读：经济学家高善文昨天的精彩演讲为何被全网封杀？有哪些猛料？惹恼了谁？(20241203第1316期)	rSydTQwHebw
突发！韩国总统尹锡悦戒严震动全球！民主向独裁转折？腐败还是中朝是动乱之源？(20241203第1315期)	LXEa20LKCYo
人民币崩了！提前还贷潮断崖下跌的背后！5000亿存款一个月搬光，去哪了？美国拒签1000多家中企赴美参展！楼市股市终极收割开始了！(20241202第1314期)	n2kJgps-tF8
最新消息：知名博主发视频讲经济惨淡现状，非常精彩。但被全网删除......	WDS5bWML3oE
突发！政府网监首次惨败，网民空前大胜！以缩短民众寿命来控通胀，中共又一奇招！2000万破产的中产去了哪里？(20241201第1312期)	EJiTuUZJrO0
最新！上海半年1.2万家企业倒闭？7成外企计划撤离中国，这几个国家做梦都笑醒！深度解读付鹏演讲刷屏的干货！(20241130第1311期)	xm1ofltCw9s
突发！巨头裁掉整个深圳公司引爆网络！跨国巨头遭抵制恐将撤离！深度解读：付鹏演讲刷屏，背后透露的经济信号让中共不安！(20241129第1310期)	VXaRj9stobs
习为何搞掉苗华？皆因苗华结党架空习？习家军释放解体信号，包帝众叛亲离成孤家寡人？董军落马的真正原因？(20241128第1308期)	T6BFPkyNSX8
突发！美国三巨头想撤离中国换汇被卡，全球聚焦中国对外资关门打狗！习氏后悔错过的罕见去美元机会！(20241124第1306期)	zjZAkZNZG-A
突发！满城店铺关门，各地对民企终极大收割开始！GDP增速减半？失业率到50%？普通人如何赚到1000万？(20241122第1306期)	JEe7YDp0rHw
知名教授演讲“中国政治经济学的底层逻辑”，揭示现有割韭菜体制下的经济本质！	MoX_84-1UW4
两大首富狗咬狗互撕，张一呜如何成为习煮席的夜壶！	rzzoJzAQ0oM
突发：马化腾封杀美国驻华大使馆引大麻烦！有护照有机票没用，出国需要派出所审查！中国经济加速崩溃！47人案将让香港陷入绝地！(20241120第1304期)	uNzmVVEKE0Y
习煮席在世界大会上三次丢丑！美国大规模包机遣返中国非法移民！美英法解禁乌克兰，俄罗斯本土危险了，普京讹诈失败！(20241119第1302期)	dXkwaQ76AnU
官方公布37%失业率震惊世界!年底前裁员潮更加凶猛！宜兴惨案背后，中国开启遍地献忠模式！(20241119第1311期)	nV6RXV8C44s
冷眼出镜现身说法：如何投资租售比超过12%的美国房产！旧房翻新后转手赚30万的秘密在哪里？(20241115第1310期)	mpKDo408JcA
楼市再放大招，为复苏再添火！消费暴跌65%，神仙难救！川普提名内阁人选引发巨大争议！卢比奥要小心了！(20241113第1310期)	1xWoDJ2Vhtc
习氏罕见批示“珠海事件”，殊不知自己才是祸根！川普加关税，民币破8大势已定！又倒抄底黄金时！(20241112第1309期)	kZmTyyjshS0
50万骑行大军冲击10多省秩序，多地警察开始镇压！大量退役军人、工人加入骑行让当局害怕！这是白纸运动后最大的政治运动！(20241110第1308期)	ZpeA6mUmmhw
50万亿大收割开始！6万亿化债不及预期，A股将迎黑色星期一？凤姐担忧被川普遣返回中国，政庇落空！知名律师带领大量非法华人移民联署，求川普放过不要遣返！(20241108第1307期)	Ss85yq4FHe4
楼市最大的暴击还是来了！美联储再降息25个基点中的川普因素！川普面临的经济难题！(20241107第1307期)	pEvhzartkuo
深挖川普上台的三大经济社会支撑点！川普当选，为何人民币、A股暴跌？黄金暴跌？台湾、乌克兰怎么办？(20241106第1306期)	mR3qaXq49pc
突发！美国多地戒备升级，防大选骚乱冲击！50%选民已提前投票，7大摇摆州快定了！明天投票日的极大看点！(20241104第1305期)	bIQE-GDh6UY
最新：美国大选最客观数据大解析！深红州开始翻蓝为何震动全美？贺锦丽吃定“蓝枪三州”抢北卡？川普最后的机会在哪里？(20241103第1304期)	E3cRHbcmPMM
体制内高官揭中共隐藏的天量债务，触目惊心！最新热点：中共副部级官员刘德华在台湾唱《中国人》引大外宣争议，应该驱逐出境？(20241102第1302期)	pi98hkeuZt8
数据说话：美国大选终极预测！联邦法官驳回请求，马一龙将把牢底坐穿？(20241101第1301期)	mmURXTov5j0
中国将10万亿大放水化债！为何美国大选后3天内公布？货币洪水下房价一定会涨吗？(20241030第1301期)	uvacIRpoo0M
10万亿大暴雷进行中！上海杭州广州万圣节，引发小半个中国的抗议浪潮！习近平多省调动军警！(20241028第1300期)	xn_rFRDgQBE
暴跌27%，中国工业彻底完了！暴涨12%，中国通胀完全失控！1万多久民企被各地公安敲诈陷绝境！(20241028第1299期)	5hW8ribOy7I
朱镕基去世秘不发丧？忠奸如何评说！沙白白去世前对母亲的控诉为何轰动网络！中共为何害怕国人去建国神社？(20241026第1298期)	7kwvQ6PWDYo
黄金疯涨，释放出什么报警信号？习近平和普京的黄金豪赌！金本位时代会重新降临吗？(20241025第1298期)	XAh6ZnOxGug
折腾4年，习近平还是割地了，9万平方公里送印度？深度解读，大金砖币和支付系统想绕开SWIFT系统，行吗？朝鲜出兵俄罗斯，中国将被再次拖下水？(20241024第1297期)	IVfnkKCYqe0
突发！头部金融巨头遭疯狂挤兑正在暴雷！中国金融危机黑天鹅或提前起飞！(20240201第1147期)	Q12RG3FaMFc
癫狂！楼市拼死爆拉开始了，抄底还是最后逃生门？又一全网民愤事件正在被封杀！(20241019第1296期)	hhIi-cX0uf8
民币暴跌，多少人错失最好的换汇机会！阶层跌落，是自然对基因的的有效筛选！(20241017第1295期)	R1O6vZdQKJw
最新：广东1500家核心企业将迁移四川？习近平开启大三线建设备战台海！视频揭秘，台湾战机将如何瞬间击毁广东上海！(20241016第1294期)	b_ATUcgs3Js
深度解析，经济诺奖获得者如何从根子上打脸习氏制度自信！出一个习近平不是偶然！中国经济塌方的必然性！为何饥荒都出在极权国家？(20241015第1293期)	UbrPlco6hSw
最新！习近平对富人海外资产动手了，一个都逃不了！中美共振，全球金融海啸要来了！(20241014第1292期)	wgaK2_hdXtw
强制回购，减持将以叛国罪论处？本轮弱反弹或是最后逃命波！讽习神作墙内疯传，正被全网封杀！(20241013第1291期)	Ef89xR9L37o
突发！全球瞩目的2万亿刺激会议放空炮！下周一恐将踩踏式抛售，千股跌停！习内部讲话泄露，承认经济政治接近崩溃，要采取非常措施！(20241001第1290期)	fpI1M1izzRo
伪中产的最后一舞！中共国又一丑闻引爆世界！(20241009第1290期)	ef4RfCnAR6U
大盘暴跌12%，股灾模式开启！各路资金疯狂套现，踩踏离场！千股跌停或即将到来！股灾后3个月谨慎出门！(20241009第1289期)	xE3C85TARhc
高层故伎重演！A股开始吃人，股灾的信号已经发出！150万亿最后的收割！外媒曝光胡锦涛被架走前三分钟刚披露的视频，栗战书和王沪宁......(20241007第1288期)	Q_PoG2or8TQ
海外爆火，赖总统又打中200斤七寸！红四代炫富巨额存款拖习下水！日本、华尔街警告A股将崩盘的逻辑判断！(20241005第1287期)	mwmwJuh56ko
任志强病危，女儿公开致信习近平轰动海内外！张欣潘石屹声援任志强！港股凶险，A股开盘会踩踏吗？温家宝跪舔习近平引众议！(202410031第1285期)	fUg0n0dlVYA
权贵资产锤死一搏大逃杀，韭菜卖车卖房勇接盘！人民币到这点事最后最好的换汇机会！上海出了个大献忠！(20240930第1284期)	vSejTo1JXDo
147万亿终极大收割，韭菜连根拔起永不再长！终极大通胀下，平民如何保命！(20240929第1283期)	UcKd5MdLarU
各地纷纷抓民营企业家要赎金！通缩和通胀的死亡螺旋正加速！(20240927第1283期)	e0yaL9V-FfE
拔网线，不让卖？上交所宕机背后的危险信号！金融巨头暴雷血亏导致拔网线？终极收割后，神州将白骨如山！(20240927第1282期)	JWcAzuQsvk4
无锚印钞想救一切，救股市救财政救6大行！换美元最后、最好的时机终于来了！刘鹤这次真出事了？(20240926第1281期)	Q5vEqFXCPG4
李强的“固本培元”经济政策让习近平极为不满！习氏疯狂印钞模式开启自我毁灭模式！包帝放两大招讨好底层意欲何为？(20240925第1281期)	tI3BgW06Z0k
习近平指示：无锚印钞拉股市！朱镕基划定的30年红线被突破，新股灾和恶性通胀开幕了！(20240924第1280期)	sRiQm-QGXy8
突发！多家日企世界500强紧急撤离中国，日本大规模撤侨！大放水，中国紧急降息降准降首付救经济！楼市股市救不了，恶性通胀会上天！官员、官二代极端仇日言论惹火上身！(20240923第1279期)	GLMyXUtBBCw
知名博主夸新西兰，引战狼围攻或遭封杀！ 1个月倒车幅度超过10年，经济彻底完蛋！美国将清理数百万中共木马！美国军援台湾创纪录，4大国结盟剿共！(20240922第1279期)	xSXdWjWQhWU
不玩了，两日本巨头紧急撤离中国！存贷双高，中企圈流行的掏空外汇储备新方法，要被封杀了！临时就业蓄水池爆了，失业率创历史新高！美联储降息，中国央行为何不跟？(20240921第1279期)	6TxH60ikysQ
突发：中朝翻脸，三胖指着200斤鼻子骂！外媒点名批评习近平是煽动仇恨的元凶！经济萧条下普通人生存的10条建议！7分钟告诉你，如何摆脱贫穷！(20240920第1278期)	cfspLyn1zMo
微信群疯传的习氏网文！习近平主治医生离奇去世引热议！千夫所指，中共紧急对日两大妥协！这回外资真要夺命而逃了！(20240919第1278期)	bd_--05y9Dw
深度解读：美元大幅降息50个基点背后的玄机！美股、黄金、A股、人民币会怎么走？(20240918第1277期)	xJD_jEbaEIQ
突发！数篇讨习檄文在墙内热传，内容激烈，大快人心！什么信号？(20240917第1276期)	gmWkUCGywxw
最新：40年大基建被6部门联合叫停！没有等来经济复苏，却等来绝望！中式债务危机席卷全国而来！(20240916第1276期)	9DUlqdgqn8k
靠员工借钱活下去！又有几个行业要扑街了！(20240915第1275期)	M4jyZt0ioGo
突发！两个异常火爆的视频正在被封杀！李彦宏违规吐露养老金绝密数据，麻烦了！8月经济、楼市双双加速下坠！高负债男子偷渡台湾引全球热议！(20240914第1274期）	tBVJUOa5rgY
延迟退休引亿万漫骂，一篇良心文章全网下架！不动声色收割数十万亿！英国驻华大使馆微博六四视频被封杀！(20240913第1273期)	Vpcg6SoxWZc
突发！某权贵之女实拍习近平国宴被封杀，视频全网下架！留日女海归找关系进体制后的悲惨遭遇，网络热议！30天内放15大灭共大招，美国人真的怒了！(20240912第1272期)	ZZqFydBfr-U
最新！30天内1000多上市公司高官辞职，他们究竟看到了什么？恐惧什么？广东江苏浙江富省财政断崖下崩，谁能阻止中国式债务危机爆发？(20240911第1271期)	yFdgdosk5jw
最新：川哈辩论结束，谁输谁赢？多方听证，最客观的深度分析来了！(20240911第1271期)	Q2gWTvQiQFo
突发：为阻习近平侵台，美国将公布、冻结中共权贵家族上十万亿美元！习家邓家陈家叶家王家都麻烦了！美国拔掉中共三大间谍外宣基地，中共通气口将彻底被堵死！(20240910第1271期)	SBwLFcVMi18
疯传！红二代微信痛骂习近平！大一统财政崩溃下经济绝境！中国将开启地方自治浪潮？(20240909第1270期)	oOQHXDRRHG4
深度：远超次贷危机的金融海啸来了吗？哪个泡泡将会是导火线？(20240907第1270期)	FH1Wc9LcdFo
银行自断一臂能救消费吗？降低存量放贷真的来了，方案详解！中国球迷毁三观言论火了！(20240906第1259期)	dVO9F2MpR9A
揭中国经济画皮：知名经济学家23分钟视频或将遭封杀！别嘲笑0:7，中国这些方面远不如男足！(20240905第1269期)	qrRg-ceERW4
最新！包帝大撒币升级，3600亿撒非州引民怨，海内外热议！美国驱逐中共高级外交官引全球轰动，中共会报复吗？(20240905第1267期)	Fyba0vHrVNo
突发！最后一根稻草压垮全球金融市场！揭秘高级美女共谍在美落网全过程！习氏又出洋相引全网怒怼！(20240903第1268期)	kJLSEYUfBBE
定了，中国央行开始大规模无锚印钞！38万亿资金保卫战打响，银行忍痛割肉！(20240831第1265期)	AIlq6zK8f20
收藏：海外资产配置操作大全！	EG0FbgHP7wM
习近平张又侠等会见沙利文，几个奇怪信号！各地成立“砸锅卖铁”办公室的背后！外贸塌方超预期，对美出口跌回21年前！翻脸？朝鲜封杀中国、香港影视剧！(20240829第1264期)	i9bkBJZbyqY
最新！中国高层对人民币汇率态度又变了！本轮民币升值的极限在哪？何时换汇合适？9条终身铭记的投资法则！(20240827第1264期)	5SF7VZG0PLY
突发！台湾巨头关闭中国14家实体，撤离！台资撤离潮或将到来！粉红张教官在美国生二胎被网曝，人设崩塌！(20240826第1263期)	K0RByHsEs7w
最新！跨国巨头紧急大裁员，将撤离中国？两月涨40%以上，恶性通胀露出獠牙！房屋养老金遇强阻力夭折？(20240826第1263期)	MriywRmvJJE
突袭！22大城市征收加强版房地产税！房屋养老金3项重税刷屏引民愤！深度解读：杀鸡取卵征税会有什么后果！(20240825第1262期)	N_KZU_vz17E
最新！中国出兵俄罗斯？两大国盟友背叛普京跳船支持乌克兰！习近平拖着政治局常委为普京陪葬！(20240824第1261期)	FTL5FLvpTX0
最新！习近平现身后极端产业政策与欧美同归于尽！美国再对中俄企业给与毁灭性打击！中国8月楼市更加危险！(20240823第1261期)	wmtxrq-haIg
高失业率下的烂尾楼和烂尾娃！习氏十年如何让经济溃不成军！大规模空袭莫斯科，切换俄电视信号，乌克兰绚丽大反击！普京穷途末路！(20240822第1261期)	9MfSWiq4PaQ
突发！两知名民运领袖在美国当中共间谍被捕！女作家一家跳机台湾被逐命运难料，全球紧急大营救！(20240821第1260期)	1XF2l2KIRQc
为何习“现身”后，传言更甚？苏习会谈两大诡异点无法解释！(20240819第1260期)	4LiTKOZl5KY
突发！习近平会见苏林直播被掐断，未发任何照片、视频引全球猜疑！习是否出事的几点判断！民运领袖认为习出事！今晚新闻联播要火！中国银行全面封杀俄罗斯！一线城市楼市彻底完蛋！(20240818第1259期)	j6QRRsH-d3M
实锤！中共统战部策划长荣桂冠酒店霸凌事件！全网热议：北京女大学生饿死在了西安出租屋！经济崩盘，民族主义散发恶臭！(20240817第1258期)	V8W6zLXafgQ
最新！中国印钞机熄火，全民金融躺平，更大的金融灾难不可避免！乌克兰攻入俄3州，占领俄领土3天翻倍，俄罗斯民众热烈欢迎！(20240817第1258期)	7kUkQxo80FI
突发！世卫最高警报拉响，金融市场波动，比新冠还猛的病毒蔓延全球！中国新冠爆发，广东上海重灾区！(20240817第1257期)	5XMADFX7B70
一个月内翻两倍，食品恶性通胀来了！崩了，15年内6000万大学生失业！600万买房定金不要也要违约，上海楼市跌进地狱！(20240815第1256期)	XKu3yVLYw_w
突发！4条线索为习出事添新证！天安门广场接近戒严！墙内网民热议7个小矮人消失！系统盘点习消失后的20件怪事！(20240814第1255期)	WMJkLkjyGLI
精彩绝伦！全视频：中共高官海外电视直播谈习氏独裁等敏感话题，急辩之下丑态百出引全球热议！无意透露秦刚最终结局！本视频可收藏！(20240813第1255期)	9aF4G4hlvR8
最新：5天后这件大事可彻底验证习近平是否出事！越南准备抛弃欧美倒向中共？创纪录：资本夺路而逃撤离中国越南！(20240812第1254期)	JcvM4T8YCjs
突发：普京做好逃离准备？乌克兰攻陷俄罗斯两个州，直扑莫斯科！中国央行暴击多头！必须这样才能阻止资产崩跌！(20240811第1253期)	Sqmtd_Om7pQ
深挖：习近平精神疾病到底多严重？已到影响决策、执政的地步了吗？习近平的创伤以及家族精神病史研究！(20240810第1252期)	gEZiDr0IzSg
突发！中共顶层权力结构巨变？深挖北戴河会议发生了什么！4条线索习近平处境！判断中朝处于断交边缘？(20240809第1251期)	I3biM5e0eUM
中共政府紧急全网封锁，这才是未来外贸创汇的最大黑马！乌克兰大规模进攻俄罗斯本土，普京吓得失态，向联合国喊冤！(20240808第1250期)(20240201第1147期)	9s0UY-lFqkw
房价全崩了！金融还要继续崩！(20240807第1249期)	bDFFvpHWnqs
最新：又一个良心学者被封杀！赵立坚老婆癌症晚期将去世，三条微博点燃全网怒火，被网友嘲讽谩骂！习近平又一个战友倒下了，数十亿美元被带走？（20240806第1248期)	KCOag7OK7aQ
突发大丑闻！中共体育官员在法国申请庇护？更大金融风浪在后头！外交部集体休假两周的信号！北戴河会议不同以往！(20240805第1247期)	8wPXPDNzxtc
突发！全球股灾！日韩股市多次熔断，美股台股A股比特币崩盘！全球最严重的金融危机或已开始！华裔科技巨头当内鬼替中共续命！体制内炮灰被大面积抛弃！(20240804第1246期)	TSKowIVlC1o
突发！两万亿金融帝国破产，超级红色家族被习家收割干净！国安将严惩对经济“嚼舌根”者！中国爆发新的致命病毒，恐慌蔓延！(20240803第1245期)	xg2pk9BdGP8
全球第二大资产泡沫破灭，全球资本市场血流成河！对中国经济致命一击来了！人民币暴涨1000点，换美元的天赐良机！(20240802第1244期)	Qs0cyL2l7qQ
经济已死秘不发丧！政治局开会紧急抢救！从这几方面看是彻底没戏！(20240731第1243期)	8106Ae5PQH4
深度剖析：中共强推网号网证引全民恐慌！目的是啥？恐慌点在哪？(20240730第1242期)	RO9p_DFdxRA
突发！四通桥事件在湖南重现，全球关注！该国百万民众上街抗议独裁暴政！中国奥运队再爆惊天丑闻，全球形象尽毁，奥运成绩惨淡！(20240730第1141期)	z-ZKTJxQ5iI
最新！各路资金夺路而逃，掀起4股海外投资热！中国奥运会上两大丑闻！(20240729第1240期)	gpxdqtzJr8c
习近平是否有事，关键看今晚是否出面见她！将民众银行存款转化为养老金，中国政府正在偷偷这么干！(20240728第1239期)	hKfS5SO7RdU
深挖：中信建投实习生炫富背后的中南海博弈！习近平的金融猛虎终于放出来，对顶级红色家族下手了！(20240727第1238期)	_piyMhKdVA8
习近平消失至今，三条线索指向两个结局！(20240726第1238期)	O10zBfkSBNM
突发：两跨国日资巨头关数厂清仓撤离，中日脱钩再掀薪高潮！中国失业潮有多疯狂？银行卡普遍限额冻卡的背后，银行破产潮的信号！(20240725第1237期)	U9Djv-RNPYU
突发！不交社保封手机号？限银行卡？霸王条款引恐慌！中共放权，地方政府可肆意加税，万亿附加税将开征！房地产税即将开征！美股开崩！(20240724第1236期)	HXA4YZL-R48
突发！4年来最大脱钩，日企巨头撤离中国投资美印！三中全会摧毁信心，资本市场崩跌！延迟退休引众怒，真正用意是什么？邻国民众抗暴引中共恐慌！(20240723第1235期)	-OJIwpmpsow
爆料！习家惊天贪腐再添新证，美国高调连续报道！两位前超级首富联袂充当白手套！不顾民币崩塌，中国紧急降息救经济！楼市抛售潮、断供潮此起彼伏！(20240722第1147期)	2KoorgXpgq8
中国艰难应对中美关系大拐点！滞胀时代持有这三样就够了！(20240722第1235期)	9dKLfEdFXcM
突发，拜登退选，川普为何愤怒？中国政府耍赖，找各种理由停止兑付地方债！三中全会开启加税新纪元！(20240721第1234)	EnJvg1DvlbI
最新！央视用习近平替身辟谣再穿帮？8个维度深度对比真假习近平异同！真正的习近平到底在哪里？(20240720第1233期)	LP-ei---E58
最新9大证据盘点，习近平到底有没有中风？快跑，全球第二大泡沫破灭！刚倒车就挂了，越南独裁者去世，越南人民真幸福！(20240719第1232期)	4pZZHseIFcE
深入解读：习近平为何没有出席三中全会闭幕式？新闻联播再次穿帮！两大信号指向习出问题！动手了，民营首付资产被盯上，鲸吞开始了？(20240719第1231期)	_G54MVzZ60I
深度：习近平是否中风，看这几点，关键看今晚！关门，两大行业从业人员限制出境！(20240717第1230期)	9ZwL5UWLqOo
历史首次：经济扛不住，同时降息降准，人民币完了？深度解读二季度经济数据：消费死透，楼市创9年最大跌幅！三中全会加速倒车，从吃饭到吃草，垃圾时间漫长！(20240716第1223期)	H-PgvUGD4ek
突发！世界公民法院审判习近平，并全球通缉！深挖川普遇袭事件背后主谋！谁受益？为何奴隶们会为主人着想？(20240714第1221期)	fPn83hnq6Cs
突发！北约32国发布中文公告，对习近平动手了，中共党卫军进入欧洲对抗北约！重庆罕见水灾拉开序幕，三峡和武汉都麻烦了！(20240712第1230期)	jw7R-8qtn7U
突发！揭黑油罐车英雄韩福涛被封号、消失，提问题的人被解决了！中粮放狂言，背后靠山浮出！中式无人驾驶，又一个世界笑话！失业的蓄水池垮坝了！(20240711第1229期)	82degBAsLo0
全网封杀：比油罐车混装更劲爆的事件爆发！习氏表态：处理不好不配执政！中国百城鹤岗化，白菜价房遍地！北上广深鹤岗化，楼市见底？(20240710第1228期)	DcWRji58n-Q
全民怒了：食品安全风暴席卷中国！中高端食用油、老干妈、酱油、奶粉全行业沦陷！海内外15亿华人人人自危！美国将就新冠向中国索赔18万亿美元？(20240709第1227)	CqUU9xwP994
深度：从近年中国科技对世界零贡献，论中国与世界脱钩的必然性！脱钩后中国的终局......(20240708第1226期)	gfEqBQkZP4c
突发！洞庭湖决堤，华容县2000多人遇难！全球媒体深挖决堤背后的人祸！技术官僚出局后遍地灾祸！大型银行暴雷再掀高潮！中产变无产的5条不归路！(20240707第1225期)	VbeH9BqgjTA
深挖内幕后的人祸：惨烈的洞庭湖溃口为何引习近平发声？公安部对“换美元党”出重手了！香港银行账户全报废？富豪收割数百亿后全家惊险逃到美国！(20240705第1147期)	MzQPstL2K4s
突发！5000亿规模银行暴雷！中国银行多米诺骨牌加速倒下！(20240705第1224期)	cDJr-dxKJUI
热搜：中金女金领被降薪、房贷压垮！要中产命的三个大坑！湖北湖南大洪水死伤惨重！(20240703第1223期)	YlW1g6mFlQU
深度解读：央行借国债卖空，大战金融赌徒的深层逻辑！失业率失控暴增40%，标杆倒了！人民币一泄如注无险可守！(20240702第1223期)	zGtDdMMPD14
深度解读：中国多地政府下场“收房”！医院出20万强买器官，家属不卖后爆料，全网爆了！制裁见效，中国火箭试验再次失败，网络疯传！(20240630第1222期)	CrJMTFucW_o
加征200%关税，中国最大贸易伙伴领头羊下死手了！俄罗斯越打越富？撕掉战争经济的遮羞布！(20240630第1147期)	azoGuGOiVNw
倒车加速：深度解读《农村集体经济组织法》三大绝后阴招！大量城市人口将在农村被锁死！越南政治改革急速倒退！下一个白眼狼？全球产业链面临再次转移！(20240629第1222期)	73Mpp7Wztws
日企为胡友平捐巨款！苏州禁止悼念胡友平！日资大幅加速撤离中国！退薪潮、退薪贷凶猛，这些行业人员正遭遇灭顶之灾！(20240628第1221期)	h1Y2o5EK0sY
突发！勇救一车日本孩子的女英雄胡友平去世，日本降半旗致哀！更多翻墙才知的真相在墙内疯狂，中国政府正在全网封杀！(20240627第1221期)	MV77-dIUjHA
最新！深入解读三中全会经济信号，十年经济歪路要“拨乱反正”？一天处理两国防部长，信息量巨大！(20240627第1220期)	0BYXwoe2JLg
官宣：中小银行关停潮来了！金融难民将呈几何级数增长！注意你的存款！(20240626第1220期)	KHlh2bJqyjA
深度分析黄金走势！手把手教你投资黄金，享受黄金增长盛宴！(20240625第1219期)	o3DN7Gf3nXQ
全网封杀：日本人在苏州被刺引全球关注！外国人、外资撤离中国将飞快加速！又一外资巨头撤离！韭菜刨根，楼市彻底玩完！(20240624第1218期)	z8erxM5dMmU
最新！南方洪灾恶化！长沙杭州安徽贵州告急！富豪将团灭？国企改革倒查30年，比查税还狠！第五大银行暴雷！中国央行大抄底，跟不跟？(20240624第1218期)	9HDtCXvm0_g
突发！人民币卢布境内外汇差两次赚4倍！中共政府3种办法洗剂290万亿！深挖2300亿美元顺差消失之谜！100多国围殴中俄，香港被欧盟彻底封杀！(20240623第1217期)	Ayr4FUMpSPM
股汇双杀，这次杀伤力巨大！人民币破7.5可期！石油美元终结的罗生门！全球各国资本疯狂外流，抢夺美元资产的背后！(20240621第1217期)	RfM9IsfSJSA
退金令！心机深远的金融浩劫！警税作战中心遍地开花，持枪抢钱的时代来了!(20240620第1216期)	q0SOm0It7Rw
突发！上万金融难民上街游行维权！二手房价格集体消失的背后，隐藏的大阴谋！赚钱最快的7条路！这7类人，没有最惨，只有更惨！(20240619第1216期)	IzZxDfNekkI
突发：上海地铁伤人引恐慌，事件全视频揭秘！又一个火爆行业被整垮！放50年后的债，收30年前的税到底有多狠？中美厄三国出击，走线彻底泡汤，最大通气口被堵！(20240618第1215期)	zmFxlenAv64
突发！广东洪灾死伤惨重，官媒掩盖，全网追查人祸真凶！北方大旱灾，无法阻止的粮食大减产和粮荒恐惧！掘地三尺追缴税款，企业和个人逼上绝路(20240618第1214期)	PlrbI7VWQ4k
税务倒查30年，各地名企纷纷倒下！火上浇油，企业倒闭潮、失业潮加速！最新数据：一线房价全线扑街，神仙也救不了！中国萧条30年提前！(20240617第1213期)	kPIyRbfzXH8
突变！中国政府对人民币贬值180度大拐弯，内在逻辑在哪里？为何中国大萧条无解！(20240615第1212期)	TPaxgLlO_gU
卢布崩盘变废纸，俄民众疯抢美元！人民币将火烧连营溃败？保卢布还是保人民币？G7围堵中国，日本先放大招！美国对中国4大银行动手了？(20240614第1147期)	OPb6FaBvKvQ
最新！账户有钱不买房被约谈，未来或将全国推行！楼市救市彻底失败！中共强制1200万人当特务！铁头撒尿致日本收紧对华签证，得罪全世界中国人无处可逃！(20240613第1211期)	R83oIMoUw08
突发！多地多家银行取款需派出所批准引恐慌，挤兑潮或上演！今年是最后润的机会！欧盟重锤痛击中国外贸，倒向美国！习近平安保奢华内幕惊呆全球！美元降息预期下降，全球震动！(20240612第1210期)	_sDBh_gGhNs
疯传：知名经济学家断定中国地方财政崩溃！系列数字就是依据！中共拒绝乌克兰和平峰会，损失几代人承担！(20240611第1209期)	jVV-2O1-yBk
突发！美国政府公布详细习近平贪腐资料，中美对抗再升级！刺伤4名美国教师的老粉红曝光！中国官方沉默和美国举国炸锅！外资外商或恐慌性撤离中国！美将宣布中国为战乱国？（20240610第1208期)	O4OwbNDCk8Q
突发！黑天鹅起飞，欧洲市场全线开崩，美元飙涨！美股大调整来了？中国经济气管正被掐断，银行业危机正在全线爆发！(20240610第1207期)	Gl7qW5EijcM
中美各放一大招，贵金属纷纷开崩！降息潮真的来了？普通人的机会在哪？(20240608第1206期)	MqMqRf8UfOs
可以不还房贷、零首付？中式次贷危机正在爆发！(20240606第1206期)	KAIeNIoy59U
首次披露：我的六四！楼市数据全揭秘，韭菜拼死跳坑！我在加州如何买到租售比12%的房子！(20240604第1205期)	IaD7VVDkA8I
中国楼市最大的雷终于来了！人民币变金圆券迈出决定性的一步！投资美国的也要注意！(20240601第1204期)	r4NmhV6u-Y8
突发！两家中资巨头紧急撤离俄罗斯，发生了什么？美欧联手掐断中国外贸最后气管，习近平李强盘算落空！央媒军事翻车，网民反了！30省市财政崩了，桑海例外！(20240601第1204期)	uH8TL_rd1S0
涨涨涨！恶性通胀冲击普通家庭！人民币如何买美国房产？习主席两个动作蠢哭全网！中国人终于知道该如何抗争了！(20240531第1203期)	kie0F7479cs
突发！又一个超级富豪跑了！断供潮下，银行不要房子了！央视辟谣养老金见底火上浇油！入境查手机提前，什么信号？(20240530第1202期)	x4Bme55OYBA
经济崩盘引发社会全面崩溃！中共疲于应付灰头土脸！两大信号，习氏右转？(20240528第1202期)	RNJYthzzmYE
为何围台军演草草收场？台湾锁定全部中国飞机、舰艇！“最安全”资产张开獠牙收割，散户集体翻车！20年经济的三大周期走到头！(20240525第1201期)	98JSOF9LDVo
20年3次救市，数据说话，这次必败！房价将继续下坠不见底！中共围台军演震动全球，台湾模拟导弹打击三峡？斩首中南海？6个理由，台湾有多难打！(20240524第1200期)	XR7g4Rg6owo
关门打狗！香港开始限制资金转出！消费雪崩，全球降级！中国资产失速下坠！(20240522第1199期)	7Tvj7nXA-g0
立法会冲突愈演愈烈！台湾太阳花运动2.0版开启！台湾立法会集权背后的中共黑手！（20240521第1198期)	TjGWiVqgvFo
拼了！四大王炸救市！楼市开启最后一轮收割！信用货币的死敌，上帝货币王者归来！(20240517第1198期)	deUuMVALyWU
中俄发表结盟联合声明，盟约最全解读！中国获得日本海出海口，意欲何为？俄文将推广！习近平派最高女性官员接机寓意！(20240516第1197期)	KJP6BzHfh8E
普京即将访华轴心结盟，美国突然把中共国往死里打！放水终极大杀器祭出，民币彻底要死了，通胀终将失控！清华院长：俄乌战争败光中国最后国运！废掉抖音，全民捂嘴！(20240514第1196期)	3LyLb9XGoRk
南通校车事件点燃民愤，维稳远超梅州！基建维护高峰到来，还有多少人命要填坑！福州一把手紧急换人玄机，高官群趴不堪入目视频流出！(20240511第1195期)	9OqX7A_to8s
突发！金融巨头跑路，100多名亿万富豪被收割！拜登对中国下死手，第二次贸易战来了！深挖彭丽媛的六四污点！张维为栽了！(20240510第1194期)	ORx5pRfdULo
系统分析：人民币、缅A缅港反弹后如何走？外资真的抄底中国资产？不要被骗！(20240509第1194期)	JKGyQYuIurQ
习主席出访笑料百出！架走胡锦涛者成习跟前红人！前4月外贸数据公布，越南荷兰数据玄机不一般！历史上平民大多绝后的真相！(20240509第1193期)	swRXydyTTrM
最新！习近平访问法国遭下马威！彭丽媛出任军委要职，权力超江青！习氏家天下成型！(20240505第1192期)	dKrXuYCFNbs
胖猫事件如何偷偷转移梅州热点？40年基建狂魔的报应来了，这些地方要远离！涨涨涨，又一个行业涨疯，大通胀来势汹汹！(20240504第1191期)	IdcCMRXuo_I
中国新国安法将实施，出入境都危险了！暴富与赤贫，科技股、黄金、白银、铜大比拼！(20240502第1190期)	P8abd2QiQqU
最新！梅大高速惨烈事件另有隐情？从墙国弃儿到美国士兵，这才是真男人！美联储不装了，市场死相败露！(20240501第1189期)	k_FmgItH0Cg
政治局定调楼市去库存！涨价？无锚印钞？楼市股市开始走强了吗？放开私人买地建房！机会or陷井？(20240201第1147期)	4C06w93fGQM
又一外资巨头跑路，这个行业完蛋！深挖中共对特斯拉的“养套杀”！魔幻！华为车3名受害者家属被迫退网，向华为道歉！“新五反”杀气腾腾，想干啥？(20240429第1188期)	h5xgs11PErE
习布会前习近平被偷拍视频疯传，信息量大！美方捅出会谈内容，网友疯转！中美谈崩，中国错失最后自救机会！第一家银行倒闭，第二波倒闭潮要来了？(20240427第1187期)	s8VRwEmPUn4
全网封杀，陕西老师喊话习主席借钱买房！三人统一着装出行将被抓？信号发出，50年一遇的大滞胀来了！(20240425第1187期)	ZoxVT9I5uzE
定了，中国开始无锚印钞，民币爆贬和恶性通胀不远了！美在中周边布署中程导弹，瞄准中国！布林肯访华，中国20年内最后自救的机会！美股崩了，不要抄底！(20240424第1186期)	iPF1g30T-EY
最新！美国要对四大国有银行动手了，美元供应将切断？布林肯抵京，美国给中国最后机会！股指暴跌99.5%，该国崩盘！黄金大调整，可入场吗？(20240423第1185期)	EEBaZRoxFog
非税收入破万亿创历史新高！再放两大招，企业和家庭被赶尽杀绝！财政塌方后，几只黑手伸进了百姓的口袋！(20240422第1185期)	IqYdaS6WTVI
广东特大洪灾到底多惨烈？中国政府尽力淡化！更大的灾难在等着广东人！驻美大使谢锋狼狈丢人哈佛行，拖人的小粉红被深扒！布林肯访华为何？美国通过援乌援台法案，邪恶轴心害怕了！(20240421第1184期)	ehzUEbmDAQI
以色列巡航导弹闪击伊朗、伊拉克、叙利亚（附现场视频），第六次中东战争爆发！全球金融市场闪崩！习近平李强再放大招抢劫，强制以旧换新引民愤！(20240418第1183期)	-nwxWMI-WCQ
中国六大国有银行发出暴雷预警！中国数据造假刷屏，遭全网网民嘲讽！耶伦要求中共政府增加中低收入者工资，为何遭国人唾骂？(20240417第1182期)	VNZEnAGMGZk
两条跨境汇款通道被封堵！以色列要反击伊朗为何弄崩全球巿场？美债美股崩跌！中国400公斤黄金大劫案，内情如何？中国第一季度经济数据详解！(20240415第1181期)	2mZ-WDDy7Wg
涨！涨！涨！300万亿货币洪水失控，涌向民生物资领域！中国恶性通胀初露端倪！中共政府全面打击走线，4大原因剖析！(20240414第1181期)	JtPDHzpZsK4
发生了什么？黄金、美股、加密货币暴跌，全球恐慌！伊朗以色列周末开战？黄金，趋势逆转or上车机会？万科高层纷纷被抓，完了？(20240412第1180期)	IDODlpGJGNA
二手房市场全面瘫痪！中国限制黄金投资再出重锤，调整就是上车机会？时隔三年马云发文暗射习近平！中国主权性用再受重击！(20240410第1180期)	c7MB-gW9Sv8
最新！世界500强中资金融巨头暴雷！镰刀收割富人，金融难民维权遭镇压！地产塌陷正在拖垮大批银行！(20240409第1179期)	io9Bqch7oPM
最新！俄外长访华，要三样东西！数十名华人雇佣兵被俄当炮灰，幸存者伸冤！证据确凿，北约要对中俄伊朝轴心动手？美将切断中资银行美元供应！(20240408第1178)	SFDUGcu9XD0
打境外电话被喝茶成热点，1984社会越来越恐怖了！耶伦访华背后，习近平的如意算盘！中共将产品倾销当做进攻西方的武器！(20240407第1178期)	QMeurSy0QUc
涨疯了，都在买！美元不降息对全球资产影响分析！美股要开崩？4个建议任取一个都能致富！(20240405第1177期)	gkPy3wazRPw
突发！美国情报：伊朗24小时内袭击以色列！石油黄金美元会如何？伊以战争会引发金融海啸吗？美国经济的症结，左右为难！(20240404第1176期)	ruz7MUVBWQM
突发，中国政府限制民众买黄金，实名登记为以后查抄作准备？上海深圳多城现抢房潮，起死回生还是回光返照？能抄“底”吗？中国经济的下跌中继！(20240402第1175期)	33cV34JzCVI
大型银行暴雷拒绝储户提款！工行发现假黄金！中国假黄金、问题美元频现！又一美资巨头撤离！银行不敢公开的断供数据！中共加密货币援俄200亿刀？(20240330第1174期)	6vbO7QszA9M
全球资金涌向3处！黑天鹅真的要来了？(20240329第1173期)	BSzur_GtEXE
只有四个穷国行乞博鳌，习近平不指明方向了？习近平下令无锚印钞?为何说中国必将无锚印钞，但不是现在？多家中资银行拒收俄资金！(20240328第1172期)	u8QjxTb17es
合作多年，非常可靠，帮100多个家庭实现了移民北美的梦想！	DOvvlBugK8E
银行、保险陪葬地产成定局！深度解读万达162亿股权冻结！放开限购无用？深圳踝斩！万科绝境！纪念哈耶克：市场和自由的斗士(20240325第1171期)	1nA8el_LRCM
习近平李强盲人骑瞎马，经济进入死亡螺旋！经济危机正在爆发，中产和穷人怎么办？天量债务烂账谁买单？(20240323第1170期)	mZqboogeK2s
保险巨头全要完？耍赖修改《保险法》，全都不陪？赶紧退保！人民币暴跌400点，300万亿洪水来了！上海点燃导火索，苹果是下个农夫山泉？全省国企暴雷？(20240321第1169期)	BA1_hdCSgL4
终极分析：日元加息影响几何？为何日元不升反跌？(20240319第1169期)	IJ8OORQQ37Q
最新！超级外资巨头砸锅卖铁撤离，中南海喊话留不住！留在中国的外资将失去世界！产科关停潮，人口危机加速！(20240319第1169期)	0FqaKJUPl-U
女兵炫耀父亲镇压六四引风波，赶紧封杀！日本加息将如何酝酿金融海啸？又救了两个，少亏数百万！(20240318第1168期)	-fY0mg_1POM
重磅！川普曾安排大量特工搞乱中共国，开启民智！中国三省现大量俄文路牌！普通人一生只顶住一样东西即可！国人买爆日韩楼市！(20240315第1167期)	h0hoQyLQ7e4
习皇会上表情痛苦，要完？男子开车冲击中南海，女记者冲击人大发布会，诡异！武汉南京核心区房价腰斩！A股卖出键放开，大瀑布？12家银行救万科，对决穆迪？(20240313第1166期)	M9asTk1OFTU
港币危险，资金尽快转出！香港多家银行10%高利息揽储美元，韭菜纷纷入坑！中国央行连续16月狂买黄金，背后三大原因不为外人道！中俄去美元化能成？黄金创新高，大时代来临？(20240311第1166期)	zTvOitZP5S4
收藏5000字干货视频，网络疯传的资产配置大全详解(20240311第1165期)	vZ-r2AhwF_A
最新！工行紧急撤离美国，三大原因细思极恐！农夫山泉被网曝近破产！比亚迪王传福被实名举报！文革再起，中共煽动民粹掩饰什么？ 英伟达吃人，美股真见顶了？(20240309第1165期)	ebq3GXqIGcY
多家银行巨头抽贷补刀万科，万科拖深圳国资委和保险巨头垫背！鱼死网破的结局不可避免。深入解读埃及货币暴跌40%崩盘 ，人民币会加入货币崩盘六国行列？(20240307第1163期)	j9mKFQawy1I
狗急跳墙！战狼王毅5问美国之疯狂惊呆全球！取消英语、不生罚款、卖淫合法？中共间谍偷谷歌AI技术震惊美国！ 从两会看习近平的穷途末路！(20240307第1162期)	E8HNm_BDW0E
存款强制够地方债将启动？ 四大行的挤兑为期不远了！两会李强巧妙甩锅习近平，习被耍得最狠的一次！(20240305第1161期)	74b7MUAyz_M
7大热门资产大比拼，投资这个可弥补楼市股市亏损？取消李强答记者问引舆论海啸，内幕三大原因爆光！(20240304第1160期)	ompdIpmjOag
重磅！租金要打入政府监管账户，抢钱？各大银行大规模限制转账，内幕曝光！两会重点政经话题剖析！养老金见底和延迟退休，普通人如何下赢这盘大棋！(20240302第1159期)	uOedD4sFXRk
习李喊话稳外资失灵，美欧同时对中俄放杀招！债务失控，无锚印钞要开启？囤黄绿二无正当时！(20240229第1158期)	CyHhdzZFmW0
中国年轻人为何疯抢黄金？ 1月法拍屋暴增50%，断供潮加速！北上广深放开限购？工具箱见底！美国商业地产崩了！（20240228第1158期）	9OzMUBFH-QM
“以刑化债”上热搜，会全国推广吗？又一大省财政崩盘！中财委异想天开，经济雪上加霜？深证业主集体断供，要造反？（20240226第1157期）	bdcziAm8-z4
A股、美股都要跑吗？时代结束还是周期消涨?中美大趋势反向的背后！中美资产价值的重估和投资选择！（20240224第1156期）	HwHaDDNMq4g
掩盖不住，西南三省火灾失控 ！日本间谍放火流言四起！是天谴？ 官二代回国见闻震惊海外，中国经济崩溃，加速回归1984社会！！(20240223第1155期)	kMZ_Zx2d-Ck
空前降息救楼市救经济，中小银行或迎来倒闭潮！多地楼市踝斩60%，一二月份加速下跌！渔民事件导致台海战争预期升温，导火线？（20240221第1154期）	RtSDOa-tYWk
这个大瓜被封杀！中国经济的3个归零和内循环孤岛！消费的回光返照！习近平孤注一掷的倾销和美国的围追堵截！（20240219第1153期）	jsplBdCzULw
外商投资崩盘跌至31年前！一线城市80%中产家庭资产变负，正在破产！湖南思想解放玄机，引蛇出洞？沈晓明恣意妄为还是习授意？习氏政经绝境后的自救？全球躲避中国资产瘟神！(20240218第1152期)	DiDXgSH-Dq4
又一排名前列的省会房价腰斩！强推白名单救楼市，五大行将被拖垮？赵安吉之死的玄机和恒大美元债！又一华尔街大佬和中共决裂，发誓不踏入中国和香港！(20240217第1151期)	9YQXpy5MuKc
不能出国的年轻人，他们的出路在哪里？几点中肯的建议！(20240214第1150期)	w23yiTd2ITY
为何说1:23才是人民币真实汇率！2024年民币会贬到何处？300万亿货币洪水有多恐怖？闲聊春节有趣的事！(20240212第1149期)	cUnVelNHxSs
美国提前应对2024年中国金融海啸！证监会紧急换帅！(20240207第1147期)	isIwvwQ5c4I
多省罕见冰灾，上亿人堵在路上陷险境，政府为何不作为？中央偷偷“一刀切”禁止机构卖股票，更大的暴跌还没来！4亿中产的覆灭！集中力量办大事后，14亿人背债数十年！(20240206第1146期)	_k6JNHiCfOY
股灾9年后再现千股跌停，股市大V巨亏后痛骂习近平被抓,，金融危机将动摇中共根基？楼灾股灾迎2024！30年大收割周期刚刚开始！(20240205第1145期)	f7KSiIituPk
跌穿2700，股灾引民愤，习氏受攻击！肥猪闯进瓷器店，盘点10年习近平搞砸的中国经济！美国经济好到爆表，不降息为引爆中国？养老金6万亿结余引热议，今年大面积停发？(20240202第1044期)	NRmU_EKNivs
玄机多多，2023财政数据全解读！为何说2024年为财政全方位塌方元年？    上海广州苏州缴械投降，最后王炸后，楼市自由落体！(20240201第1043期)	iUTtL3Jm_EY
3大金融事件共振！一线城市4折清仓式抛售！ 周末两大措施救市，股市继续雪崩！ 恒大清盘何解？黄金投资的历史性大机遇来了？(20240129第1142期)	EG3lP7KyOB8
中央撒手不管 地方楼市自由落体？  各大消费彻底崩盘，不装了！(20240126第1141期)	qVeNu1IaWsY
王志安引台湾公愤，台日推友合作，日议员要阻止其入籍！ 王志安会被遣返吗？赞助商纷纷退出，《夜夜秀》要关门！超级放水救股市，最后逃生门！(20240124第1140期)	i4WJlaNgjiQ
数十万亿巨头骨折抛售中国震动全球！英国8只小粉红上全球头条，深挖背景相当不简单！股灾才刚开始，反弹就是逃命波？诺奖得主识中国大萧条会祸害世界每个人？(20240122第1139期)	Ka3ipfj1Nkg
两大昏招：限制卖股、限制做空，人人自危，股灾还是止跌？又一数万亿美资巨头撤离中国！12省基建被叫停，地方债务危机藏不住了！(20240119第1138期)	aJdawFPzaq0
A股踩踏式抛售击穿2800点，2015年股灾重现！港股持续暴跌！李强多项经济数据造假是导火线？这才是大萧条！最宽的资金出境通道将关闭！著名经济学家逃离中国(20240117第1137期)	dsNqqdKDwog
深圳5000亿金融大雷引爆，无数家庭血本无归！深圳楼市加速下跌会引爆全国吗？2023年出口扑街，7年之最，释放信号不一般 ！繁花落幕 ，关灯吃面！(20240115第1136期)	QtA-4c-Wkgw
美联储给中国经济致命一棍？中国大萧条会出现的11大现象，惨不忍睹！亏光首付的房奴和炒房客如何过冬？(20240111第1135期)	9P2GInrdqXE
万亿金融巨头破产，多少池鱼遭殃！股灾式暴跌背后，跨国资金出逃多疯狂！   台湾朋友投谁？请看这15点！ 钞离柜 汇离境，应对资产坍塌(20240109第1134期)	VhaISUCps9c
2024年经济挨第一记重锤，真正的企业倒闭潮、失业潮开启！14万亿财政打水漂，谁负责？货币乘数坍塌下的双通缩螺旋     如何凌迟中国经济和企业？(20240105第1133期)	Obvcu4Eh-Q8
刚刚发生的4件事标志中国加速下坠！世界工厂遗址已成定局！肉身和财富最后翻墙的一年 ，谁将为习氏的破釜沉舟殉葬？(20240102第1131期)	H1_c2iVSQOc
第一大民营金融巨头开启国有化？招行的雷终于遮不住了， 央企国企超发工资及社保将追索！又一条换汇渠道被堵！(20231230第1130期)	AKqYGRFeX6w
社保基数暴涨50%，1700万人受灾！社保炒股巨亏1300多亿，怪美国！国殇：进口药叫停，中药注射替代！数据泄露，2023中国出生率雪崩！精明的人该如何养老？(20231227第1129期)	Yr4TdMx_6aE
一张A4纸，暴跌2万亿，谁是大空头？习近平又搞垮一个行业！ 中共暴击娱乐游戏行业的阴谋！所有经济问题，本质不在经济上！(20231222第1128期)	hVohYDsccQ0
又一巨头爆雷，数十万人倾家荡产！ 平安银行导火线点燃？动手了，中国全方位打击跨国汇款，你的钱还出得来吗？(20231221第1127期)	q8aa4sBIMYM
工行建行开崩，四大行存款也不安全了！中国各大银行转款受限引恐慌 ！ 警察随意查封账户扣款引热议(20231218第1126期)	SumLF2GCU54
北京地铁断裂的伤亡真相，官方极力封杀！不交医保将影响子女就业，死亡税率下的崩溃的企业和家庭！(20231217第1125期)	hGmReQ6hFlw
北京财政枯竭？两件事现端倪！全省体制内人员大幅降薪？该省火了！ 感谢央妈发福利，人民币暴力反弹的原因找到！ 人民币明年大概率破8的内在逻辑 (20231214第1125期)	ZLiGtQHoeDI
中央经济工作会议再出昏招！5万亿外资巨头要跑路？死亡螺旋，楼市加速下跌加速抛售！唱响“中国经济光明”有用吗？(20231212第1123期)	trtHzomNhmk
核酸、健康码、疫苗全部重启，墙内恐慌快速蔓延！穆迪下调中国信用评级    ，中国股汇债楼下杀加速!(20231205第1122期)	HVsHjXerkE4
紧急向政府求救，5万亿规模大型银行暴雷 ！习近平化解金融危机努力失败 ，一切都是命定！ 中国将成下一场金融风暴中心吗？(20231201第1121期)	4Q4DUevrDMg
紧急向政府求救，5万亿规模大型银行暴雷 ！习近平化解金融危机努力失败 ，一切都是命定！ 中国将成下一场金融风暴中心吗？(20231201第1121期)	dwi4iBeDPwo
深圳房价暴跌六七成? 最后卖房逃命的机会! 进群，众多大佬给你指条生路!(20231130第1120期)	EQ0eMZXfxoc
故伎重演，中共向世界扩散支原体肺炎新病毒？未来20年最危险的8大行业!(20231127第1119期)	Qgekk4u0P8Y
深度：吹响集结号， 哪些国家在等着分食中国巨鲸？(20231125第1118期)	KGET-iGlne8
两大昏招，银行系统加速雷暴 ！地产、银行铁索连舟，火烧连营将至？加强版次贷危机将席卷全球？(20231123第1117期)	8TlR9N6Z9yE
中国爆发支原体肺炎，京津多地医疗资源濒临崩溃！未来20年最危险的8大行业，碰者资产将被清缴干净！(20231122第1116期)	n28vZOvCNX8
又一万亿美元巨头撤离，中国二手房东和跨国巨头夺命抛售房子！网红情侣烂尾楼维权被打上头条，2000万套烂尾楼将冲击政权稳定？(20231118第1115期)	GUllVX2KJJk
中国社会崩溃7大条件，实现了几个？经济崩盘后必然出现的5大现象！(20231115第1114期)	TRK_PfQnIBU
反共力量大集结，旧金山变火药桶！习、拜会各自打的小算盘！数据风暴，楼市继续普跌，谁将是案板上的肉！(20231113第1113期)	cWeOxpzZbIw
深圳楼市踩踏式抛售！给无法移民的人11点建议！(20231109第1112期)	FSrgvYAlc88
两大数据震惊全球，外商投资25年来首次为负数！外资大量转移多年在华利润，害怕什么？ 包帝带“刀把子”会见枫桥代表，枫桥经验为何让人心惊肉跳？ (20231107第1111期)	oR7O3scKLlc
抛售潮、断供潮叠加提速，法拍屋暴增冲击二手房市场！深圳国资委替万科站台打气，万科暴雷将给楼市致命一击？(20231106第1110期)	8jt1ZQTTg6E
最新！两家8万亿美元巨头紧急撤离，中国国安威胁抓捕做空者适得其反！抓紧人民币反弹机会换美元？最终回到1:10吗？手把手教你如何翻墙转移资产！(20231105第1109期)	LHONzb78HV8
李克强遗体告别会三大不寻常，程虹一个动作引全世界关注！逃走还是战斗？14亿人要二选一！楼市最后的定海神针要塌？今年深圳买房者血亏套牢！(20231102第1107期)	Gf-N1VYW6Vs
新华社记者发公开信要求尸检！不搞追悼会，李克强灵堂简陋夫人一夜苍老！习氏要匆匆火化遗体，全国民众不答应！大降34%，外资疯狂逃离！青年失业率飙升到40%(20231031第1106期)	bK7BcJ1Rw2k
20多城爆发悼念李克强运动，习近平严防死守北京防动乱，地铁禁戴白花！零星证据拼凑李被谋害全过程，李克强家人要求尸检？(20231029第1105期)	3NKs5PM0_hA
深扒李克强死亡之谜！中共国的有产者集体覆灭开始！李克强去世引发移民潮！(20231027第1103期)	bkwTMX_wNgs
处处是雷，460万亿债务全景扫描！杯水车薪式抢救，无法阻止崩盘！(20231025第1102期)	rSG7kDm3uOI
自废武功，中国经济又一引擎被斩！移民指数搜索暴增10倍后被封，打压富士康的后果远超想象！ (20231023第1111期)	dhGmmGwagEg
败光，一带一路投资大缩水，成拖垮中国经济最后的稻草？华尔街警告不要抄底A股，中国资产崩溃才刚开始？(20231020第1100期)	Qu1uTb03aWg
最新宏观数据解析！高层终于要下猛药了，数字货币化是狼来了？(20231018第1110期)	xlDMItIRRBg
3大金融事件，释放4个维度重磅信号！网络热议，人空前金融危机将爆发？(20231017第1108期)	qkoKTg0MZXk
比恒大大4倍的雷炸了，一切都命中注定，无力回天！(20231015第1107期)	p16ZquF02bw
开始救四大行，4000多家中小银行或率先投降！这个坑挖得大，无数人正在跳！(20231006第1106期)	9p1RoA_9Gd0
全球关注：中国政府疯狂发行特殊再融资债券，中国债务危机临界点到了吗？大印钞能救一切吗？在以色列消失的多名中国人， 有谁关注？    (20231010第1105期)	kGcFkT4jMAk
习近平点燃世界火药桶？第六次中东战争爆发？习近平台海开战的时机到了？(20231007第1105期)	HHsOTKk2a0Y
一大金融事件发生，释放重大信号！一条明路就在眼前 (20231006第1104期)	njj6rsnKwV8
深挖许家印马云潘石屹多种转移资产手法，普通人也可以借鉴！23家国企成立人武部，四大目的！两运动员拥抱“64”，图片被封杀   (20231003第1103期)	IjDAeZD82kU
揭秘许家印转移资产手法！习近平将对这几个大佬动手？你必须知道的楼市数据真相，再不卖就来不及了！(20230929第1102期)	mCFJ2go1nwQ
许家印被控制，碧桂园恶性裁员！房价跌50%后，51%中国家庭将破产？ 养老金减半，多少人一辈子白忙！再不走来不及了   (20230927第1100期)	Qgwd8CxSduU
中美成立工作组，美资先撤达成一致？肉身在内，赚钱在外的人 ，开始被大收割！翻墙看油管推特的人小心了 ！东南沿海公务员停薪成常态？财政崩盘下没有冤死鬼！ (20230925第1099期)	qOVWShKldoU
最新！央行或跳贬人民币，将外资肉烂在锅里！用14亿人储蓄为城投债兜底？央行印钞置换城投债？ 无锚印钞不怕恶性通胀、民币雪崩吗？为何杭州外宾可无限制换美元？(20230922第1098期)	dgFEaxQlvV4
民币真实汇率已到7.6？墙内疯抢黄金,黄金内外价差释放的危机信号!中国楼市和美国债务，两大火药桶 (20230921第1098期)	DYkmHlZqppE
负债万亿巨头申请破产保护！中国2.5万亿美元债全违约后果如何？次贷危机会重现吗？过度凯恩斯主义致经济癌症晚期！(20230919第1097期)	2Pz735e_P-k
两件金融大事，信号非同一般！如果民币贬到10，7件大事会发生！中共1955年大换币，收割触目惊心！会再来一次吗？(20230918第1096期)	4in9FjfDCjA
又一个，王毅也出事了？四个副国级接连出事，习近平政权为何动荡不安！(20230914第1095期)	lTJWsLZWYsg
又一条购汇宽渠道被掐，央妈拔网线放两大招吓唬空头！李佳琦评论区见证塌方的中国！(20230913第1095期)	5a2CF2_zRF0
所有利好出尽，楼市末日抛售模式开启！人民币何时到8？何时到20？(202300912第1094期)	toFRV-sTBrc
人民币换币和两脚羊社会！一村一食堂 ，习氏人民公社启动！（20230910第1093期）	4t1QX3RZXMI
40万亿大放水！金融稳定法将限制抛售？又一波抛售潮要来了！多个发达地区体制内人员上街讨薪，地方财政崩盘比预想的要快要惨！(20230909第1092期)	YKBZZdZ1X6E
暴增4倍，500多家中小银行逾期违约，请尽快取款！银行和地产争抢暴雷冠军！股汇债楼共振崩跌，中国的金融危机可能正在爆发！(20230907第1092期)	UG9CPWkZTYo
穿衣“不当”将被判刑，第34条恶法掀起全民反对声浪！大封杀，公务员禁止用苹果手机！习明泽大量信息流出，网上炸锅了(20230906第1091期)	rSen1gDzbCc
2%的人带着80%的财富拼死撤离，剩下全是债务！外储掏空后，不割肉离场的人将一无所有！习近平开通推特的深层逻辑！(20230904第1090期)	06qWnMtdfvY
王炸！三大绝招全丢出来了，楼市所有工具都已用尽！看这一波要套死多少人(20230901第1089期)	borLsHs5uAk
突发！广深放大招解读，楼市最后一拉？30年楼市最后一波逃生窗口开启！楼市背债人兴起，银行入坑成定居？人民币如何买美国房产？(20230830第1088期)	nFw6vdONrH4
又收割了一大波韭菜，借助利好各路资本夺路而逃！股债汇楼四杀共振威力有多大？人民币反弹彻底到头了？(20230828第1087期)	YayiD4MegX4
中国核辐射是日本10倍！！全民发疯抵制日本遭反噬，又一个6000亿的行业要被搞死了！中国人在给自己挖坟墓，需要金融危机暴击？(20230825第1086期)	hIAAL1KfZG0
政府允许这个大城市5折甩房，楼市加速雪崩？公务员裁员20%救财政，救得了吗？大揭秘！普里戈津之死，谁干的？(20230823第1084期)	5O0DLgguU7Q
40年繁荣后，系统性危机全面爆发，中国经济如何倒回40年前？深圳房价大跌40%+ ，房主们夺路而逃移民海外，大挤兑开始！(20230821第1082期)	GCMbAKnyQr8
一招可避免经济雪崩，习近平为何不用？华尔街老朋友翻脸 ，罕见唱空、做空中国！人民币的锚开始松脱，央行出手救汇率只是无用功！内外共振，中国经济脆断时刻？(20230819第1081期)	iyiFzWSeevE
两个天量泡沫，谁破谁先死！为何不让房企破产？银行坑草民太狠！别让恒大碧桂园跑了！上市公司老板离婚潮的背后！(20230817第1080期)	CwkBuPr00WQ
又一巨头倒下，后果远超碧桂园！惨烈！资产和汇率一个都不保！(20230815第1090期)	M12DV4vRHlM
拔网线戴眼罩，中国停止发布青年失业数据引全球关注！央行意外降息救市，人民币应声暴跌破7.3关口，8还远吗？一面抓间谍一面招商引资，谁都不傻！ 经济系统性危机加速！(20230814第1089期)	t2Yv5-g7KfQ
突发!多家top10信托巨头停兑连环暴雷，中国的雷曼时刻？暴跌90% ，7月金融数据雪崩，股债汇三杀下的经济萧条来了！ (20230811第1088期)	JlI20BdZdx4
倒查20年，律师码农工程师会计师人人自危，中产不要跑！习近平铁拳打击宗族势力，江南最大宗族签生死状反抗强拆！跳贬或暴跌，哪一招可以救楼市？(20230810第1087期)	l0oN0n4-zd4
又搞垮两个行业：上海最大中美移民中介老板被抓，警方要求交出所有客户资料，意欲何为？政府缺钱，对医生下手了！美国釜底抽薪限制美资投资中国！(20230809第1086期)	96xB-Ipz_u0
最新！刚辟谣就正式违约， 碧桂园1.7万亿债务将炸翻谁？杨惠妍逼宫中央求救？父女被边控？深挖碧桂园资产转移内幕！7月外贸加速塌方！人民币雪崩贬值！(20230808第1086期)	pxODP3zd_qE
碧桂园等两家房企巨头暴雷，李嘉诚7撤甩房敲响撤退集结号！中国经济落体刹不住车！大量军人摆拍抗洪惹众怒，大量灾民抗议被警察镇压，习氏失去最后民心？伦敦小粉红要吃铁拳了(20230807第1085期)	6LR0xLVK61k
七股力量集结，中国外交越走越窄！民间力量在洪灾中成长，拼图开始收官，压垮中共的最后一根稻草来了吗？(20230806第1084期)	X7q8pJNLACc
天津特大洪水告急，或比北京涿州还严重！ 黑龙江全线大洪水！蔡奇侄儿水淹100万人向习表忠心！华春莹配音华北水灾视频被封杀！无通告泄洪受害者在政府门口拉横幅抗议！(20230805第1084期)	y3FtapWSe2I
洪灾更大的麻烦才刚开始，习皇赴北戴河度假！中共的现代治理努力全部终结！全面清理木马，两名华裔军官间谍在美落网，知名侨领在美离奇身亡，都是韭菜弃子！(20230804第1083期)	47c-AC5NuQQ
牺牲涿州100万人保千年鬼城雄安，包帝湖底强建雄安，又一个三峡祸患！涿州到底死了多少人？无预警泄洪铁证来了！没人捐款了！(20230803第1082期)	mN3MZdtO4Sw
惨烈！北京大洪水多地现浮shi，郑州水灾翻版再现！ 北京政府还在隐瞒！全球聚焦北京大洪水，习近平夫妇敢回北京吗？(20230731第1081期)	o4ZClJII63o
5大热点事件，习政权大量丢分！对日韩安静如鸡羞辱了谁？菲律宾营救604名中国人打脸谁？缅北诈骗总后台是谁？泸州福建大灾，习皇歌舞升平惹众怒？(20230729第1080期)	Tw6RUjGFiXI
全球超级泡沫的雪崩时刻，终极导火线出现了！(20230726第1080期)	IAFIYfelrOQ
秦刚免职，王毅复出，背后玄机！“盘活资本市场”背后的大棋！(20230725第1079期)	LBg9Khl6oZc
既要又要还要，7个不可能经济目标可能实现吗？习近平在政治局会议上绝望呐喊！邓江湖三朝积累，习氏十年败光，知名教授痛批习倒行逆施被封杀！(20230724第1079期)	Fy49cO8BzKY
齐齐哈尔事件刷屏的背后！孩子们器官被盗？放上家长六分钟讲话，为何墙内被封杀？每一个人祸都是推墙的导火线！(20230724第1078期)	r1bxhLjRzuk
救市预期全落空，北上广深豪宅踩踏式抛售，大佬们不计成本套现！你的房子再不卖就来不及了！(20230722第1078期)	lg3UoStRJLk
突发！俄导弹轰炸中国驻乌克兰总领事馆，故意OR无意？外交部哑火！31条措施救民企，1条破功30条！用仇恨凝聚共识的后果(20230720第1078期)	PBL5UyFsE7o
习皇急疯了，一天连发11条政策想起死回生民营经济！青年失业率46.5%惊爆海内外，北大美女教授发布数据遭封杀！会消失吗？(20230719第1078期)	rwLXM7jUHXc
北京断供女孩跳楼，亿万家庭正在破产！中国政府为何救供给侧不救需求侧？银行系统正迎来致命一击！中国及经济死而不埋的背后！(20230718第1077期)	raOEu98hZ7c
上半年经济数据全面解析！失业率狂飙三家马车都降，为何GDP还高增长？债务暴雷的三个条件基本具备！浙江公布一季度火化数据后全面删除！(20230717第1076期)	iTIKZQIWgyI
6月外贸全面雪崩，捡了俄毛丢了全世界！脱钩加速，墨西哥取代中国成美最大进口国！豁出去疯狂冲塔，中国自媒体评论区崩溃，更大风暴正酝酿，习氏噩梦来了？(20230715第1075期)	n6pyDlsa_1M
中国央行最后的挣扎，人民币暴力反弹！最好的投资，分批换廉价美元的最后窗口来了！(20230713第1074期)	M0lyQq5wYSU
生病or失宠？秦刚消失17天的三种可能！国内高校同学抱怨，中国高校被中美脱钩搞惨了！失信人员暴增，集体躺平自媒体再吃铁拳！国内大佬失声越来越多！(20230711第1074期)	BzQIzPJay6M
刚刚发布两组数据，不是通缩是大萧条无疑！楼市止不住大跌，买房者躺平装死！财政扛不住了，北上广深公务员大减薪！(20230710第1073期)	ezvLx-zQPsE
习氏治下十年，中国经济是如何走到这步田地的？(20230708第1073期)	bYsdFQU151I
刷屏！批中共和中国人作死，上海地铁女子骂习祸害中国成这个样子被精神病！村民修桥全家18人被判刑引众怒，中共的丧尽最后的民心！(20230708第1072期)	PKxY-RDa8Ng
军火商讲述台海开战的最新信号！习近平亡党亡国忧虑从何而来！他有一个致命缺陷！走线年轻人对中共国的精辟总结！(20230707第1071期)	DH5A4unk5Z4
中国会陷入资产负债表衰退吗？为何说中国这轮萧条会比日本惨得多？中国普通人为未来做好准备了吗？(20230707第1070期)	O56k8OSKxdQ
习近平突访苏州不为人知的两大目的！全城戒严草木皆兵，禁无人机禁煤气，天怒人怨！习近平和李强为何分酒店住？高盛没有提到的中国金融风险！（20230706第1070期)	wH7cVtM9jwg
离诺奖最近的华人经济学家，杨小凯经典演讲：中国的后发劣势！20年后观点全部应验！（下）(20230705第1069期)	okFFSRV9lWY
银行业出大事，全面抛售！高盛100多页报告拉开中国金融危机序幕！地方债和楼市断供真会拖垮银行？(20230705第1068期)	F7lsGTxEzis
离诺奖最近的华人经济学家，杨小凯经典演讲：中国的后发劣势！20年后观点全部应验！(20230705第1067期)	gqLlb52tEXk
今天，中国限制稀有金属出口卡欧美脖子？打反击还是搬石头砸自己脚？热议：清华名字辱华？将改名“习近平大学”？新华社人日刮起欧美日韩“吃不饱”旋风！(20230704第1066期)	-ehM2NUguTA
40多国抛售人民币套美元，中国央行绝地反击！人民币会重回7吗？外储扛得住吗？最后换廉价美元的机会？(20230704第1065期)	OGWin2Urks4
大昏招，习氏金融换帅将摧毁朱氏金融防线，后果严重！深圳楼市腰斩，所有救市大招都失败！楼市、银行、汇率死亡螺旋，三者将一个都不保？(20230703第1064期)	c7usvDzw6BE
俄罗斯等国疯狂抛售，人民币直坠7.3！离岸7万亿人民币排队挤兑美元，中国央行缴械投降？人民币何时到8？(20230630第1063期)	jd3cj1xqAR4
网传中国失业率高达80%？动荡加剧，中共和国人30年的契约失效！中国即将颁布全球首部《洗脑法》，大数据测爱国爱党分数！李强被坑，和习近平关系现裂痕？(20230628第1062期)	T-8qvkV0ICs
最新情况：普京仓皇出逃圣彼得堡，瓦格纳义军直捣莫斯科受夹道欢迎， 莫斯科能坚持多久？普京下台成定局！习近平慌了？(20230625第1061期)	O9WbMzR86ig
北大勇士冲塔要求结束一党专制，全球关注！老朋友们集体做空导致人民币雪崩！墙内共振4年援外6万亿，封杀不住！ 拜登再批习是独裁者，战狼们疯咬！(20230623第1060期)	upinwwD2YWw
人民币再破7.2，还有机会到7换美元吗？最后挣扎鱼死网破，即将出台3大招救市！房贷利率下调，还有接盘侠冲吗？(20230621第1069期)	NawcGvPbk7I
习近平羞辱布林肯，文明世界最后一次伸手，中国能抓住最后的机会吗？退林还耕出事叫停，习近平再受挫！消费晴雨表再次不利！(20230619第1068期)	5Wbv5dVhpUg
热度很高！胡温十年善政和习氏十年恶政大对比！少年冲破阻碍拥抱梅西的政治意义！全市事业单位6个月发不出工资，地方财政崩溃加速！(20230616第1068期)	8mAk4I41fio
中国央行紧急降息，拉股指为习祝寿，降不降都活不了！失业率继续失控 ，楼市量价加速坠落 ！燕郊女孩的命敲响了谁的警钟？5月份重点数据分析解读！(20230615第1057期)	9QqcsplxhEw
31家中国巨头被美国一键拉黑！英媒报道武汉科学家和解放军合造病毒当生化武器！习氏夫妻跪相在纽约展出！战狼大使再得罪一个强国！(20230614第1056期)	AdBauaMFS1I
安徽现北京四通桥事件！又一家大中型银行暴雷，储户上街要存款！人民币汇率挂钩“人矿”？降低存款利率引公愤，打死不消费！(20230612第1055期)	2l9w09SCiNY
不作不死，李毅内部讲话喊中共习近平下台！银行大降息和人民币汇率，能两全？最新数据，通缩螺旋深不见底！(20230609第1053期)	I_txor0ntvU
出口再暴跌，经济继续恶化！布林肯将访华，习近平再次误判！油管大V自爆性侵丑闻抢风头，王丹赴台湾可能的后果！(20230608第1052期)	UhK2HrBB8Ao
房东心态崩溃，全国二手房抛售愈演愈烈，杭州4折甩房，洋人大量离沪加速上海楼市下跌！政府街边摆摊高利率卖债券，政府债加速暴雷！海关无理由注销普通人护照！(20230606第1051期)	n-SoIWWgk8U
窗口都在关闭，珍惜最后润的机会！	EjZrmTy-7DA
习氏深陷5大政经陷阱无法自救！秦刚私下录音扬言和美国开战？ 底层企业感受到的经济危机！举国风声鹤唳，清华等三波勇士六四冲塔！(20230604第1050期)	EZ05UVJ-k7U
中共超规格接待马斯克的三大阴谋！人民币这波极限贬值会到几？经济复苏骗局戳穿，外资加速撤离！推特不能音译汉，谁的指示？(20230601第1050期)	2KU4nFEDn4Y
四通桥从中国地图上抹去！24字标语批习！习近平说风高浪急惊涛骇浪何解？中国战机冲撞美国战机，中拒美防长见面！ “月经警察”出现！(20230531第1049期)	ZmRuqqKhF8Q
5万亿特别国债怎么回事？地方债务危机蔓延，武汉财政保卫战打响！中国经济4头灰犀牛形成共振！(20230528第1048期)	oxeLP44NqJE
数十万国企被制裁面临破产，中特估为国接盘还是击鼓传花？中华民国正式抛弃大陆人民！94.5%调查者愿给美军带路？(20230527第1047期)	8SZrXdsgVDY
日本轻巧一招卡住脖子，中共吹嘘30年的工业神话成笑话！中共黑客部队系统控制关岛图谋破灭，微软会被报复吗？大裁员下杭州房价瞬间腰斩？(20230525第1046期)	2IPpVjuw8RQ
阿里史诗级大裁员烧遍全网，跟风效应将起，40%的失业率能打住吗？杭州深圳北京等房价将再遭暴击，消费彻底没戏！香港人歧视还是敌视中国人？(20230524第1045期)	4R2LIUQt_b8
大瓜!挪用社保、公积金，厚脸皮找上海要钱！内部会议纪要捅破省会债务全线暴雷！公务员3个月未发工资！中国二三线城市暴雷序幕才开始！(20230544第1044期)	veALsvbbBHY
一线城市大幅普跌，上海疯狂抛售潮！4000万套断供房楼市，白衣骑士银行也自身难保！(20230522第1043期)	APh1JR44OHs
中国房地产为何秘不发丧？习氏夫妇西安摆阔撒币引众怒！中国赌气拒绝参加G20 愚蠢透顶！美国债股上限谈崩会再现股灾吗？(20230520第1041期)	LputvD13oIM
一条重要的资金出海渠道被封，地下钱庄转移美元佣金翻倍！华尔街大肆撤离中国，人民币强势破7， 十年大顶形成？ 加速关门，再不走就来不及了？(20230518第1041期)	plnkqRBxIGo
House被抓？笑果事件如《海瑞罢官》，文革2.0爆发？举报者被人肉搜索出来，背景不一般！一个笑话罚1400万，多人多家公司被株连，北京政府作风优良非常能抢！(20230417第1040期)	_fwJ0eUeVhc
失业率雪崩！青年失业率飙升突破红线，4月系列数据全线扑街，统计局不造假了？ 科技巨头裁掉90%的35岁以上人员？高校不签就业协议不让毕业！(20230516第1039期)	qbLGWjLmaUU
大中型银行的危机终于来了！亿万人正在跳金融大坑！1/3台资撤离昆山的背后！巨头停止芯片研发并大量裁员，继房地产和汽车后，又一支柱坍塌！(20230514第1038期)	NPKOkK3dJLg
万达要倒？楼市雪崩加速，都在抢跑！习氏加速关门，走线入美将封停！ 通缩加速后的深渊，统计局无力回天！(20230512第1038期)	AT-1Vbgz_G8
开发商7折甩房被禁止背后，3大趋势无法阻挡，银行必然下水！深圳人口44年来首次负增长，大萧条的信号从三方得到确认(20230511第1037期)	78I_1m20aXM
三年清零的6大代价！压垮中国经济的最后一根稻草！起诉油管的律师函正式发出！(20230509第1036期)	WJEIdkAzgjY
经典：100年前的外汇管制和无锚印钞，如何彻底断送大清王朝！(20230507第1036期)	VnmFaLvT-2Q
两周跌去10%？楼市泡沫加速破灭！全球去中国化达成共识！大学团委发文悼念六四！(20230417第1035期)	2fMe9meegww
上海人展开抛房竞赛！这回终于轮到银行了！(20230504第1034期)	1LXFbwD2GaI
两大危机共振！习近平回天乏力！财政塌方下，中国人雪崩式返贫！	bO8DfG8h0Ak
100年之内读不到真正的历史！（20230501第1033期）	09Xv2B9KFrI
楼市泡沫何去何从？在座的各位都做好准备了吗？(20230429第1033期)	FUfpeG-iO-0
又一个省向中央财政求救！末日消费狂潮的深层次根源！中国经济大萧条的三个信号(20230417第1033期)	69gSx5Q0QHo
抵制中共红色渗透！联名众筹起诉YOUTUBE公司的倡议书！	RbNroNfjhgo
习近平紧急救火通话泽连斯基！新修订《间谍法》出炉， 人人可被抓！(20230427第1032期)	zeCgJHzpqL8
网易丁磊放歌讽刺习近平被封！中共逐步美国公民判死刑，人质外交激怒全国！房地产税这次真来了？深入解读又一条润的跳板，请抓住机会！(20230426第1031期)	e5f82B-J1lE
中共20年来最大外交事故，法国将驱逐卢沙野？卢狂言受习近平指使？ 欧盟绥靖梦被惊醒了？(20230417第1030期)	98ZkeV2eWrs
习近平一个骚操作，点燃农民的星星之火！热炒宝马事件，在掩盖什么？美国90天内清除中共渗透，兵工厂赶工决战台海！（20230422第1033期）	7du51xeeAZE
国内通缩、通胀大争论！通缩的尽头是大通胀(20230421第1031期)	HuJwtdr107E
又一个金融大坑快挖好了，等无数人跳！中共在纽约的秘密据点被捣毁！走线华人在美国行贿考官被举报！（20230418第1030期）	dPbP900F5ps
深入分析习帝成立农管的两大阴谋！习帝又一大逆天招将导致3年后大饥荒？(20230417第1030期)	L7DcjiO4M_U
财政破产的第二个省份出现？上海等多省市开启打家劫舍模式，要挟中央兜底！体制内安生日子到头了！（20230416第1029期）	tS_o51o-wpc
最新！中国第一个破产的省出现了，财政多米诺骨牌将加速倒下，下一个是谁？外贸被逼上梁山，还能撑多久？（20230415第1028期）	Hnm-XiSwxJI
中产都在清仓止损！中央政府为何不负债加杠杆救消费？加速师的速度超出上海人想象！（20230413第1027期）	MAiyPTCAJrg
大印钞40万亿，为何还通缩？钱都去了哪里？集体退房、断供成风，深圳楼市遭遇20年寒流！（20230411第1026期）	3ucpyh7j3z0
详解本次被封杀内幕！中共出手 ， 油管开始对中文时政大V定点清除？tiktok后，红色审查链为何越伸越长？（20230411第1025期）	s1brpZmpjU0
习近平三大误判将中国带入深渊！收到援助后毁约，中国被该国戏耍！长三角制造业腰斩的经济信号！全部裁掉，国企事业单位70%非编制人员！（20240402第1024期）	QEnWEu3FVjQ
香港艳星成政经院长引海内外热议，彭丹干爹是谁？她和彭丽媛有何渊源？中国央行找美联储紧急借600亿美元？出什么事了？成都再次发生大规模警民对抗！（20230402第1023期）	3tCepg5uv1Y
习李联手搭台忽悠，外资看穿“关门打狗”把戏死活不上套！人质外交让外资彻底死心！中国人40年的好日子结束了！（20230331第1023期）	qjMN2UXNgg4
楼市小阳春结束，调头大跌套人！经济恶化远超外界想象，习李都急了！李强给习近平挖了一个大坑！又一外资巨头撤离中国！蔡英文访美引爆全球，打脸中共！（20230330第1022期）	Tk7C1qjmotM
地方政府偷偷组团外迁民企去越南收租金，民营企业家在海南犯罪可豁免！会秋后算帐吗？吹牛的后果来了，美国取消中国发展中国家待遇，全民热议中国一夜成发达国家！（20230329第2021期）	UCV7qfB8oVA
马英九在中国屡遭羞辱，台湾统一派民众会倒戈台独？中共复制人质外交对付日美，抓17名日本人，这一回麻烦大了！外资挽留不住继续撤离，工业数据大滑坡！（20230328第1020期）	43QaCbOIBZc
马云拒绝习近平回国邀请，官媒紧急散布马云已回国消息！背后的玄机和博弈！中共忽悠外资入场彻底失败，港币历史性失守 下一步脱钩！（20230327第1020期）	g_oBk6mwp9E
失业潮愈演愈烈，断供潮、债务违约潮横冲直撞！中国未来到底有多灰暗？（20230325第1019期）	BTDV56iDKvs
习近平干掉一个政敌上将，将判死缓？中宣部高官被著名制片人实名举报！深圳官三代炫富家里9位数存款骂网民韭菜贱畜，上热搜后被人肉！（20230325第1018期）	sM8n00rB5PM
习近平下令TikTok用短视频攻击美欧，美国议员抓到实锤！TikTok里有党组织！ 中国政府大量销毁三年疫革罪证，他们在害怕什么？防火墙天价费用爆光，为何不投入医疗？（20230324第1018期）	s-K16RThv0o
普遍传谣大资金涌入香港，目的何在？中国金融山海关危也！美元加息25个基点的考量和影响（20230323第1017期）	cJUVkvG4QkQ
7万亿美元巨头撤离中国！盘点习近平访俄出卖的国家利益！上海白纸抗议再起，高喊政治口号！德国将对中国出口制裁，日本首相罕见访乌克兰对决普习！（20230322第1015期）	s5uGYPAj5Uo
财政部刚公布一组数据泄露天机，经济惨淡震惊海内外！失业问题引爆墙内外社交平台，习近平绑架14亿人豪赌！（20230321第1015期）	ULvt83k6jNU
习帝把中国带进沟，美国巨头组团离中赴越，越南再次赢麻了！全球股债加速抛售，美联储联合6家央行紧急救市，一切都太晚了！（20230320第1014期）	62Yl63uutiU
拜登向巴菲特紧急求救，美国200家银行可能倒闭！瑞银白菜价收购瑞信，瑞银会被带崩吗？瑞士在赌国运！（20230320第1013期）	TV9gKnerYpw
这个周末，全球都紧盯这只黑天鹅，弄不好就是崩盘的黑色星期一！（20230319第1012期）	JopZazugTqo
末日放水，效果适得其反，楼市抛售愈演愈烈！人民币离金圆券越来越近！什么资产是救命稻草？（20230319第1011期）	opRFXPwutEE
打脸习近平“盛世”，农民107元养老金对离休干部9万养老金，墙内外热议！习帝访问狱友普京，会结盟吗？普京被国际组织全球通缉抓捕！（20230317第1010期）	SfEiaoIlijA
中共权贵10万亿存款要泡汤？欧洲银行巨头暴跌30%要倒闭，3倍于硅谷银行的冲击波来了！郭文贵被捕！（20230316第1009期）	3CzrvFrN-7s
俄罗斯在黑海撞落美国飞机，黑天鹅来了！习近平将访俄，将和泽连斯基会谈 ，背后打什么算盘？（20230315第1009期）	uLr_nhv3f7s
如果未来20年注定只能留在墙内，你应该这样做！（20230314第1008期）	tRIwadS2g6c
刚刚！美联储救市的逻辑解读！救市无效，更大的风暴来了（20230313第1007期）	FJunhzzTruY
热搜！全球第二巨头硬扛新成立的强权数据部，将带领一批外资撤离中国！美国银行危机救得了吗？中国两大佬在美存款泡汤？（20230313第1006期）	jfFDsyWxSn8
时隔15年，世界性金融危机终于爆发了！日本法国外资清仓甩卖，金蝉脱壳离开中国！（20230311第1005期）	5vH0kdoYJ3g
习近平作为唯一候选人全票“当选” ，这是“全过程民主”？几个信号不同寻常！墙内社交媒体上舆情凶猛，暗讽习近平成风！（20230310第1005期）	kMFQQUvXId0
多家美国银行接连暴雷，万亿规模银行股价单日暴跌60%！雷曼危机2.0爆发，全球金融危机爆发！全球股债楼抛售潮正式来临！（20230310第1004期）	935F8IgKlZI
南航老师被网暴，他到底说了些什么？美国真的总是对中国不友好吗？中共70年洗脑反美的动机！（20230309第1003期）	7jEhgEtaVNg
上海黄金交易所100吨假黄金事件爆发，全球震惊，你买了吗？中国外贸已死，深圳司机拖空货柜到处跑假装外贸繁荣！装不下去， 今年前两个月外贸塌方，外储和人民币都要歇菜！（20230309第1002期）	-LLrX0gkedM
人走茶凉不被正眼看，李克强经营15年的老巢被习近平端掉！机构改革背后，中国几大危机开始浮现！内务部还搞吗？秦刚疯狂的战狼风是谁在撑腰？（20230308第1001期）	gxsg7mxUmJU
7万亿巨头违约遭挤兑，多只黑天鹅开始起飞，比08年更猛的金融风暴终于来了！这一次很难幸免！（20230307第1000期）	J_7GVx-wS8U
习近平对华尔街关门打狗，美国挺中大佬20年投资收益无法提取！中国净外储即将变负数，汇率或将雪崩！ 中美开战，苹果、特斯拉公司将成最大人质，死在中共手上！（20230306第1000期）	z4_XfzlqmjQ
李克强下台前释放的经济暗号，习近平完全没读懂！明白人都知道在说什么！（20230305第999期）	k4qeQQwuCKk
政协人大开幕，几个诡异信号！ 包帝害怕的12股力量集结！北京限制买菜刀，重庆开始禁苹果手机！世界大战5大客观条件已具备！周小平进政协，更黑暗、荒唐时代的标志！（20230305第998期）	VkrOji1hZk0
李强力逆习近平推动放弃清零？合力打造一个新演帝？美国一键拉黑28家中国巨头，中美脱钩加速！（20230304第998期）	rn7C8b4No0c
卖房子和移民的最后窗口来了，错过这次机会后悔30年！系列鸡血经济数据都是为了配合登基，中国经济加速塌方！习近平公开违宪了，毛泽东都不敢这么做！（20230303第997期）	XKbOMnhS5ug
全球抛售临界点到来，请尽快清仓！中国失业异常严重，海内外热议！揭开数据繁荣的画皮！ 习近平数万亿投资再泡汤 ，该国掀起反中浪潮！（20230302第996期）	-3dEKfo9Lpo
习近平打造锦衣卫，参战被抓实锤！ 70年来最大贸易逆差，香港和中国贸易恶化到难以置信！欧美完成产业链重建威力显现！（20230228第995期）	XbjekgGyCG0
财经冷眼： 人民币连续暴跌再次要破7，28万亿印钞大肆洗劫平民，印钞机才是中共的掘墓人！老战狼王毅让习近平在全球出丑，中共铁心为普京殉葬！（20230227第994期）	1pVZQ7c3400
财经冷眼：美国知名异议人士交投名状回国自首！网友看《狂飙》悟出17条人生投资真谛，火爆全网！（20230226第993期）	j7vQLfuc_t8
财经冷眼：80后县长侵犯90后美女法学博士、中央女干部，海内外关注度持续飙升！深挖双方大神级家庭背景！中共淫官治国的背后！（20230225第992期）	7maaWiHTh_c
财经冷眼：习近平提出的俄乌和平方案成国际笑话，  笑点一一列出！其实是反美反乌声明！（20230224第991期）	JhMbTf41dy4
财经冷眼：印钞机加持，中国楼市开始狂飙模式！要追吗？敢追吗？收割最后一波韮菜毫不手软！（20230223第990期）	FYS9UGv9BUY
财经冷眼：中国与四大国际公司强行脱钩，可以闭门造数据了！公务员裁员潮来了，习近平又一大烂尾工程！普习会面将谈什么？轴心国基本形成，三战会爆发吗？（20230223第989期）	qeDUfQIX_rs
财经冷眼： 国内排队退社保掀热潮，社保雷加速引爆！习近平党政机构改革真实意图：中央清洗异己，地方公务员大裁员，挽救财政！习氏将成所有官僚敌人！烂尾工程又增一个（20230222第988期）	FQPUr56dQX4
财经冷眼： 美国制造业成本开始大幅低于中国， 中国产业链将全部转出，10年内将成全球最穷国家！央视怒批美国印钞洗劫世界，自己呢？深挖池子到底讲了什么，中共如此愤怒！（20230221第987期）	OJt7dtPUaNs
财经冷眼：拜登突访乌克兰震慑普习，大反攻即将开始？普京政权崩溃倒计时！美欧将动手清除红毒瘤，老战狼王毅彻底疯了，胡言乱语！（20230221第986期）	_57N4TyTz38
财经冷眼：欧美撇开中国成功重建产业链！几大港口空集装箱堆积跨省 ，东南亚印度订单暴增！出口和房地产两大顶梁柱坍塌！（20230219第985期）	x-5G29QGX_U
财经冷眼： 七股力量开始汇聚，习近平倒台越来越近了！（20230218第984期）	228TmNKfErw
财经冷眼：中共昏招频出鼓励买房接盘，韭菜刨根后，楼市将加速自由落体！香港著名导演在柏林电影节挺香港，影射中共，开始被封杀！（20230217第983期）	9_KTAqVl0f0
财经冷眼：买房决战印钞机？多个一二线城市楼市狂飙，房奴不计后果疯狂“抄底” ，结局早已注定！（20230216第982期）	7hQGuR_QZqE
财经冷眼：武汉上十万老人走上街头大游行，大连响应，政府慌了！中国万亿美元失踪之谜，去了哪里？10万亿资本撤离，三年外贸白忙！举国炮制俄亥俄谎言背后的大棋局！（20230215第982期）	3aku6tXXx8A
财经冷眼：中国央行再次疯狂开动印钞机，试图挽救泡沫，但一切已晚 ！泡沫和政权将一起被扫进历史垃圾堆！（20230214第981期）	4WLWSkBOLRs
财经冷眼：中国击落不明飞行物，自导自演还是美国入侵？美加两国击落两个飞行物 ， 这才是真正的三战前夕？红二代建议习近平加强洗脑，抢占教育阵地！（20230213第980期）	v9aFDttcb6g
财经冷眼：不要抄底房产，不要投资 ，不要创业，未来十年像狗一样活着熬过去！30年房奴的悲剧已注定！中国迎来经济中世纪！（20230212第979期）	8gmJ6SACVoY
财经冷眼：美国开始禁止中国人买房，制裁6家中国气球生产商，着手承认西藏为国家！中共外交部彻底怒了 ！ 美国再次击落一个气球，全球高度关注！（20230211第978期）	d7f3oUwDjt0
财经冷眼：三大美日国际巨头撤离中国，2.3万亿外资流出中国的背后！60万亿城投债第一爆！政府为补财政窟窿更加疯狂！(20230210第977期)	-cy9wylv_YI
财经冷眼：医保被砍7成，武汉万人围堵市政府市长！要求罢免市长 ！更大规模游行正在策划中！医保养老金问题开始集中爆发，习近平最害怕的事情要发生！（20230209第976期）	dAq3kCZKzxM
财经冷眼：江苏大批公职人员被抄家，资金补财政窟窿！一部法律偷偷出台，亿万男人将当炮灰！中国开始禁止炒美股港股 ，为什么？ 传奇润学女鼻祖，现在是润出中国最后的窗口！（20230208第975期）	P4UC6uFDLa4
财经冷眼：华侨回国后因言论遭亲侄子举报，发誓再不回去！海外发文批评过中共的，本人及直系亲属千万不要回国！婚龄放低到18岁？全民网上痛骂！（20230208第974期）	cndFgUevF2k
财经冷眼： 大量房子资不抵债，提前还贷潮越来越疯狂！中国信贷塌方和资产负债表开始崩溃 ！ 中国版大萧条真的来了！（20230207第973期）	446VBjRJZ9Q
财经冷眼：财政走入死局，地方政府危机四伏，财政供养人员超8000万引热议！6招可解危局，习近平敢吗？（20230206第972期）	BA2H6YS_-V0
财经冷眼：三只气球进入美国，一只刚被美战机击落，举国民众欢呼！中美进入战前时代？（20230205第971期）	bBPKITsNvGM
财经冷眼：新年楼市大风暴，三板斧之下，谁能置身事外？中国气球火爆全球，美国国务卿取消访华！中美关系回暖最后的希望破灭？（20230204第970期）	6wysCCOT58U
财经冷眼：三件事惹恼中共，美国务卿取消访华！中国间谍气球入侵美国加拿大，大风波来了 ！公派中学生赴俄留学引热议， 中国股民92%亏损报告遭封杀！（20230203第969期）	YPFJ5nJq8yI
财经冷眼：公务员警察减薪高达7成，还不起房贷，财政崩盘下没有无辜者！未婚生育登记放开能否破人口危机？不婚、婚外恋将盛行？（20230201第968期）	Wmk72l1td64
财经冷眼：去年法拍屋暴增，断供潮继续加剧！中国经济崩溃后多惨烈！香港楼市连续大跌，股楼最后逃命窗口？人民币国际化和贸易顺差的悖论，沿海强省纷纷出国招商引资尴尬了谁？（20230130第967期）	0XhPzINRZu0
财经冷眼：金融圈劲爆新年第一大瓜！胡鑫宇遗体找到，疑点更多！（20230129第966期）	YqbEXYe74zY
财经冷眼：北京涨80%，上海涨74%，广州涨131.5%？   一线城市房价真的在暴涨吗？楼市泡沫的逻辑和陷阱！（20230129第965期）	TuY8aNOEgfg
财经冷眼：政府鼓励百姓食用“米糠”，大V呼吁囤物资，粮荒开始计价？掘地三尺的收税系统来了，转钱要收，地摊也要收！财政崩盘后果由百姓承担（20230127第964期）	d3gKsBF5nJY
财经冷眼：新印的28万亿哪里去了？空前的大洗劫开始！存款大战愈演愈烈，什么信号？（20230125第963期）	D48n4OHnMas
财经冷眼：习皇出面的一带一路项目爆丑闻，全球关注！蔡英文访美？美议长访台？ 红二代8批中共爆火！（20230124第962期）	YBsjfL1iLck
财经冷眼：中国央行偷偷启动无限量印钞 ， 2023年将是恶性通胀元年？（20230123第961期）	xUcqPQcRC0g
财经冷眼：春晚小品台词嘲讽习近平学历？为何淡化政治色彩？抖音99%股权被新成立小公司控制，习近平家族成最大赢家？（20230122第960期）	oDds4bTsfEc
财经冷眼：财政崩溃和地方独立，旧秩序的瓦解初见端倪！（20230120第959期）	0gKBkxJc1Hs
财经冷眼：接受海外媒体采访，阐述中国几个热门政经话题！（20230119第958期）	0KHGjc7cDZQ
财经冷眼：刘鹤不搞计划经济论掩耳盗铃 ，习帝遮羞布忽悠外资民企入场 ！   外资股汇出逃中国创年度新高，A股要小心暴跌！（20230118第957期）	v_Npppggwiw
财经冷眼：今天系列重磅经济数据发布，全面解读！习近平再给全国人画大饼，60年来人口首次负增长 ，人口拐点后是萧条和饥荒！尴尬，干儿子照抄干爹疫情数据被捅破！（20230117第957期）	paGgDqRZBac
财经冷眼：网友火爆盘点习近平办砸41件事！龚正要对上海就业清零，什么信号？美国FBI对中共纽约警务所出手！（20230116第956期）	HxRP-v4nGAI
财经冷眼：最新数据，产业链移出中国过半，习近平3年败光40年国运！日美联合加紧，防东亚变乌克兰 ，美国将中共和中国人分开！（20230115第954期）	7Gmb1uo9m_s
财经冷眼：越南国运爆棚，去年经济全面碾压中国，中国被挤到墙角！对美国外贸争夺是关键！（20230114第954期）	7i7RQb8WBU0
财经冷眼：企业居民外币大搬家，去哪了？中国对美顺差收窄34%，老虎去牙了！全球央行大幅买黄金，什么信号？ 全年财政赤字8万亿，暴增两倍！中国财政打无解的结局！（20230113第953期）	Yh2psN6cY0M
财经冷眼：赵夫人为战狼鸣不平，冒犯习近平！黄坤明侄子广州撞人内幕？ 美元加息，该国汇率崩盘暴跌人民币暴涨原因，能持续多久？（20230112第952期）	0F6PhifGrno
财经冷眼：中央明确不兜底60万亿地方债，明斯基时刻来了？哪些人会波及？高层呼吁百姓把钱花光，背后的大坑千万别跳！（20230111第951期）	sDTkqqbWvxU
财经冷眼：各地楼市狂下猛药，接盘侠前仆后继入场接盘 ！赵战狼降职的3大原因，辉瑞药被拒入医保的真正原因！（20230110第950期）	gl6basybcFE
财经冷眼：深挖马云被剥夺蚂蚁控制权内幕！马云如回国，李强答应一个条件？ 重庆万人走上街头！（20230108第949期）	ivg2xunURfw
财经冷眼：中国90%的城市在加速破产！网络热词“人矿”遭紧急封杀，国人自我觉醒和中共的恐惧！唐国强也润到美国了，体制内精英纷纷外流，你也要准备了！（20230107第948期）	Xpxob8-i520
财经冷眼：2022年楼市大盘点，3个失控！2023年楼市还有救吗？（20230105第947期）	AJ8-deSs3sg
财经冷眼：多个警报接连发出，中国经济无言的结局！（20230104第947期）	_n9LGEb2K8s
财经冷眼： 中国多地爆发烟花革命，尝到抗争甜头的民众不再恐惧！中共政权坍塌前的信号接连释放！（20230103第946期）	Y-KPcuhmuzo
财经冷眼：模型精准测算：死亡3000万人 ，节约养老金5.4万亿！ 习近平躺平式谋杀又大赚一笔！倪心怡失踪被证实，谁在洗地？（20230102第945期）	SYcWW0TIvNk
财经冷眼：倪心怡是否被抓起激烈争议，李老师辟谣可信吗？许家印想当政协副主席引习不满？习皇高层会议点名批马云、许家印、李嘉诚有政治野心！（20230102第945期）	JgWHmMFo2a4
财经冷眼：全球网友投票评选 ，深度点评2022年度十大中国新闻！和你预想的是否一样？有些要上史书！习近平看到后要气晕！（20230101第945期）	8qvtyDzLJJg
财经冷眼：红二代发小10问习近平，骂其脓包 ！习在新年贺词中为自己辩解！全网营救喊“习近平下台”的女生！冯小刚为正义发声，要拍摄“2022”？（20230101第944期）	wwyr--TItxs
财经冷眼：警察16个月没工资，基层政权加速溃败信号！ 6-8亿人感染，方方刘心武控诉躺平式放开！英法加入限制中国游客行列！（20221231第943期）	hsIT5SoXB_o
财经冷眼：女红二代痛批习帝，网络疯传！中国飞意大利航班半数阳性吓坏欧洲，美国宣布限制中国游客入境！英国即将限制，全球如临大敌！（20221229第942期）	szqfdGhF1Hk
财经冷眼：全面放开出境限制，出境机票搜过暴增8倍，出逃良机？多国加强对中国游客检测，北京黑市辉瑞药爆炒至1.7万！朱镕基去世了吗？（20221227第941期）	W91XrKeXAT4
财经冷眼：中国房价大跌后，银行开始催房主追加本金！ 银行收房潮会到来吗？若断供，房子到底归谁？（20221224第940期）	-IQPYsuqkS8
财经冷眼：内部文件流出，日增3700万例，2.5亿人感染 ，中国新冠浪潮让全球心惊！ 世卫和美国质疑中国数据，中共3次拒绝美国帮助！ （20221223第939期）	Qg8djF4e5-o
财经冷眼：放开后，A股5连跌，说好的信心呢？什么信号？特供阶层霸占抗原、退烧药品内幕揭秘！大量高官名人因新冠去世！制造业大国挤兑药品的经济原理！（20221222第939期）	9M_VwatqOUU
财经冷眼： 神州迎来新冠洪流冲击，为何症状普遍严重？投毒？美国再次表示愿意帮中国抗疫！（20221221第938期）	90pwoyozGo4
财经冷眼：日本偷袭，全球股、汇、债暴跌！错误以为放开就能让经济增长，大肆鼓吹资产价格背后的阴谋和陷阱！网友爆官员优先使用进口新冠药！（20221220第937期）	oOdHk0cCotw
财经冷眼： 中央经济工作会议是“定心丸”还是“崔命丸”？习近平又挖了两个大坑，大量民营企业家和房奴们正在跳！（20221219第936期）	Q_yjO3LhUWw
财经冷眼：赵长鹏遭调查，币安被挤兑一度限制提款，全球雷曼时刻导火线被引爆？（20221217第935期）	QuTZj4N-MR8
财经冷眼：胡锡进请求美国支援抗疫，请求辉瑞降药价引热议！美国大面积停止在华签证申请！全球资本市场暴跌，衰退开始计价！中美审计监管落幕 ，什么信号？（20221216第935期）	G40LzmSiyVw
财经冷眼：3大政策转向，中国走向何方？居民120万亿存款，政府动起了歪心思！房地产继续自由落体，救不活了！（20221215第934期）	PYHAOWx4Fu4
财经冷眼：大量北京尸体无人收，烧不过来，报警也没用，惨状堪比当年武汉！退烧药成硬通货 ，全民囤积疯抢！辉瑞天价新冠药国内上线 ，要买吗？（20221214第933期）	RhE0Lr6rNfw
财经冷眼：石油人民币美梦破产的背后，习近平外交再出丑！疫情大爆发 ，数百万人恐丢性命！（20221213第932期）	nrONPW97TIw
财经冷眼：盘点习近平17大烂尾工程！美国订单爆降40%，中国工厂或提前放假！沿海多省赴日招商引资，一夜回到40年前！外贸跌幅数十年来罕见， 三驾马车全熄火！（20221209第931期）	YANXgyQBOlc
财经冷眼：习氏三年清零，7大恶果重创中国！北京疫情爆发，医疗资源崩盘  ！（20221208第930期）	yj4GH4IbZ4w
财经冷眼：彻底放开，最新解读国务院防疫“新十条“！ 北京等地阳性激增，新冠大爆发势不可挡！全国抢购发烧药，连花清瘟价格涨数倍卖断货！拜登出席台积电移机典礼，美国的先机！（20221207第928期）	zBG82Jqz8fQ
财经冷眼：限制赎回后被挤兑，7万亿体量金融巨头被中国拖垮暴雷！全球金融市场迎来雷曼时刻？中国又一金融巨头出事！（20221206第927期）	8CkOm8YXgcI
财经冷眼：最新！两大经济支柱坍塌！不要让苹果富士康特斯拉逃了，后果不堪设想！在岸离岸人民币汇率升破7，人民币会如何走？（20221205第926期）	-WjytY0QaNM
财经冷眼：救市手段用尽，难阻大批城市破产！民众、银行、政府负债400万亿，改开40年白忙，财富去哪了？（20221104第925期）	CL-WFbinUdM
财经冷眼：多地放开防疫，为了更严封锁做准备？上海封锁越来越严，包帝的报复？（20221203第924期）	pfk1yciRacc
财经冷眼：许家印跳楼，谣言还是事实 ？官方辟谣的漏洞和疑点！清华学子发布告知书劝习下台， 白纸革命最佳文艺作品诞生！（20221202第922期）	kauWtcyIEJQ
财经冷眼： 美国制造业加速回流的背后 ，中国及这些大经济体被收割！台积电为何在美国设厂， 美全线进攻了！（20221201第922期）	LObx_Fyt6Ig
财经冷眼：突发！江泽民逝世，自然还是人为？ 为何在此时去世？对中国政局有何影响？胡锦涛、习近平，谁是下一个？  广州全城解封，什么信号？（20221131第921期）	B7KgjqpIPic
财经冷眼：上海区政府要求民众囤粮60天  山东230亿建永久方舱医院   网信办重拳整治翻墙工具    墙内人安全翻墙攻略来了！（20221130第920期）	LsIgNpatofw
财经冷眼：北京上海警察疯狂查手机抓人，联合国、美英警告中共保持民众和平抗议的权利！市场计价抗议 ，中国资产股汇双杀！ 赵立坚夫妇丑闻翻车，被全网围观！（20221129第920期）	4NKtUpgZOUg
财经冷眼：白纸革命席卷中国，结局如何？抗议者的诉求和习近平的软肋？博弈结局如何？上海抓人警察的名表亮了！张家的100家核酸公司爆红！（20221129第919期）	rZ_W9bV0zxQ
财经冷眼：50个大中城市民众走上街头，全民抗争风起云涌！北京、上海、广州成焦点！CNN、纽约时报、BBC等头条报道！抗争正在失控！黎明将至，中国人不怕共产党！（20221128第918期）	YZGBso_3s_o
财经冷眼：最新！上海民众街头高喊“习近平下台、共产党下台”， 北大学生聚众要自由！全国百所高校学生集体抗议，整个中国觉醒了！（20221127第918期）	xNQR_9GU6Vs
财经冷眼：全网热议，乌鲁木齐宣布成功清零的背后！习近平加速毁掉的3大遗产！中国13省人口负增长，3大后果要来了！（20221126第917期）	AbEJVp2fajg
财经冷眼：百万乌鲁木齐人走上街头，冲击政府大楼，市委书记讲话认怂！北京天津上海多地响应！新疆汉族人觉醒了， 武警全城维稳！大火是导火索！（20221126第916期）	WlTa8_fcVkw
财经冷眼：六大行1.3万亿紧急救楼市， 银行会被拖下水吗？通胀不管了吗？（20221125第915期）	VHYSkywcjBw
富士康最新最全报道：军警开枪，工人武装对抗中共政府震惊全球，西方媒体密集报道！全国调上万军警赴郑州镇压！工人用武器多次打退军警，全国部分城市开始呼应声援！（20221124第914期）	We78tBkHGc8
财经冷眼：《十问卫健委》刷屏朋友圈，作者被抓，文章正在被全网封杀！富士康员工二次起义，遭特警惨烈镇压！（20221123第913期）	E_wO3Us6U98
财经冷眼： 金融巨头被罚十亿美元？背后的大棋局再次拉开！继外债暴雷后，负债万亿的 房企巨头境内债务也爆了！（20221123第913期）	YV5YsGtSHV0
财经冷眼：今天，史诗级暴涨的背后，80万亿市场韭菜大收割要开始了！捂紧你的口袋！（20221122第912期）	wVv4LuCiM2I
财经冷眼：全网关注的武汉失踪男孩遇害，器官被摘光，墙内父母要警惕了！ 白卫兵膝盖跪卡脖引海内外愤怒 ，视频疯传！极端防疫下民不如狗（20221122第911期）	U4fTgU97PTY
财经冷眼：习近平夫妇密接李家超，全感染？石家庄躺平7天后后 ，迎来最严封城！书记市长全下课，背后政治水深，中国人的解封梦彻底破碎！（20221122第911期）	DL8Mup6vzHk
财经冷眼：大连招聘拉开海外关系政审序幕，有海外关系的家庭越来越麻烦！北京封锁催生恐慌性移民，上海人继续抛房移民，2022年最后一波移民潮来了！又一世界巨头撤离中国！（20221122第910期）	-koofBEcg0c
财经冷眼：近日青少年大量失踪的背后！北上广疫情升级，武汉大封城？      富士康员工大规模抗议！（20221121第909期）	nfjxl71Ki44
财经冷眼：这场大通胀，谁也无法独善其身！（20221119第908期）	-7_TkJvvebw
财经冷眼：30万亿资产踩踏式挤兑，墙内韭菜这一波割得有点狠！习近平在泰国再出丑，全球热传！（20221118第907期）	3EBEGNSF7nE
财经冷眼：习近平在20国集团峰会出洋相，视频遭疯传，国际关注 ！郑州大学生集体请愿遭清算！（20221117第906期）	FgUATXHGdwg
财经冷眼：突发！俄罗斯导弹袭击波兰至两死，全球高度恐慌！北约会对俄宣战吗？（20221116第905期）	0169aL7HIVY
财经冷眼：广州变第二个上海，民风彪悍抗议遍地！北京急转直下，大封城呼之欲出！石家庄躺平，试点OR财政危机？（20221115第904期）	tUDNbN_0JxY
财经冷眼：今天中资股汇暴涨，警惕金融十六条陷阱！“严出国宽回国”， 部分放宽防疫，警惕夹边沟重演！（20221114第903期）	34MOPLXkmP0
财经冷眼：移民行业遭突击清算，重蹈教培行业覆辙？半数墙内欧美人离开的背后，大棋局正在收官！3大不可逆的趋势，中国经济覆水难收！（20221111第901期）	lVEl3PIVhZ8
财经冷眼：2022年最大黑天鹅来了，大批金融巨头正在被拖下水！美国中期选举如何？（20221110第900期）	FKZxbG5Z0ss
财经冷眼：最新！收割加速 将对高净值人群征税！移民海外要征注销户籍税？央行下场印钱救房企！10月份外贸雪崩的信号！（20221109第8919）	6-pPRLxtX8c
财经冷眼：3千加陪睡换一张出疆证，天价出省证在中国遍地开花的背后！中共海外派出所威胁大量华人引恐慌，全球各国联合抗击取缔！（20221109第898期）	CkFrayfAJ_o
财经冷眼：大批外资抄底中国楼市？真相如何？结局会如何？（20221108第897期）	faS5FHi3d9A
财经冷眼：广州封城在即，民众纷纷外逃，黄坤明功不可没！粉红大V纷纷反水批清零的背后！央视入股字节跳动，公私合营再加速！（20221106第896期）	pYvKMrmT9-I
财经冷眼：今天，刘强东第三次清仓转让股权引墙内外热议，套现千亿要提桶跑路？人民币、港股A股暴涨，又一个大棋局！（20221105第895期）	WV5Duz9UqUQ
财经冷眼： 每天4万家企业倒闭，半年310万家工商户注销 ，中国经济加速落体的背后！31省全赤字，印钞能挽救财政崩塌吗？恶性通胀来了咋办？（20221104第894期）	wWJ-nim34mM
财经冷眼：4家房企巨无霸暴雷，万亿债务违约来了！联通、腾讯公私合营 ，墙内恐慌！国营食堂大面积铺开，计划经济所有信号齐了，苦日子来了！（20221103第893期）	bw3lLVyIljY
财经冷眼：中国明年3月将全线开放? 王沪宁工作组研究解封真假？兰州上热搜，大批军警镇压维稳，究竟发生了什么？（20221102第892期）	vJrQzzqyxtk
财经冷眼： 20大后启动5万家供销社，背后的大棋局！中信等国企财团收购腾讯，意欲何为？中央救深圳财政，房地产税要启动？7部门下文，明星代言熄火，娱乐业坍塌？ 样板戏来了！（20221101第890期）	DtRkPpyFnwU
财经冷眼：女首富带双胞胎儿子撤到美国，今天龙湖地产股价大跌44%！富士康大逃亡后，河南全省沦陷？ 河南经济和苹果帝国遭重创？！（20221031第889期）	7tQ0flwYRjE
财经冷眼：震惊中外，郑州数万富士康员工大逃亡 ，堪比1942！为了基本自由，国人被逼奋力一搏！（20221031第888期）	FVPJdEappQs
财经冷眼：德总理访华，美日对华封锁被撕开？习近平访沙特背后玄机？人民币国际化？冲击石油美元？（20221029第887期）	uyWyPIOxWo4
财经冷眼：金融高官呼吁不要抛本币买外汇 ，他们害怕什么？ 富人精英集体出逃美国！A股港股反弹两天后暴跌创新低，套了多少韭菜？马斯克收购推特引华人恐慌！（20221029第886期）	QY8s32GbJFE
财经冷眼：西宁封锁发生人道灾 难上热搜！拉萨、郑州大规模抗议被镇压 ！20大后，北上广深封锁变本加厉！（20221028第884期）	4PmPGxrmJ4Q
财经冷眼：前9月财政赤字暴增3倍，最后的稻草来了！“两个确立” “人民领袖”未能写入新党章，什么信号？武汉猪肉停售5天？什么原因？（20221027第883期）	6kwsek3eJrs
财经冷眼：急招2.5万人查税4千家上市公司，打土豪补财政窟窿！又一房企巨头暴雷！香港期交所拔网线？章子怡表忠心遭骂， 纽约领事馆指示顶级大学华人学生会20大征文，全美警惕（20221026第883期）	S5ZnNswDADs
财经冷眼：最新！金融高层下令入场维稳股债楼！赌场关门，高层限制外资带走本利！京沪苏浙大量富人抛资产撤离，上海豪宅3、4折出售！（20221026第882期）	J40TeDi02ms
财经冷眼：上海豪宅暴跌！倒查30年，体制内韮菜难逃一劫！这两招能救地方财政吗？中国经济30年繁荣的本质，99%的人都看不知道！百姓资产大幅缩水，润的最大障碍来了！（20221025第882期）	zU5ov_7BjSM
财经冷眼：全球不计成本抛售中国资产，中概股崩盘20%，基金纷纷清仓！人民币跌破所有支撑至7.32，7.5指日可待！拼多多暴跌32%阿里暴跌19%  ！习将取消香港特区？（20221025第881期）	UwkLXJCUgPs
财经冷眼：二十大后首日，外资疯狂撤离，港股暴跌崩盘，阿里京东美团跌超10%！香港股汇债楼四杀，中国金融山海关告急！政治大倒退  ，警惕中国恶性通胀！（20221024第880期）	AUuUlQdz1oE
财经冷眼：习称帝全网恐慌，抖音微信悲愤热议，上海两女孩拉横幅抗议！抛售资产风将加速 ，今天A股会崩吗？ 海内外掀起反习高潮！（20221024第880期）	aSTV6PQNmlo
财经冷眼：最新！7常委被习家军垄断，地痞蔡奇入常，团派独苗胡春华出局！工人出身李强任总理，经济无悬念继续崩！中国至暗时刻来了，中国人跑吧！！（20221023第879期）	Nnc5Uj8qxJY
财经冷眼：习近平政变成功，新常委尽是习家军！习更换中央委员名单强行表决通过，胡锦涛被羞辱释放的政治信号！二十大后民变兵变会急剧增加？（20221023第878期）	NjGTEPFC2nQ
财经冷眼：突发！胡锦涛被习近平驱离20大闭幕式会场，背后原因揭秘！团派入常希望全灭？（20221022第877期）	aIh-i9seWKc
财经冷眼：未来10年中国的12大趋势，不可逆转！如何趋吉避凶，自求多福？（20221020第876期）	oAKM4SEGpns
财经冷眼： 最新！碧桂园向广东省政府求救？比肩恒大的雷终于要爆了？复星也麻烦了！紧急推迟公布经济数据，背后的政治信号非比寻常！（20221018第873期）	dXd0XwcYdcs
财经冷眼：零首付大潮来了 ，大批人入坑！中国次贷危机进入高潮 ！2022年买房的人万劫不复！（20221017第882期）	Wr54g8SzW7M
财经冷眼：四通桥事件继续发酵，全球关注营救彭载舟！习近平为何会如此恐惧？（ 20221015第881期）	7GMT2aOqHrg
财经冷眼：刚刚，北京惊现“坦克人” ，勇士打横幅要求独裁国贼习近平下课后被抓！更多内幕海内外疯转！（20221014第880期）	C1oVThHfamY
财经冷眼：中国美籍海归掀离职潮！美国芯片人员从中国大撤离，中国半导体遭遇灭顶之灾！美国为何选择在20大前出手？（20221013第879期）	iMDrFPuYFX4
财经冷眼： 全球多根金融支柱开始坍塌！中美英日都被卷入！（20221013第878期）	gzgfN3VSyD4
财经冷眼：银行巨头大暴雷？一场远超08年的金融危机来了！人民日报称清零长期化引恐慌！（20221011第877期）	XL1EZW1fHcg
财经冷眼：多地国企、银行下场买房，楼市进入救市第三阶段 但 一切都太晚了！（20221009第876期）	qGqN7s4yOkM
财经冷眼：楼市还没救完，银行又要救了！中国重大金融危机开始爆发，并波及世界！（20221007第875期）	4crOY_fbNyA
财经冷眼：开始收大学生护照了，什么信号？美国楼市加速下跌，何时抄底？（20221006第874期）	oTeFWPk63mA
财经冷眼：救市手段用尽楼市不止跌，中国政府彻底绝望了！福布斯宣布中国金融危机爆发！（20221004第873期）	UBb7nMS3L_g
财经冷眼： 人民币黑市，汇率会到1:10吗？几大国有银行联手阻止人民币贬值 ！（20221001第872期）	b0XtyDqUqcI
财经冷眼：“恶意卖房”遭到大量举报， 中国楼市抛售成风！（20220929第871期）	TCXKssKSJwc
财经冷眼：多国货币崩盘，欧美债市崩溃！比08金融风暴更大的危机来了  ！    中国经济今年负增长？热门电影打脸习近平被全网下架！（20220928第870期）	b_7rImWAy0U
财经冷眼：人民币汇率瀑布接近7.2！中共20前将防止市场抛售股票，什么信号？金融维稳能防股汇债楼崩盘？深圳下沙人起义被镇压！（20220927第869期）	Ea8voP-bnTY
财经冷眼：接连6件大事，习近平大麻烦了！（20220924第868期）	WmiDcojt2wc
财经冷眼：银行断崖，加上了最后一根稻草！（20220923第867期）	u1laEj8gRDA
财经冷眼：人民币自由落体破7.1，其背后最硬的支柱塌了！中国罕见取消60%航班，发生了什么？ 香港外汇管制，楼市大跌， 股汇债楼4崩！俄罗斯人疯狂出逃！（20220922第866期）	1KZ-ZMysWgo
财经冷眼：武汉大学生抗议遭镇压？李佳琦解封的政经信号 ！伊朗人站起来了，中国人呢？（20220921第865期）	re6nbH37o54
财经冷眼：20大前“欠”稳，习近平连夜从国外回京背后！贵州大巴车事件点燃民愤，官方开始封锁消息！（20220919第864期）	kAEBzias3gI
财经冷眼： 经济加速滑坡，大放水也无回光返照！（20220916都864期）	9F9ICuAIQtM
财经冷眼： 习近平出访现两丑闻，普习矛盾为何在全世界公开？欧洲在台湾问题上放大招！美国禁止中国在美投资高科技！（20220916都863期）	LLzs46Srr94
财经冷眼：人民币大跌破7，旅游名义换汇正在被取消？中国净外储跌至数的背后，一场美元挤兑潮可能上演！（20220916都862期）	wcW5jdleFUw
财经冷眼：大降70%，忽悠手段用尽，已经没人买房了！（20220913第861期）	hbtBO1eCRvI
财经冷眼：30万亿暴雷开始，四大一线城市下文要过苦日子！（20220912第860期）	od71_nY4neo
财经冷眼：普京以叛国罪被指控！俄罗斯兵败如山倒，俄罗斯2万人被包饺子！乌克兰大反攻势如破竹！习近平跳船切割！（20220911第860期）	w5tIxhAiHrg
财经冷眼：北京疫情爆发，封城终极模式要来了！北京人请赶快囤粮！伊犁爆发人道灾难，水军维稳！非疫情区也要核酸常态化（20220910第859期）	ZDiqPbyaS6I
财经冷眼：  房价跌幅越来越大，爹妈都认不出来 ！北上广深也无法幸免！（20220909第859期）	AbYm463vBxs
财经冷眼： 贵阳大饥荒，压不住了！（20220908第858期）！	WG1f9Hn_fq4
财经冷眼：20万亿巨雷开始引爆，规模远超地产商和村镇银行！（20220907第857期）	raF1RyAiFk4
财经冷眼： 欧洲崩盘！比泸定更大的地震在后面？（20220906第856期）	5JTz4aB0MO4
财经冷眼：武汉市民抗议封锁遭镇压，深圳成都大连封城！(20220905第855)	cu5OSHN67Cs
财经冷眼：南京银行无法取款的背后，一场金融风暴来临！乌克兰大举反攻，俄罗斯陷入绝境（20220903第854期）	7GUE4GfXmk4
财经冷眼：成都等8个千万级人口城市封城    基层政府处于崩溃边缘        动态清零陷入绝境      台湾击落中国无人机！(20220903第853期)	8UcGMvn7cbE
财经冷眼：易中天龙应台被封的背后！赵立坚侄女的生意查清！疫情升级多处封城，天怒人怨！（20220831第852期）	6yozuImOA9k
财经冷眼：全民开始收智商税！（20220830第851期）	vN7Bo3krkf0
财经冷眼：赵立坚侄女日进8千万引热议的背后，深挖释放的信号非同寻常！（20220828第850期）	DLcEnTV5EYM
财经冷眼：任正非“活下去”吓崩股市，揭穿中国经济谎言打脸二十大，“活下去”紧急撤下热搜 ！4名地产大佬被捕！（20220825第849期）	6IagdGvTEuc
财经冷眼：楼市超乎意料大降息    大批接盘侠又冲进去了！（20220824第848期）	XaarAv-hVlI
财经冷眼： 中国财政的救命稻草，红绿灯新规背后的敛财法门！乌克兰成立台湾小组踩中共红线  日本国会议员集体访问台湾！（20220823第847期）	cgg1BaMVg3g
财经冷眼：司马南被全网封杀，孔庆东被封！左棍大V们滑铁卢背后的政治信号！ 李立群父子公开反动遭小粉红围攻，亚开行切断对中援助！（20220822第846期）	slvFS1ivzWw
财经冷眼：住房空置率指标全面报警，抢着甩房的时候到了，这五条应该记住！（20220820第845期）	-E_4o1qTuP8
财经冷眼： 长江嘉陵江洞庭湖见底，重庆武汉上海饮水出问题，三峡无水可放！百年罕见高温旱灾席卷半个中国！（20220820第844期）	B854eSNL5mQ
财经冷眼：领导干部被要求买4套房！意外降息后，人民币飞流直下！地方财政纷纷崩盘，漫长的苦日子来了！（20220817第843期）	JrwL8cRJpaE
财经冷眼： 社融数据崩塌，背后释放的危险信号！（20220816第842期）	5bKkkzkHuHU
财经冷眼： 邓家第四代炫富成墙内热点！民生银行暴雷，权贵们如何瓜分民生银行？（20220812第841期）	_7uVMfjpxRc
财经冷眼： 又有两家房企巨头暴雷，TOP50房企几乎全军覆没！补救都于事无补，财富收割速度越来越快了！（20220811第840期）	kLJK9MGb48g
财经冷眼：银行惩罚提前还贷的购房者 ，中国人死活不肯负债了！背后的信号让人不安！（20220809第839期）	DurrfE-RMF4
财经冷眼：海南封岛，上海岁静游客关门挨宰上热搜，中产要被收拾干净？北京人因户口歧视移民日本引热议！威胁台湾不成，中国黄海军演威胁韩国，又要翻车！（20220808第838期）	_-kY06_ahMU
财经冷眼：三亚封城，8万外地游客抗议遭警察镇压！台湾民航飞行员喊话中国战斗机 ，“中国人是中共的奴隶” ！中国楼市回光返照后急速下挫！（20220807第837期）	tmSRxT-J1BM
财经冷眼：北部战区第80军扬言对美备战，中美热战概率有多大？  二舅穿帮越来越多 会下架吗？（20220730第836期）	l5Im2VH7Mlc
财经冷眼：转移国内矛盾 ，习近平对美国发难 ！国内经济危机绷不住了！（20220729第835期）	5sThQ4TmQDw
财经冷眼：谨防韭菜躺平，中国政府恐慌力推“二舅精神”！背后体现了10大不堪社会现实！（20220728第834期）	1grVUGjiSUE
财经冷眼：中国经济会陷入通缩陷阱吗？全球经济危机最粗的导火线来了！（20220727第833期）	Q76-Kg-V5Ao
财经冷眼：官二代炫富刷屏网络引众怒，省部级高官被拖出来！习近平内部讲话号召学习朝鲜？  反日浪潮凶猛 ，什么目的和信号？（20220726第832期）	s75-HIBV1o4
财经冷眼： 34城房价跌回数年前，这5类垃圾资产千万别碰！房子卖不掉怎么办？千万不要做接盘侠！（20220726第831期）	sUCabcvvDqI
财经冷眼：辟谣无效！疫苗致白血病、癌症扩散引恐慌 ！疫苗灾难背后的人口灭建阴谋！习近平打的国产疫苗？（20220724第830期）	xpGqaUFc42U
财经冷眼：上海1万人带走480亿美元，郎咸平也跑了，百姓和政府同时恐慌的背后！港金局22次出手保港币，一场风暴正在酝酿！ （20220721第829期）	lf7zEIwNTc0
财经冷眼：多省银行开始限制提款！拟给烂尾楼业主还贷缓冲期？包帝加冕，请欧洲四国站台遭拒？赵立坚讨好欧洲遭嘲讽！（20220720第828期）	2H3fnS2lUgw
财经冷眼：青年失业率爆表接近20%，红三代集体动手收割互联网大厂！深圳小区居民大逃亡， 中国多地疫情重复爆发！（20220719第827期）	GCFH_c77f7g
财经冷眼：西安上千烂尾楼业主围攻陕西政府，其他省份正在效仿！5万以下中小储户无法提款被骗 ，更大抗议浪潮在酝酿！两股维权力量合流引中共更大恐慌，慌忙封杀！（20220716第826期）	nbplP6bA1s8
财经冷眼： 今天！第二季度GDP扑街 ，全年目标泡汤！习近平到新疆考察 ，什么意图？电子手环在抵制中叫停，盘点近日防疫中的歪招！（20220715第825期）	ZSjZ8ScbGZ8
财经冷眼：最新！半年356万家企业、工商户倒闭 ，经济崩溃速度超出想象！ 楼市断供潮全国加速蔓延，郑州业主发起义宣言 ！ 烂尾停贷者如何反敲银行一大笔？（20220714第824期）	biATYITLnUQ
财经冷眼：外资大量抛售中国债券的背后！ 欧元兑美元跌破平价释放的信号，  欧洲大麻烦了？日本德国生变，黑暗的时代不远了！（20220713第823期）	b8wcxPiP9bg
财经冷眼：近10省市数十个楼盘业主齐断供，有组织的断供潮席卷全国，银行慌了！中国地产泡沫破灭，香港建防火墙防止金融被波及！（20220212第822期）	oE0v3ALy4MU
财经冷眼：  又一万亿市值银行无法提现？ 河南政府妥协，垫付资金赔储户？背后的陷阱要注意了！ 国产文档软件自动删本地文件引恐慌！（20220712第821期）	HFOjv1525BI
财经冷眼：3千储户维权，要求李克强查河南，要求自由法治，遭数千警察暴力镇压 ！ 2000余人被抓走 ，对抗异常激烈！ 一带一路样板国家债务崩盘，一带一路引爆全球债务危机！（20220711第220期）	QpvDjRfJCAk
财经冷眼：安倍遇刺，官媒和民间大肆庆祝成全球热点！英日政坛生变，一个黑暗的世界来了？ 北京取消疫苗令，蔡奇挑衅李克强失败！（20220709第219期）	l1lXMx8cvnk
财经冷眼： 以调剂为名拐卖孩子刷屏网络！上海重启全员核酸，会再次封城？ 中国政府设置天量基础设施基金，苏宁被申请破产清算？（20220707第218期）	ZhHhEbHxXIQ
财经冷眼：6千亿巨头海内外债务同时暴雷，信托行业被拖下水！比无法提现还狠  银行再出损招破底线！ 港币遭致命一击，脱钩越来越近？（20220705第823期）	iMrqOgMD-6g
财经冷眼：最新！深挖南京银行暴雷的惊心黑幕！谁掏空了它？它会拖垮哪些巨头？规避所有南京、江苏资产，  中国银行业进入遍地雷暴时代！（20220702第822期）	WNPPyQJ801w
财经冷眼：银行内部人士揭金融黑幕：中国经济如世界末日 ！又一跨国巨头全面撤离中国！比地产泡沫破灭更大的危机来了！（20220701第821期）	4liElcA0wT0
财经冷眼：万亿房企巨头被起诉破产清算，债务危机真来了？外资抛售万亿股票，这个巨头扛得住？做空中国将成风潮？（20220630第820期）	pkju4Zux_ZI
财经冷眼：9名地方大员打响入常争夺战！北京“未来五年防疫常态化”吓坏国人 ！习近平到香港为何不敢过夜？ 金砖与G7公开对抗，会分裂成两大阵营？（20220629第819期）	RxGcBq_KLqg
财经冷眼：20城强推房票，这个金融大坑千万不要跳！恶意不买房是什么鬼？打劫时代来了，悲观的人活得长久！（20220627第818期）	yXgo1hg_8Vs
财经冷眼： 最新！万亿国资房企巨头暴雷，楼市坍塌加速度！刘强东转移天量资产20大前出逃？最新资产转移套路大盘点！（20220626第817期）	hsCtg2pJtPI
财经冷眼： 各城市财政、经济崩盘，  靠罚款度日！医保掏空后，医疗系统崩盘难以为继 ！上海禁堂食，广东百年一遇水灾无人管！（20220624第816期）	BZY7Laagv78
财经冷眼：逆势重启人造牛市，中国政府想干什么？股灾会再来吗？开发商收小麦大蒜作买房首付，什么信号？ 这些国家被美联储拉爆了 ！（20220621第815期）	_casXP4HOPQ
财经冷眼：楼市所有的救市宣告失败，只等最后的烟火！买的房子烂尾，房贷还要还 ，这个热点在墙内引恐慌！（20220620第814期）	_ZmUAX3gM_w
财经冷眼：机构暴雷不断，挤兑踩踏成风，3万亿美元资产将归零？ 2022年“雷曼”金融危机已爆发，风险资产清仓保命是正解！（20220619第813期）	FmWVh-Smj8g
财经冷眼：最新！又一家万亿央企暴雷！墙内挤兑成风，多地成立公务员降薪办，教师降薪维权被镇压！楼市崩盘下的财政断崖有多惨？（20220617第812期）	1nB9sVPNZqg
财经冷眼：大量维权储户健康码变红，数字极权吓坏墙内群众！对失业青年收失业费？（20220615第811期）	1YBIejLWqDg
财经冷眼：全球滞胀愈演愈烈， 股灾币灾的无差别时代到了！50年一遇的黄金布局机会！滞胀会是民主党的滑铁卢吗？（20220613第810期）	sWKW5fVnCE4
财经冷眼：中国进入无差别血案时代，墙内要学会自保！习近平如何利用唐山事件做文章？上海浙江山东逼捐公务员，财政崩溃的信号？南方惨烈洪灾无人管！（20220612第809期）	QBsiEBaqC6s
财经冷眼： 多家银行暴雷无法提现，百万储户集体维权遭强制打压！中国金融的灰犀牛终于来了！（20220610第808期）	jjOR9Csqnzs
财经冷眼：上海7成企业不愿复工  什么原因？上海经济玩完！房子销量腰斩  各种救市回天乏术，有史以来最大的泡沫加速破裂！（20220609第807期）	1yPibeQ9rng
财经冷眼：又一世界大国鼓励企业撤离中国，什么信号？中共学者扬言抢台积电，暴露战略意图！ 俄施压中共要援助，包帝里外不是人！（20220608第806期）	ZdzbF-8ciz8
财经冷眼：李佳琦悖论，90和00后的绝佳政治启蒙课！全球媒体报道币安洗钱黑幕，加密货币的最后一根稻草来了？我的10天美西房车之旅！（20220607第805期）	ZFL_wh6qw5w
财经冷眼：最激烈的大学生反抗：天津大学学生游行示威，高喊“打倒官僚主义”！调查核酸提成，科兴高管离奇去世的背后！核酸一年花1.45万亿，掏空医保？（20220527第804期）	hGaEuTJcJ_Y
财经冷眼： 经济雪崩！李克强紧急召开10万人大会，为救经济还是为政治？ 救得了吗？ 北京两所高校学生游行，要求校方和警方解封！英国关闭北京上海签证中心 ，什么信号？（20220526第803期）	bcTPnEQa2vc
财经冷眼：又一跨国巨头撤离中国！多省市财政雪崩，公务员普遍大幅减薪，深圳公务员收入腰斩！华东政法大学只有20%学生签约就业的背后！（20220525第802期）	amJl410h-5E
财经冷眼： 美国承诺武装保卫台湾 ，战狼炸锅了！印太13国结盟排除中国产业链，这两个国家笑醒了 ！美国支持日本入常，中俄要被踢？（20220524第801期）	_48rzLsV7as
财经冷眼：除了胡锡进，真没人关心经济了？马化腾等富豪大佬集体发声，想造反？中国经济紧急刹车的后果！（20220523第800期）	dGoVUTbw780
财经冷眼：继东盟后，美国拉日韩重组产业链，中国经济在孤立中加速恶化 ！中国年轻人失业率接近20%，远超欧美 ！富人和中产都在移民，逃离上海！（20220521第799期）	3OyZB8l0DS0
财经冷眼：最新！又有两大支柱行业雪崩，中国经济7头灰犀牛来了！85%应届毕业生失业！今天央行降息救市，人民币会被美元拉爆吗？习近平禁止省部级以上高官海外资产，什么信号？（20220521第798期）	QmT0q_ie8kU
财经冷眼：最新！李克强崛起的两个标志性事件出现！禁止老干部妄议中央，什么信号?美国找出东航飞机人为失事证据！上海解封上的政治斗法！（20220518第797期）	cg8-_NzLVGM
财经冷眼：中国政府再出重拳救楼市，大批韭菜又冲进去了！中国次贷危机已爆发，这些城市的房子赶紧卖！（20220517第796期）	-4vD82zedBI
财经冷眼： 最新！北大学生集体拆墙抵抗校方封锁，感觉像六四前夜，会掀起政治风暴吗？上海宣布解封，李克强万言文霸屏人民日报，习近平清零派落败？（20220516第795期）	xuk0J1POBfo
财经冷眼：最新！美国东盟重组产业链，中国被排除在外？ 总加速师再加速， 失业人数将达4亿？（20220515第794期）	3k2wYxcqukM
财经冷眼：李克强经济上拨乱反正，影响力急剧上升！总理接班人问题上和习近平暗战的背后！官方发声“非必要不出境”，什么信号 ？最后一代韭菜的悲壮反抗！（20220514第793期）	zZjf6Od5Xco
财经冷眼：两大跨国巨头撤离，胡春华紧急开会稳外资！出口多行业腰斩， 唯一经济支柱坍塌！世卫组织批评中国清零，战狼出击！普京照片流出，死相尽显！（20220511第792期）	BjnYULZaLk8
财经冷眼：王岐山会见韩国总统，3次蔑称习近平，什么信号？ 上海抄家式消杀引民愤，毕生心血买的房变韭菜盒子，精英纷纷上书，中国人该如何捍卫人权和自由？（20220511第791期）	g-3y1WI69hk
财经冷眼：碧桂园多个账户被冻结，暴雷？10多所高校20多名教授联名，质疑上海封锁合法性！北京大学生和警察对峙，六四会重演？ 留学出境护照被剪，润时代终结？胡锡进惹恼韩国！（20220509第790期）	R-3eNwAsow8
财经冷眼：最新，上海3月以来最大反抗运动爆发！北京封锁升级，福奇批中共防疫背后！国际最新动向，两大外交压力迎面扑来！（20220509第789期）	V6SrPNlgBsE
财经冷眼：胡锡进发文批习近平清零后删文 ，有何玄机？ 美元加息致全球资产被血洗，人民币暴跌接近7！强推电脑软件国产化 ，成都大运会取消？英日联合民主国家反独裁国家 ！（20220506第788期）	F-Egd4gTHuU
财经冷眼：柳传志父女等集体清空微博，出什么事了？ 政府强行持股民营巨头，公私合营？ 马某乌龙背后，民营企业家会集体跑吗？（20220504第787期）	hghx4jxVqgQ
财经冷眼：美要没收中国万亿海外资产？高层慌了，紧急开会想办法！强制结汇，取消5万美元购汇或将实行！投资移民卡死，留学从严从紧，润的门变窄！赵战狼软了，谈中美友谊，为何（20220502第786期）	NKsJQw-dimw
财经冷眼：澳洲小伙举牌问候习母，遭粉红围攻！微信公开IP属地，大批海外爱国大V翻车！ 广州女关员桃色事件，致海关、公安系统大乱！谷爱凌乘私人飞机返美，北京要封了（20220501第785期）	pTvS8-u1wVQ
财经冷眼：最新！人民币连续跳贬，惊动习近平紧急救市！股汇债楼4杀，救得了吗？经济恶化，中共承诺放松对科技巨头打压，有人信吗？！白卫兵现身美加，被当成笑话怪物！（20220430第784期）	1j0eosZwYWo
财经冷眼：火爆！志愿者炫耀1天赚1万，领导1天赚30万，称希望疫情不结束，网上引发众怒！天津市长出事，背后隐情让人心惊！（20220429第783期）	3tBf06s1zVA
财经冷眼：李嘉诚大举投资越南 什么信号？外资内资为何集体撤离中国？  越南大爆发，中国被逼到墙角！（20220427第782期）	tpjnowubAtM
财经冷眼：为什么现在不提双循环？股汇双杀背后的凶险信号！无锚印钞要来了吗？就业、消费全面GG！现身说法，他卖了国内别墅想RUN，还有机会吗？（20220426第781期）	J0rAL4aO1X0
财经冷眼： 最新！A股股灾大崩盘！人民币汇率暴跌，离7越来越近！发生了什么？全球为何疯狂抛售中国资产？北京封城的高潮要来了！（20220425第780期）	b4zrgMmgcWw
财经冷眼： 四月之声刷屏朋友圈被封杀！今上为何恨上海？上海围城将如何收官？普京身体出问题了？（20220423第779期）	kB70C3GeYbo
财经冷眼：美元黄金石油同涨，什么信号？人民币资产会归零吗？上海人办理移民暴增 ，中介忙不过来！（20220416第778期）	eRrwJ_yTVuo
财经冷眼：突发！多家银行无法提现，被挤兑，发生了什么？日元、人民币大幅贬值的背后，强美元有多恐怖！如何投资？现身说法，房奴断供有多惨，断供潮来了吗？（20220421第777期）	dIQQiTMJ9Hs
财经冷眼：方方再次发声，王思聪被封的背后！上海人开展抵制核酸运动！刘鹤释放的政治信号！移民潮汹涌，“润学”大行其道！“偷着乐？和国歌成禁搜！（20220420第776期）	3tw8zCzn2o8
财经冷眼：连花清瘟引公愤，背后博弈级别！孙春兰视察造假穿帮，新闻联播造假翻车！ 中国无解的循环！（20220418第775期）	S75BkL_GoKQ
财经冷眼：上海人绝地反击，2000万阅读神文被封后复活！上海人到底有多绝望？ 金发碧眼女网友为上海向全球发声！（20220415第773期）	tHsLJ8I5Kug
财经冷眼：资本外流汹涌，这个信号终于来了 ！两年来中国经济唯一亮点熄灭，人民币汇率趋势形成！日本网友对中国时局深刻剖析，大批日资撤离！（20220414第772期）	iRlnzg3oBjc
财经冷眼：步行40公里，手撕铁丝网去浦东机场，两个家庭惊险逃离上海出墙！3个知名大五毛吃到铁拳，上海两脚羊黑暗时代开启！（20220413第771期）	MESbU9t7Wn8
财经冷眼：深度！“统一大市场”背后的大棋！腾讯员工月入6万 ，房贷逾期将破产！中国版次贷危机来了吗？（20220411第770期）	HYEqx8bfb3c
财经冷眼：最新！坦克开进苏州，发生了什么？北京也危险了！为何大洪水首先袭击上海？墙内终于出了个明白人，把上海发生的说透了！（20220410第769期）	3_nta6f_YNQ
财经冷眼：最新！继上海后，大洪水开始冲击广州！墙内网友勇发公开信，海内外热传！抢超市，群体抗议遭警察镇压，上海人怒了！（20220410第768期）	V_0e8gtgosg
财经冷眼：最新！4大行起诉20万断供房奴，断供潮来了 ！请求延迟还贷上热搜！国际订单绕着中国走，唯一增长支柱外贸熄火，萧条的信号全面发出！（20220408第767期）	nfdl-Q9Ba1c
财经冷眼：你的选择，决定家族的命运！中国人还有多少机会逃肉身翻墙？这里有一条通道！（20220406第765期）	D0h9k4xNnnY
财经冷眼：政治恶斗，上海开始进行军管 ！上海人苦日子何时到头！ （20220405第764期）	33ZI2lCv9ts
财经冷眼：中国经济寒意越来越大重！（20220404第763期）	RAdPK0h2P0Y
财经冷眼：两大地产超级巨头暴雷！越救越差，多城楼市跌回10年前！（20220330第760期）	dIEmnfZ5H74
财经冷眼：今天，又一国从俄手中抢回有争议领土！乌克兰进入大反攻！朱相上书9条？条条针对习？真相是什么？上海进入紧急状态，半夜封城 ，民众疯狂抢购！（22020327第759期）	pspecULb2M4
财经冷眼：最新！俄乌效应，资本大规模撤离中国！继日本后，又一国在俄罗斯背后动手了， 美国要求普京下台！江浙沪疫情对中国经济打击有多大 ？（20220327第758期）	3I-fwiE8Uuc
财经冷眼：极端封锁下，上海深圳民众抗暴纷纷爆发！故宫失火浓烟滚滚？什么情况？西海岸五日游，我的体会及中美未来的不同（20220326第757期）	lHoU7GyDrM8
财经冷眼：房地产税再次落空的背后信号 ！ 清零、停产、撤资、制裁， 中国GDP今年能保5.5%？（20220320第756期）	UhFpG-1fZ-0
财经冷眼：最新！深圳大封锁，大量人员逃往广州？俄1.4万士兵死亡，5名将军被干掉，乌全线大反攻！ 乌克兰卧薪尝胆军事变革密码！上海疫情爆发变武汉 ，中国土地财政塌方！（20220320第755期）	BrsxpW_Rbro
财经冷眼：沙特石油人民币结算的背后！​俄外交部长飞2800公里临近中国为何折返？驻美大使秦刚惨烈翻车！​明天拜登要电话警告习近平？（20220317第754）	SsKsgAnmEWc
财经冷眼：美联储加息 ，中资股为何股暴力反弹？能持久吗？俄乌战争最新动态！  又一中国大邻居民主化改革 !今天！美国抓捕5名中共间谍，涉民运4件大案！大事一件接一件！（20220317第753期）	l2GReKv7Eu8
财经冷眼：最新！阿里腾讯裁员30%上热搜，民众担心美国制裁致经济大倒退！武汉外科医生为何说“中国挺不过两个月欧美制裁”？经济数据太“靓丽”，现实太残酷，民众不买账！（20220316第752期）	PRHKZt1oAmI
财经冷眼：A股港股中概股，全部加速崩盘！全球中资资产被疯狂抛售！中美罗马谈崩，习近平为何要为普京殉葬？普京向中国开口要这5样东西，会给吗？（20220316第751期）	WN9dsAJUXQg
财经冷眼：深圳上海封城，上海民众集体反抗封锁被抓！普京向中国开口，要武器要资金，给OR不给？  沙利文紧急会谈杨洁篪施压， 习近平左右为难！日本向俄要北方四岛，中国跟进？（20220314第750期）	kWVqwwYcX40
财经冷眼：最新！俄在中国招募志愿军！3大事件，乌克兰迎来胜利转折点！又一千万级人口城市封城 ，上海等多城破防，中国疫情愈演愈烈！ 李克强将下台？习近平的神操作要开始了！（20220312第749期）	p3SvtqQCVj4
财经冷眼：最新！英国现役军人参战乌克兰 ！上海疫情失控至恐慌，瞒报严重或封城！深圳香港守不住了， 疫情全面爆发！ 中俄散布阴谋论谣言，美国警告！切尔诺贝利核电站麻烦了（20220310第748期）	8e_zU3Gs1xE
财经冷眼：战争天平开始向乌克兰倾斜 ，普京还能撑多久？美国刚宣称要报复中国，发生了什么？美对俄大杀招为何现在才开始？（20220308第747期）	_c4WKFVqR2s
财经冷眼：俄乌最新战报：1天击落9架俄战机，乌创二战后壮举！俄坦克损毁严重，征民用面包车凑数！对俄石油禁运提将开启，金融大动荡！俄间谍被乌击毙，中驻乌大使馆勒索华人引民愤（20220307第746期）	X7OiE0QwzEk
财经冷眼：最新！李克强政府工作报告透露哪些经济信号？2022年中国经济走势如何？切身相关，老百姓必须关注这几点！（20220305第745期）	roFl61t17HU
财经冷眼：楼市死猫跳，饮鸩止渴的零首付出现，7年来最重磅的救市政策出台！俄军轰炸欧洲最大核电站起火，后果可能超切尔诺贝利10倍？普特勒要拉欧洲陪葬！（20220304第744期）	ojbGFDO52VY
财经冷眼：实锤！中俄勾结，习近平要俄冬奥后开战，普京错失战机！又一世界大国援俄抗美 ，规避制裁，美国咋办？俄阵亡7千多人，焦土政策炸平民！俄富豪悬赏干掉普京，俄成过街老鼠（20220303第743期）	rgNIC_6D4IE
财经冷眼：最新！又一国出兵参战！乌克兰一次干掉俄800辆军车，俄对乌使用了核武器？ 拜登点名警告习近平不要和美国赌的背后！俄建全球第二大局域网，金融坍塌，中国瑟瑟发抖！（20220302第742期）	3kGMdgYbIks
财经冷眼：全球10万志愿军进入乌克兰 ！普京的猪队友！中国想切割来不及了！留美华人博士咒乌克兰人”死越多越好“被人肉，举报，要遣返？美国腾出手清算中国？（20220229第741期）	q4DRYDAEUeI
财经冷眼：5300人阵亡，尖锐折损，俄败局已定 ！3个信号，俄要对欧盟开打？乌有望入北约欧盟！普京疯了拉全球陪葬？银行挤兑卢布崩盘，俄金融危机爆发！变大号朝鲜，普京的下场（20220228第740期）	M7Ub2BzLHIg
财经冷眼：最新！多国志愿军进乌克兰抗俄，俄伤亡惨重  ！俄乌局势渐逆转，央视等官媒改口！金融核弹制裁，欧美踢俄出SWIFT系统， 卢布将雪崩？俄开始没收居民存款？普京的坟场（20220227第739）	lveS3JqCLT8
财经冷眼：开战3日俄军损失惨重，阵亡3500人 ，600辆坦克装甲被摧毁！乌克兰现反华潮 ，战狼五毛立新功！ 欧美制裁使出杀手锏！（20220226第738期）	1plrLAQcDHA
财经冷眼：开战首日俄军遭重创 ，800军人阵亡 ， 乌克兰美式反坦克导弹显神威 ！ 3大制裁杀手锏 ，美欧为何不用？中国暗中助俄的风险和收益？（20220225第737期）	uLggJYGmWmU
财经冷眼： 最新，江苏调查组通报，处罚17人，全国网民为何仍不买账？央行摊派贷款救市，大批人跳坑，特大城市断供潮上热搜！字节跳动员工猝死，妻子无钱还房贷！中央下文上山下乡（20220223第736期）	d87-_xLZhwo
财经冷眼：今天！央行紧急取消5万存取款申报，发生了什么？丰县事件1个月以来最恐怖的事被爆光！著名红三代发声！俄军进入乌克兰，美欧如何应对？中国会被制裁？贵金属大时代来了（20220222第735期）	oajz9Uhdk58
财经冷眼：大学生联名逼宫，防六四重演，习近平对高校、媒体动手了 ！铁链女正在被灭口  ，喂药让其彻底疯掉？肉体消灭？（20220221第734期）	Y0s064XmMmg
财经冷眼：最新！体制内首位高官为铁链女发声 ，军人声援影响巨大被消失！江苏调查组没干一件人事，8个维稳目标披露引民愤！董集村被围成铁桶， 湖南卫视被驱赶，女网友被警察殴打（20220220第734期）	5L2PP-Z-3RQ
财经冷眼：民意汹汹催生中国网络热度奇迹，徐州事件第8波浪潮来了！14亿人皆铁链女，岁月静好者只是运气好，闷棍迟早落下！（20220220第733期）	SeErxi01mbs
财经冷眼：习近平“大事化小”策略失败，江苏调查组不行，要李克强出马？   多家官媒已赴丰县展，安全的时候都是勇士！ 女作家羡慕铁链女引众怒？（20220218第732期）	0M6C0nlq-mA
财经冷眼： 最新！北大清华等近10所高校请愿被封杀，徐州事件大决战！中央高层意见分裂，彭丽媛震怒要彻查？百亿点击无法突破一个村子，救不了女奴，养女孩的家庭该考虑出国了！（20220216第731期）	3cti0L3maoA
财经冷眼：最新！徐州事件第5轮舆论风暴袭来，杨、董结婚照刷爆网络，铁链女不是小花梅实锤 ！楼市进入黑铁时代？裁员、降价、债务暴雷，80%房企百强将躺平？（20220215第730期）	spAKbNMrFoM
财经冷眼：紧随恒大， 2000亿暴雷，又一家中国的世界500强巨头玩完 ！8000富豪血本无归，任何阶层都对应一把镰刀！（20220214第729期）	Z8RkvXDx6lk
财经冷眼：同比大跌超9成，这些城市楼市完了！（20220214第728期）	CgwY4je30h8
财经冷眼：4个热点女人下的魔幻中国！名人权贵可以双重国籍，你离谷爱凌还差十亿次投胎 ，离丰县母亲只差一记闷棍！（20220210第727期）	C8sI0_vW-eo
财经冷眼：徐州公告漏洞百出惹众怒 ，铁链女DNA被偷送海外检测！李莹亲叔叔寻亲要求DNA鉴定，著名女作家发声被封杀！（20220208第726期）	OJWx2C_cuFk
财经冷眼：经济萧条下的财富收割逻辑链，投资要避免的几个大坑！（20220207第725期）	wCp6r6Ias7A
财经冷眼：铁链女事件搅黄冬奥成世界头号丑闻，习近平震怒的背后！公权力、媒体合谋掩盖真相，又一波移民潮要开始了！选择大于努力，中国经济坠落， 90%城市房价将一文不值？（20220206第724期）	_JawOc4ogwo
财经冷眼：最新！下月起存取款超过5万元要被查，有何企图？如何应对？刘强东捐150亿的无奈和困境！（20220204第723期）	16BJXGEG0ao
财经冷眼：墙内开始全网封杀，徐州事件成国际热点！拔牙剪舌灌药，多名乡镇干部Xing 侵8孩妈内幕！重庆母女比8孩妈还惨！视频记录邪恶！（20220130第722期）	kyuRe8vCNOg
财经冷眼：徐州8娃事件引全网震怒，官方救火封杀屡屡翻车，“盛世”国人命运的写照？花巨资买5国政要出席冬奥撑门面，好丢人！（20220130第721期）	bqi9KcSc2ug
财经冷眼：最新！人民币开始跳贬 ，什么信号？A股股灾上热搜，股民要问责3大交易所！中国股汇楼多杀的背后逻辑！（20220128第720期）	Jk-hUbEhous
财经冷眼：美联储每次会议都将加息？地动山摇，金融海啸真来了！中国导弹专家叛逃美国内幕，习近平损失大了！美国要撤离驻华外交人员？！（20220127第719期）	tyF_U51jjxM
财经冷眼： 又有两家房企巨头塌方，今年中国楼市要硬着陆？（20220125第718期）	TKnn3lqWhZw
财经冷眼：超级金融危机爆发了？我们如何应对？（20220124第717期）	cGZVNqD58R8
财经冷眼：深圳西安发生大规模抗暴事件！收海外包裹全变黄码，海淘黄了，外汇省了！ “恶意返乡”爆红的背后 ！北京搬运工流调，中国折叠！（20220121第716期）	uIQ7crcWo8Q
财经冷眼：中国央行紧急降息，经济出什么问题了？人民币会大贬一波吗？房贷利率下降，韭菜蜂拥入场？楼市最后的逃生门开启！（20220120第715期）	MVmL041kCT8
财经冷眼：天津打工者因饥饿集体反抗被武警镇压！排名第1第4的房企巨头扛不住了，步恒大后尘？西安官方发布会翻车上热搜 ，朝鲜拒科兴要辉瑞的背后！（20220118第714期）	PXgO0wASlnY
财经冷眼：年轻人失业率超20% ，2022年最大黑天鹅？（20220117第713期）	VkKcdD-C7ZA
财经冷眼：刹不住车，又一世界巨头撤离中国，小粉红慌了？奥密克戎攻陷北上广，上海大学辅导员让学生封校前赶紧跑，出什么事了？（20220116第712期）	1TB0Y14XbV8
财经冷眼：3省5市封城，上海也危险了！9家国有开发商并购11家民营地产巨头，背后的逻辑是什么？习近平的如意算盘会落空？（20220114第711期）	c8OGPdZYdKw
财经冷眼：最新！核酸巨头金域故意投毒？钟南山、柳传志都被卷入！资本和人性丑恶被剥开，墙国网络炸开锅！（20220113第710期）	lZwGMEadJRo
财经冷眼：2022年中国经济的12个预言！（20220111第709期）	kLuQwwGQd1g
财经冷眼：天津封城，北京自救！5省市出现奥密克戎！6大超级城市正在步西安后尘，这些准备该做了！奥密克戎和德尔塔合体，更凶猛的新变种诞生！（20220110第708期）	bysPRsrAkgA
财经冷眼：北京也开始封锁了？通胀引爆哈国政局，中国人通胀容忍临界点在哪？通胀将是拜登连任的滑铁卢吗？（2022010第707期）	J9KNfhZso7A
财经冷眼：又有两个超级大城市封城？3000万人要抓紧囤粮了！以物易物升级，用苹果手机换大米！清零人祸不断，谁对成堆的冤魂负责？（20220107第706期）	_2KvcWl-zy0
财经冷眼：72年来，中国首个地方政府财政破产，多米诺骨牌带动政府破产潮？房价如葱后的地方债务违约，会引发金融危机吗？（20220106第705期）	p5IRzFA19wU
财经冷眼：恒大39栋楼因违规将炸，背后的深层角力揭晓！马斯克预言今年发生金融危机，背后的逻辑是什么？概率有多大？（20220104第704期）	pbsI8rHoMHQ
财经冷眼：西安饥民暴动，大量武警镇压！吃宠物吃盆栽，以物易物，西安人饥饿似地狱！ 1人感染全栋拖去集中营，3天要强行清零，民众跪地痛哭求饶，防疫极权下的西安围城！（20220103第703期）	WJJavsci_QY
财经冷眼：90%城市房价下跌！又一家TOP4房企巨头出事了！法拍屋暴增，弃房断供新闻越来越多，楼市断供潮真的来了吗？（20211231第702期）	6fNCT0Y_Npw
财经冷眼： 西安封城大肆抓人，市民挨饿后悔未囤粮，小粉红网上求救要吃饭！官方讽刺穷人该饿死引民愤！知名经济学家谈中国7大危机被断播，习近平的痛处被戳？（20211229第701期）	TQnnYtTuZ6M
财经冷眼：3大国清查购房资金来源，8成华人麻烦了！瑞士将交出用户资料，中共权贵噩梦开始？（20211228第700期）	cKo6Zi5Wpoo
财经冷眼： 比恒大违约更狠，中国最大房企3折亏本甩房！（20211227第699期）	MHp93FrYrSc
财经冷眼：企业巨头纷纷破位裁员，失业铁蹄下的众生相！ 经济寒冬中必须牢记这3条铁律！（20211226第698期）	JDCUck-xy9s
财经冷眼：经济大滑坡，中共如何重铸合法性？国际学校、外教被消失，教育脱钩背后的大棋！祝大家圣诞快乐！（20211224第697期）	9XoJ2lMt-zA
财经冷眼：昨夜！西安再现武汉式封城，全城恐慌抢成一锅粥！真的是因为疫情吗？ 海内外齐心营救李田田，墙国这个大精神病院！（20211223第696期）	_AwMASrW0Kc
财经冷眼：习近平出手，又一行业被击垮！财政穷疯了，蚊子腿上刮肉，掘地三尺捞钱！大家都要小心！（20211221第695期）	VvP4j_bZ9II
财经冷眼：西安鼠疫到底有多厉害？彭帅为何此时现身上海澄清？背后的信号？（20211220第694期）	poN0iuTzrVA
财经冷眼：抄底不见底，暴雷将远超2021？明年才是楼市的生死年！ 从自有资本30亿到负债2万亿  ，许家印如何做到的？（20211219第693期）	s_LDUjHBPl4
财经冷眼：声援我的校友宋庚一老师！遍地告密者、遍地战狼，劣币驱逐良币加速！海外战狼举报同学悼念六四，或遭退学！（20211218第692期）	uRR0U0VWy-E
财经冷眼：4省3市养全国，中国财政悬崖如何形成的？这才是公务员减薪的真正原因！法拍屋遍地，断供的杀伤力有多大？（20211217第691期）	aCXo_8B9z6s
财经冷眼：  美国彻查全款买房交易，7成华人被盯上，贪官和家属们傻眼了！哪里适合买房？各国房价涨幅盘点 ，中国楼市入冬！（20211214第690期）	9A0pacbnX1E
财经冷眼：政经风险大增，两世界巨头加速撤离中国！外资民企通杀，支撑30年经高增长的支柱被定向爆破，为何自毁长城？ 资本大量逃离香港，这个导火线要引爆了！（20211213第689期）	lZOwlrD06hQ
财经冷眼：经济工作会议暴露6大灰犀牛，25次提到稳定！公务员大幅减薪，政府鼓励开滴滴！ 失业问题越来越严重了！（20211211第688期）	zRZzbUM8EO4
财经冷眼：为何美国抵制冬奥后，恒大才正式违约？恒大宣布破产，为何比特币大跌？华尔街在恐惧什么？恒大借的2万亿去了哪里？（20211210第688期）	BqCLjjhoa7I
财经冷眼：中国央行降准大放水，楼市打开逃生门？抓紧卖！中美货币政策反向，人民币汇率如何走？（20211208第687期）	8CpMRX097Cc
财经冷眼： 大批人出境被严查  ，有人被剪掉护照禁止出境 ！华人往返中国要注意安全了！老年人被逼就业的背后！（20211206第686期）	JLYT0lLh9NQ
财经冷眼：最新！广州市委书记、市长罕见被同时撤换，到底发生了什么？习近平为何震怒？许家印要挟中央，这回娄子捅大了！ 恒大是死是活成中美角力关键点！（20211205第685期）	iSWAuUW__ZM
财经冷眼：为何中概股雪崩退市之际，恒大突然宣布正式违约？恒大违约为何让中外同时恐慌？（20211204第684期）	INfZ2fwApoU
财经冷眼： 两大巨头暴雷违约，债务危机火上浇油！大批失业人员假装上班哄家人让人心疼！中国政府诱割洋韭菜！   又一巨头在中国政治压力下从美国退市，金融切割加速！（20211204第683期）	pE1LT7JM_SQ
财经冷眼：中国铁拳打击洗钱、盗汇，赌王翻车，华人首富易主神秘人物！毒王点燃金融风暴？（20211202第682期）	eRz5ygiFCoo
财经冷眼：降薪潮来袭，官差公务员们的寒冬来了！上海凶狠抢人救楼市！人口负增长，国务院鼓励老人们当苦力，榨光剩余价值！（20211130第681期）	vmH0XbBOFYE
财经冷眼：深度！新毒王Omicron到底多恐怖？到底意味着什么？深入浅出讲一次，让你听懂！（20211128第680期）	J-FxagQ1Kfg
财经冷眼：央行加强微信支付宝收款码监管，小商家和海外华人都要小心了，背后有大棋！“魔王”变异病毒横扫，疫苗全部失效？全球风险资产通杀，风暴刚刚开始！（20211127第679期）	XQmpcvqwZ1w
财经冷眼：  多城房价腰斩，跌回7年前 ，业主集体断供刷暴网络！德国准外长讽刺蛋炒饭，日本外相拒绝受邀访华，战狼赵立坚发飙，全球掀起辱共新高潮！（20211126第678期）	WEaC603KGWw
财经冷眼：铁拳来了，外资这回要跑一大半！又一国货币暴跌崩盘！人民币汇率为何如此怪异？华尔街大佬辱共引风波！（20211125第677期）	7qbcCNno7WA
财经冷眼：经济全面熄火，李克强上海扑救！一线城市楼市量价齐跌，房地产的压舱石彻底搬走了！（20211124第676期）	wfS1Y-6NItc
财经冷眼：全球媒体上头条，3个女人掀起全世界“辱华”高潮！政府和运动员纷纷抵制，冬奥会也要黄了？（20211120第675期）	5ZausFybzW8
财经冷眼：开发商暗度陈仓半价甩房，各大城市出现退房潮！比恒大美元债更大的危机来了！（20211119第674期）	YG2PX1V0HaA
财经冷眼：超级滞胀送来40年一遇的翻身机会！中共党媒代笔彭帅回复国际网联露馅！（20211118第673期）	jfdJ6AC5Iuk
财经冷眼：习拜会无果而终?   中美互相放开记者签证 ！美国官方将抵制冬奥会！国际多组织、名人寻找彭帅！（20211117第672期）	dTXcu7njbxQ
财经冷眼：中国紧急救开发商、救楼市， 韭菜们跑步进场抄底！楼市最后一轮绞肉机开始，爽过之后是空中解体！（20211114第671期）	ZZdi1FwiwLc
财经冷眼：北京疫情爆发，大连紧急封城！疫情遍地开花，清零让中国变大集中营！ 医生披露方舱医院恐怖内幕被封杀，人进去的多，出来的少！习拜会释放什么信号！（20211112第670期）	2gKQxOomZxc
财经冷眼：封堵所有死角，升级外汇管控！全球最大两个泡沫的生死搏杀！恒大实质违约？全球虚惊一场！高盛买美元债为中国站台！美国通胀爆表失控，股债双杀！（20211111第669期）	kBRZinxEGn8
财经冷眼：狂撒数万亿，中国央行变相降息救楼市！今天通胀数据爆表，楼市和通胀都难保！美国大幅收紧中国人办旅游商务签证！（20211110第668期）	YtxeA9qG0Pc
财经冷眼：房价全线加速下跌，不少城市踩踏式抛售！（20211108第667期）	id4q2jMJ4AI
财经冷眼：3000亿TOP25房企巨头暴雷 ，信托被拖下水！各地“限跌令”不管用了，百强房企拼死甩房求生！（20211106第666期）	c91Qu2JF2zQ
财经冷眼： 超级大通胀！全球疯狂的股、楼、债将通杀，导火线已点燃！韮菜入场高位接盘！实物为王的时代来临！（20211105第665期）	3hWp618lG5Y
财经冷眼：继软银后，又一跨国巨头撤离中国！韭菜收割机启动，从周涨2300倍到归零，无数人血本无归！32国下手封杀，墙国或被打回入世前原形！（20211104第664期）	8W4C4YeAEpE
财经冷眼：深夜特大瓜！前政治局常委张高丽强上世界女网冠军，老婆看门把风！彭帅微博实名举报被全网封杀！不堪的内幕震惊海内外！（20211103第663期）	HogV75wuWz4
财经冷眼：高层号召节约粮食，商务部号召囤菜囤日用品，释放什么信号？ 法币泛滥，恶性通胀，又一国回归金本位！推荐一个明年或翻倍的资产！上海迪斯尼打脸“清零”政策！（20211102第662期）	XxDAY3CT_gE
财经冷眼：房地产空中解体，珍惜最后的逃生门！（20211031第661期）	4DCAgNh2EmA
财经冷眼：军人家属享受免费医疗，动乱、饥荒有人镇压了？4大地方卫视招牌节目整改，开始宣传习思想！留学生出国也要扎口了，出国要趁早！ 亚洲各国结盟孤立中国！ （20211030第660期）	k9P8x7u9vbI
财经冷眼：救楼市加速放水，中国通胀之火燃烧 ！全球滞胀， 50年一遇的大洗劫开始了！财富保卫战打响！（20211029第659期）	Eck0G8ktUCY
财经冷眼：深度！防疫集中营遍地开花！中国大量低端人口陷入绝境，纷纷上网求救！逃离是唯一的生路！（20211028第658期）	0k78lGZQOr8
财经冷眼：能源危机愈演愈烈，李克强被抛出背锅！吃下去的吐出来，许家印被逼自掏腰包还恒带债务！又一千亿巨头暴雷！高层紧急召集房企开会的背后！（20211027第657期）	8cQHXXqPwIE
财经冷眼：今天！潘石屹“偷税”被立案调查！许家印推新战略自救，卖现房、弃房造车靠谱吗？  电影女皇弃外国籍回改中国籍被围攻  、辱辱！  李文迪炸雷为了掩盖什么？（20211023第656期）	7cQ4Gfp4Aok
财经冷眼： 大麻烦！8省市爆发疫情！煤价暴涨，多部门入驻郑商所，逼迫改煤价！中国3大经济支柱坍塌 ！ NBA球星控诉中共打压藏人，引外交风波！北京10多名独立候选人被软禁（20211022第655期）	8CJEHJTHWHY
财经冷眼：诡异的人民币汇率走势，一盘大棋？昨天两件大事发生，恒大无力回天！马云跑了？支柱行业大裁员 ！洗脑升级，所有记者要被强行教育学习了！（20211020第654期）	D2pU8X9sqW4
财经冷眼：高层表态，房地产税要落地了！第三季度GDP惨不忍睹，自残和消费断崖，中国经济深不见底！（20211019第653期）	ZBavngoXAKU
财经冷眼：最新！6000亿资本系违约塌方，9家信托巨头踩雷！碧桂园、融创的大麻烦来了！债务危机蔓延实体 ，中国千亿制造业巨头破产！美国劝返30名中国留学生（20211018第652期）	Trw035bVlJ4
财经冷眼：扛不住了，中国央行大放水救开发商、救楼市！救得了吗？ 最后卖房逃生窗口来了！比特币冲上6万  ，可以追吗？（20211017第651期）	Ws4F2gE5iyM
财经冷眼：最新！15万亿外资巨头被逼关闭 ！又一行业遭爆锤 ，外汇出海通道被堵死！经济出大事， 李克强胡话视频被全网封杀！大门关闭，房子不能脱手，大量移民计划被中断！（20211015第650期）	vu8Tfg0szpg
财经冷眼：广东房奴哭诉刚买完房，价格即腰斩！比债务暴雷更狠，中国楼市断崖暴跌30% ！中国死保25家金融巨头，防债务危机火烧连营！马云现身香港，交了两个投名状！（20211013第649期）	PArod4ZoEzg
财经冷眼：最新！3万亿巨头供应链撤离中国！山西陕西洪灾严重超出想象 ，煤荒加剧！今天，恒大3笔美元债违约，美国担心的事情发生！外媒华裔女记者采访贵州被人肉搜索！（20211012第639期）	b_6WzAM2pr8
财经冷眼： 最新！ 财经系媒体人罗昌平辱英烈被捕发酵，背后政治力量浮出水面！美团被罚34亿，王兴清空微博、饭否自保！ 胡舒立讽刺猪头肉被抓？中国进入精英人人自危时代！（20211009第638期）	slCCJUiwtkU
财经冷眼：有钱也不还，中国企业开始恶意外债违约，华尔街被割韮菜！最新，布林肯警告中国处理好恒大事件！华尔街涉足地产垃圾债到底有多深？比恒大和能源危机更麻烦的事来了！（20211008第637期）	mSXj9cvk_I4
财经冷眼：深度！ 50年一遇大危机席卷全球，中美欧盟深陷其中！投这些资产可逃过一劫！（20211007第636期）	4hP8HOQpYaQ
财经冷眼：突发！千亿红色权贵房企暴雷惊动全球，恒大骨牌又倒了一张！中美启动紧急会谈，勾兑还是摊牌？中国开始偷偷买澳洲煤炭，身体很诚实！中国城市破产潮来了！ （20211006第635期）	W0KNZpfyiDY
财经冷眼：炮灰们惨烈的长津湖之战，这样的大败仗也能打鸡血刷屏？美国将取消部分中国商品关税，妥协还是自救？中国战机空前入侵台湾防空识别区，背后的信号！（20211005第634期）	X8DK3mZASVM
财经冷眼：突发！傅政华被查背后，贰臣没有好下场？西方盯上中国53万亿巨雷！25国赚差价，澳煤换国籍出口中国！14省电价全面上涨，韭菜买单！拜登将取消对华关税？（20211002第633期）	YPGgL52P0Y4
财经冷眼：又一地产巨头破产！恒大隐瞒1万亿表外债务，危机加倍放大！10月或将3连爆，境外债主索赔 ！ 广州建成超大防疫集中营！反诈骗软件千万别装！为何冬奥会不对外售票（20210930第632期）	-W-2hhvEpDY
财经冷眼：电荒恶化！北京上海开始限电 ，东北人全国疯抢蜡烛，能源危机加剧中国经济溃败！黑天鹅群飞，全球资产价格开始大重置！（20210929第631期）	fnnwJ5pf4PI
财经冷眼：最新！又一负债万亿地产巨头暴雷，恒大后第2张多米诺骨牌放倒 ，国际高度紧张！ 许家印被讨债者指着鼻子骂娘！ 喊了10年，楼市泡沫这次终于破了！美国会被拖下水吗？（20210928第630期）	1AFe-ipZvzw
财经冷眼：红绿灯、电梯断电，东北电网崩溃刷屏，明年才恢复，中国电网崩盘远吗？外储枯竭，保粮食弃煤炭？全球物价疯涨，这些抗通胀标的可以买了！中国封杀加密货币，投资者或坐牢（20210927第629期）	iLAC7zJ6jho
财经冷眼：刚刚！孟晚舟被释放飞回中国，两名加拿大人获释！中国人质外交获胜！海航董事长陈锋被抓，背后释放了丰富信号！许家印、孙宏斌在瑟瑟发抖！（20210925第628期）	Y9If7dVi7LY
财经冷眼：半个中国限电，无数企业90%的产能叫停！经济乱局还是一盘大棋？限电背后的4大原因！铁心向全世界输出通胀？中房美股，泡沫的终极对决！（20210924第627期）	wBsIYochIP4
财经冷眼： 恒大拖爆中国外汇储备？高层建防火墙保27家银行，保得了吗？三套方案救恒大，各省摊派卖房 ？（20210923第626期）	wThnjxQEthU
财经冷眼：恒大危机蔓延全球，香港地产银行股崩盘！日本美国纷纷中招，全球风险资产末日杀跌！08次贷危机要重演？（20210921第625期）	kXS5xXt_VQU
财经冷眼： 三路裁员潮叠加，学生就业狂找铁饭碗！两脚羊模式下的生存自保之道！（20210920第124期）	EohdanQv4gU
财经冷眼： 地产崩完崩保险！许家帮帝王生活内幕流出，许皮带攀比习近平招祸？房企巨头暴雷排行榜出炉！恒大危机还未被计价，吃瓜群众看热闹的金融风险分析！（20210919第124期）	X9cxpGKLkQ8
财经冷眼：恒大连锁反应，多家地产巨头被挤兑，救不过来！救不救恒大的两难！又一支柱行业被暴击！中国正式申请加入踢屁屁组织背后！（20210917第123期）	r8ZV6RiOu_I
财经冷眼：福建疫情迅速发酵，3万人流出威胁全国，厦门正封城！危机失控，恒大为破产做准备，所有房企全倒闭没有冤枉的！防川普对华开战 ，美最高将领私通中国内幕！（20210915第122期）	TX_ZCbwdWow
财经冷眼：唱空经济成罪证，国安上门威胁，他们如何找到我的？中国版雷曼兄弟债务危机引爆，大量恒大金融难民走上街头！许家印向海外转移天量资产，手法触目惊心！（20210914第121期）	WDHZUMxTLjg
财经冷眼：又一世界500强巨头撤离，上万人游行喊“我要吃饭”！网友珠海出关被威胁注销护照、拘留，门缝越来越小！汇丰全面撤出美国，拥抱中国！索罗斯痛批亲中金融巨头！（20210911第120期）	vs2cFma9_Pk
财经冷眼：房企裁员潮+倒闭潮， 楼市拐点真来了！恒大理财暴雷，拒还银行利息，多少银行遭殃？（20210910第119期）	mFuTZgVN0hM
财经冷眼：中企巨头2万亿债务即将引爆，中国金融圈山雨欲来，华尔街也无法脱身！ 知名经济学家手撕任泽平坑许家印！（20210908第118期）	sz64dXLJkUA
财经冷眼：刘强东卸任总裁，徐向前家族开始收割！刘鹤喊话民营企业家别跑，口炮稳军心！（20210907第617期）	stdMC6XP8bM
财经冷眼：黑天鹅飞到天安门！谢霆锋放弃加拿大国籍，自愿OR被迫？徐静蕾张国立大麻烦来了？铁拳砸向外籍华人明星！半个娱乐圈将坍塌！粉皇上、看样板戏是唯一归宿（20210906第616期）	ansbBw049YE
财经冷眼：深度！乱拳背后的中共高层5大共识，一切只为防止政经大崩溃！（20210906第615期）	nJ7brSA8bIY
财经冷眼： 大连反日浪潮推向全国，世界500强日资巨头赶紧关闭大连工厂，裁员撤离！55万天量医药费，医保零报销震惊全国！（20210905第614期）	4ewz4Oyp6xs
财经冷眼：中国建北京证交所的政治棋局！胡锡进炮轰李光满被封，背后4个原因揭晓！（20210904第613期）	-shehII0054
财经冷眼：中国经济下半年反弹无望死猫跳，这两点是致命伤！美中欧罕见同步衰退，全球经济大麻烦来了！（20210902第613期）	oux_7EjsuiE
财经冷眼：新文革，爆红的“炮打司令部”背后水有多深？（20210901第612期）	Tidn9bz-YME
财经冷眼：最新，个人购汇开始扎口！官方认错，两名反抗强制疫苗英雄爆红！3名留学生遣返再引外交风波！（20210831第612期）	dzNPlq_Tenk
财经冷眼：金丝雀发出警报，全球资产价格风暴真的要来？（20210830第612期）	dSaHYsvpjhA
财经冷眼：赵薇越狱还是被抓？运动不断升级， 昨天又一个行业惨遭灭顶！肉身财富双外置才是人生赢家，只要有一个没出来将一辈子白忙！（20210829第611期）	vh8AC9aKPdM
财经冷眼： 赵薇的事，比范冰冰还大！高晓松被封杀！阿富汗事件失控，拜登辞职压力越来越大！（20210827第610期）	_uOVn7BDXtA
财经冷眼：实体危机加速蔓延，全球央妈们的噩梦来了！经济见顶，中国打响金融保卫战！（20210826第609期）	igCLEO__LPo
财经冷眼：此刻，全国二手房越来越难了！（20210825第608期）	X_Ls-LSu4TY
财经冷眼：从北到南房价大跌，各地政府限跌围堵！医院打胎需要社区开证明！消费、失业断崖！中国经济，无言的结局近了！（20210823第607期）	zCZG9-dz_DY
财经冷眼：上海疫情发酵！马来天才歌手给塔利班建政支招讽中共，被中宣部封杀！马云两次惹恼习近平！泰山会大佬股权被冻结！富豪们纷纷购买天价赎罪券！（20210822第607期）	WrYoMJ3VLIU
财经冷眼：房价不涨，房贷利率持续暴涨！房奴们扛不住了！ 要提前还房贷吗？（20210819第606期）	ENCL0H2kFwo
财经冷眼：中国经济各项指标全面恶化！30省罕见财政亏空！习近平要求高收入者、企业回报社会的整治信号！许家印辞职的背后！（20210818第605期）	AcSQxojeYdE
财经冷眼：黑暗席卷！再不走就来不及了！（20210817第604期）	3C-0Mc1c2oc
财经冷眼： 举报张文宏抄袭者被起底，去年因反人类言论爆红！张文宏踩了习近平的尾巴！（20210817第603期）	MguSaIgzQ60
财经冷眼：限跌令出台，房价跌幅不得超15%！不生孩子将严惩，取消养老金？（20210814第602期）	IyW45JE4mK0
财经冷眼：江西教师因言被拘刷屏的背后！为阻台湾参加民主国家峰会 ，中共开始放大招！（20210812第601期）	3M-zr2qaelw
财经冷眼：突发暴雷！5000亿巨头大批信托违约！多个恒大工地停工，股债双杀，刘鹤开会商救助方案？传再征新税抢钱吓坏网民！ 又一国际巨头停宣布止投资，中国政府害怕了！（20210812第600期）	h0ngcWX0rGk
财经冷眼：两万亿美元金融巨坑，中共政府正在引爆美国的特洛伊木马！（20210810第599期）	ytix6qSasyY
财经冷眼：接二连三挤兑，这个负债2万亿巨头被紧急司法管辖！海内外债主蒙圈了！大而不倒？中国金融系统山雨欲来！（20210809第598期）	Z13sk_FGSvM
财经冷眼：有史以来最大的国企暴雷！半数央企、国企或卷入金融旋涡！（20210809第597期）	5tZK3ldtHhk
财经冷眼：病毒溯源风暴到来！难逃一劫，北京海淀起诉腾讯的背后！潘石屹跑路被卡 ！郑州最严封城，武汉疫情再升级！（20210808第596期）	-4_xbrAQhl8
财经冷眼：突增2千万失业大军！所有民校充公、取消英语考试，教材课本受审，习思想成中小学必修课！加速师疯狂加速倒车！（20210806第595期）	xDMI6eYfozA
财经冷眼： 武汉告急 ，疯抢超市物资，千万人深夜核酸！大半个中国沦陷！房贷利率暴涨割韭菜 ，多套房抛售将被冻结！（20210805第594期）	U7tD7Tix15k
财经冷眼：李克强调查河南水灾背后，习近平的河南嫡系将受重创？为何郑州敢顶风丧事喜办？又一勇士艰险逃出墙国！小S被义和团批斗封杀，中国奥运冠军戴毛像领奖为哪般？（20210803第593期）	WIk0NAd-j5M
财经冷眼：开始禁止住房公积金提取！武汉疫情再爆发，开始封社区！北京等29省市大封锁，武汉式封城再现！日俄推断中国只有8亿人！（20210802第592期）	USROJhPmkvM
财经冷眼： 突发！中国正式停发普通护照，门终于合拢！半个中国疫情爆发 ，武汉再现，封城封省遍地开花！郑州封城的背后蹊跷 ！美国疫苗破防越来越高，德尔塔病毒将统治全世界？（20210801第591期）	eYL8UVDwKm0
财经冷眼：惊险，知名网红逃离中国！今年逃离墙国勇士们大盘点！我为何离开中国？习近平为何急于任命大使？（20210730第590期）	kunt_ru0pJs
财经冷眼：突发！特大城市开启凭票买房，计划经济提前到来，卖房套现来不及了！南京疫情指数级扩散，北京被攻破，半个中国被点燃！江苏封省？（20210729第589期）	izmP6Z9npzE
财经冷眼：习近平七伤拳暴击中国经济，中港股灾，资本踩踏式逃亡！郑州出了个谭嗣同，地铁口警民建墙拆墙拉锯战！中美谈崩，美国限制投资中港股市？中国经济进入死胡同！（20210728第588期）	wql9Z4_A934
财经冷眼：美国出手，中国5万厂商被封，1.2万亿的出口渠道被切断，无数人失业！政府半夜决堤，60万市民成水中鱼鳖！超强台风袭击江浙沪，郑州会再现？活捉洋记者，义和团又来了（20210727第587期）	HJ7q8Zggo3A
财经冷眼：突发！又一千万级大城市封城，病例暴增！大河决堤，该市灾情比郑州严重，无人问津！中国疫苗掏空医保！习近平封杀教育股的政治考量！（20210726第586期）	j5IhnngLcA0
财经冷眼：不去郑州去西藏，习近平为何逆行？这3大目的不为人知！西藏行的几个意外，外网热议！（20210724第585期）	HxIeUSn_v8s
财经冷眼：比5号线更可怕的京广路隧道！中共百般封锁，真相还是流出！洪水到底从哪里来？被掩盖的黑幕大盘点！珠海隧道淹水14人遇难（20210722第584期）	mTS4HaQhn_o
财经冷眼：河南水灾失控， 多水库溃坝！  郑州到处是浮尸，中原大都市变人间地狱！ 官方隐瞒，真实伤亡大盘点！军队介入，板桥溃坝会否再次重演？！（20210721第583期）	9JbF6JC54Rc
财经冷眼：谁要搞垮恒大？广发跳船，恒大被银行挤兑！恒大引发重庆过万警民冲突惊中央！被禁止预售！中国两水库溃坝引发洪灾！最血性家长拒绝打疫苗引爆网络！美股大跌，注意风险！（20210720第582期）	2IGB-lJFdk4
财经冷眼：社会主义铁拳来袭！嘲笑欧美医疗讽刺方方，小粉红患癌掏空家产，忏悔求助刷爆网络 ！集体拉黑捐赠人后，剧情再反转！（20210719第581期）	OgeMbtv9hQU
财经冷眼：深圳上海多城集体沦陷，楼市流动性正全面被锁死！中国疫苗背后权贵家族利益斗法！美副国务卿为何最后一刻取消访华？（20210717第580期）	p66Qu8DNJQo
财经冷眼：产业链转移再加速！中国大降工人工资挽留外企撤离，韭菜口粮被收缴！中国贴牌辉瑞疫苗作加强针的背后！字节跳动被约谈，习近平为何害怕科技巨头赴美上市？（20210714第579期）	4DisAG8uiq8
财经冷眼：古巴吓坏中南海！中共高层罕见权力下放，基层政府捞钱填财政窟窿有依据！不审判定人生死时代再现？恶性通胀致两国大乱！中国不打疫苗的人走途无路！（20210714第578期）	O2bkDriVmNA
财经冷眼：又一移民大国拒签数万中国人，西方大国拒签中国成风！古巴爆发数十年最大抗议运动，要求共产党下台，粉红栽赃美国！中国疫苗让泰国遭殃！（20210713第577期）	fCo77zXcKXE
财经冷眼：10多省市公务员停发绩效、退钱 ，多地发不出工资，引众怒！地方财政真的枯竭了？军人收入大涨，习近平的一盘大棋！（20210711第576期）	lRLsAYgE2sc
财经冷眼：最新！中国意外降准大放水，经济不行了，舍外储 ，保楼市保实体？杠杆玩砸，两家最牛3000亿级校企破产，内斗堪比宫斗剧！（20210710第575期）	tVSccEaXyD8
财经冷眼：华人反共武装快速扩张，中国建边境墙阻挡？疫情爆发再次封城，武汉新增31例！国民党前主席赴大陆打假疫苗！（20210709第574期）	ZHOE8aumkMI
财经冷眼：学区房泡沫刺破 ，雪崩开始 ！取消寒暑假，封杀全国女权群，为了让韮菜生娃，中国政府也是拼了（20210708第573期）	OBfRdzwsryY
财经冷眼：最新！中国海关大量劝返出境者，旅游和商务签证出境被堵塞！美国拒签500留学生帮中国闭关，这墙国如你所愿！（20210707第572期）	OFFlwQkx170
财经冷眼：为何对滴滴出手比阿里还狠？背后权斗惊心动魄，柳传志家族三代被打成卖国贼！中概股投资者危险了！（20210706第571期）	p8bdHu0DE0s
财经冷眼：瓜越闹越大！2000亿董事长殴两院士内幕，看墙国糜烂的官僚和科技体制！（20210704第570期）	MJ8mkWwe_a4
财经冷眼：首富高调炫耀登天安门城楼的背后，难阻2万亿债务雪崩，金融系统扛得住？ 深圳海关开始剪护照？（20210703第569期）	zJMeFDbOPTA
财经冷眼：最新！中国净外储暴跌40%，最担心的事情不可避免！ 恶性通胀加速，40年一遇的交易机会来了！（20210701第568期）	qYUJFrs3dBk
财经冷眼：习近平点头哈腰、丑态百出卖国，再次被忽悠？中共百年祸害人类史！（20210630第567期）	1C2kCtR3K_E
财经冷眼：暴跌6成，深圳楼市真凉了！上海重磅出手，楼市投机正在被团灭！（20210629第566期）	cf6lZ1mrQyM
财经冷眼：最新！中国卡死旅游、商务签出国，门终于关了！中国疫苗祸害世界被封杀！各省强制抓壮丁打疫苗恐慌蔓延，背后的大棋局！（20210628第565期）	E6B24Y32F1M
财经冷眼：习近平想尽骚操作，挽留制造业！中国制造业崩塌无可挽回！（20210626第564期）	vCwyDkVjgfI
财经冷眼：二手房大面积停贷，楼市杠杆终于要断了！（20210625第563期）	U_ELuLY29Sk
财经冷眼： 一场危机正在酝酿！30年一遇的机会来了！（20210624第562期）	FELT1agx_Jo
财经冷眼：佛山被封居民起义被警方镇压！苏宁大裁员卖身阿里？背后真相！崔天凯成替罪羊孤独卸任！ 为保20大延长封国，风声鹤唳！（20210623第561期）	pwqumR89cfw
财经冷眼：数据说话！中国通胀剪刀差 ，制造业成片倒！倒闭潮叠加失业潮！中央高层准备救助10多家大房企！中国央行绝杀加密货币，很多币种将归零！（20210622第560期）	W7gs7SjcvXg
财经冷眼：最新！两特大城市封锁升级引恐慌，疫苗失效，民众疯抢食品 ！教培行业被团灭，失业裁员潮凶猛，俞敏洪发火！美股被团灭 ，A股、加密货币也不远了！（20210619第559期）	5ClbbZwd_Pg
财经冷眼：万亿金融巨头损失4000亿，踩雷要倒？中国疫苗爆最大国际丑闻，这次真臭大街了！（20210618第558期）	NL0lXjoWitE
财经冷眼：美联储加息预期大幅提前，全球资产大逃顶生死时速！这个地产大佬甩卖清仓，终于跑了！中国承认核电站事故！（20210617第557期）	JnuDl5-rSzQ
财经冷眼：恶性通胀，我们都低估了！信号发出，40年一遇的致富机遇来了！（20210616第556期）	ccsLMmkI_ak
财经冷眼：突发！广东核电站泄漏，中方极力掩盖辟谣，法国向美国紧急求救！中国的切尔诺贝利？加速师再加速，北约峰会将中国列为头号敌人，取代俄罗斯！（20210615第555期）	Q_ZuAlyrYKk
财经冷眼：深圳跳楼价甩房频发 ， 楼市泡沫真要破了？房价暴跌下企业破产潮和居民赤贫，中国将回到80年代？（20210614第554期）	yh1bCXoatso
财经冷眼：中国疫苗不防感染 ！广东封省，18个封锁区民众怒吼！浙江疫情急转直下！G7达成共识，联合打击中国经济，排除供应链！（20210613第553期）	mImSpGDkHR0
财经冷眼：196名作家记者被批斗为汉奸，胡锡进再次翻车！郭树清放话的背后，做多房产外汇大宗会付出什么代价？《反外国制裁法》是什么鬼？（20210611第552期）	R4Z6cHzk1ZI
财经冷眼：王岐山叛逃？中国叛逃高官到底是谁？广州疫情恶化，市民被封喊饿！ ​广州方舱医院开建？镇压升级，装甲车出动 ，学生被称为暴徒！（20210610第551期）	Fcyn70xLz4Q
财经冷眼：这个信号发出    减仓的时候到了！中国外贸敲警钟，顺差爆跌！什么信号？(20210609第550期)	_zqVfhgzlSw
财经冷眼：突发！江浙大量独立学院合并引爆学潮，大量军警暴力镇压，学生们扣押校领导，开始失控！ 11国立法抵制北京冬奥会！！美国军机送疫苗，战狼们沉默了！（20210608第549期）	c0u4p20NgNE
财经冷眼：广州深圳封城升级，广东越来越麻烦了！（20210607第548期）	X7i9bBbB4vY
财经冷眼：昨天，高层出手，土地财政将终结？楼市长牛的基础动摇！安徽安庆突发恶性事件惊动公安部！恶性案件频发，政经衰退下的高压锅维稳能撑多久？（20210606第547期）	vhjmhhodeK4
财经冷眼：2万亿债务扛不住了，批量违约，跳水价甩房！这次谁能救恒大？（20210605第546期）	P2sZsYK95aA
财经冷眼：美国封杀59家央企国企！资金监管风暴，严打房地产洗钱 ，一线城市歇菜，二手房市场麻烦了！（20210604第545期）	H6RWxj0-BG4
财经冷眼：又一五眼联盟国家和中国翻脸 ，上海将对躺平者作精神病处理？（20210602第544期）	INF_pKGaF-M
财经冷眼：一线城市封城！ 韭菜觉醒，多家官媒三胎宣传接连翻车！躺平秒杀三胎？我家三个娃海外出生的惊险经历！（20210601第543期）	pTq0OnNeTFE
财经冷眼：日本断供中国，中国政府低三下四挽留特斯拉，6家媒体向特斯拉道歉的背后！南方多省限电断电，中国经济、外贸扛得住吗？（20210531第542期）	EAvhEwieGlU
财经冷眼：慌了！官方开始围剿躺平主义，他们在害怕什么？昨夜，南京发生恶性伤害事件，官方又洗地了！（20210530第541期）	FkHJXWx_ToQ
财经冷眼：女首富暴雷，数百亿资产清零 ，负债200亿变老赖！ 这两年那些倒下的首负们！（20210529第540期）	ie5uSrL2RZo
财经冷眼：实物为王，贪吃的一个都跑不掉！（20210528第539期）	R6N5dbY-5RE
财经冷眼： 人民币大升值刺破美国通胀泡沫？美国情报部门正式调查武毒所泄毒！（20210527第538期）	KXanMa-Ggmg
财经冷眼：死亡马拉松背后料越爆越多，穷人的地狱！学区房大跳水！（20210524第537期）	SgcH6O882Xo
财经冷眼：中国放弃汇率目标的背后！真正的金融搏杀已经开始，关系到每个人的钱袋子！（20210524第536期）	T9vnIc4QuFU
财经冷眼：深挖！谁才是真正的杂交水稻之父？袁隆平是如何走上神坛的？（20210523第535期）	QV7XW99VWpg
财经冷眼：外交战狼踢到铁板，道歉了！ 恐怖，“污辱先烈”的王靖渝被跨国抓捕将遣返？这些国家千万不要去！39岁张一鸣卸任，自愿OR被迫？50岁地产界首富身亡！（20210521第534期）	yTSBL0bYq4Y
财经冷眼：从币崩到股崩，越来越近了！（20210520第533期）	3LfoztiaDZg
财经冷眼：深圳摩天楼大幅摇晃的真相！恐怖的沿海海砂房！中国房子质量揭秘，你的房子能管多少年不塌？（20210519第532期）	TGYoPPGYjQo
财经冷眼： 2021年金融圈最大地震引爆！小镰刀被大镰刀收割，高层紧急调查！（20210518第531期）	azYwxNf9gjs
财经冷眼：台湾疫情爆发，两名中国偷渡客有嫌疑？安徽、辽宁疫情麻烦了！（20210517第530期）	bLqNuztLe2s
财经冷眼：首家政府城投债违约，建行等四家银行被拖下水 ！40万亿城投债会变P2P吗？（20210514第529期）	EtOALbfmAas
财经冷眼：大屠杀！美股、加密货币大跌！美通胀创25年新高，加息恐慌蔓延！（20210513第528）	uvk5oPQDJgo
财经冷眼：人民在唱歌！成都49中事件竭力掩盖的真相！警察开始大量抓人，事情越闹越大，会失控吗？（20210512第527期）	gV2dOMGJq10
财经冷眼：美股中房大逃顶？暴跌、抛售潮下惨烈的踩踏正在发生！（20210511第526期）	2cIZht1eJK0
财经冷眼：疯狂！大宗商品集体连续暴涨，恶性通胀真的来了吗？ 一个捡钱的机会来了！狗狗币暴跌释放的信号！（20210511第525期）	t2wksJKZEls
财经冷眼：2600亿巨头暴雷，炒房1000多套！中国政府引爆又一个多次收割韭菜行业！（20210509第524期）	U9GkBrkbDso
财经冷眼：中国政府向印度打招呼，禁止华人回国！战狼围剿美国大使馆，学生赴美护照成难题？党校教授称赞加拿大医疗被人肉退微博！新华社北美分社被定为间谍机构（20210508第523期）	lTzkOjjui5I
财经冷眼：最新制裁！中国和澳洲经济断交 ，石头会砸谁的脚？又一大国总统指责病毒是生化武器！战狼们怒了！（20210507第522期）	kaV5JgVFhuQ
财经冷眼：昨夜，美元要加息吓坏全球市场，资产泡沫狂欢结束了？（20210505第521期）	6aWR3aTIlyk
财经冷眼：特斯拉突然提前还贷40亿，要跑？日本巨头撤离中国！两国外长总理爆粗口痛骂、指责中国！（20210504第520期）	C71UaOfswkk
财经冷眼：5000亿房企巨头370亿债务违约， 工行和平安被拖下水！国务院开会商对策！中国移民重金属严重超标的背后！（20210503第519期）	UWiaCE_hx1Y
财经冷眼：政法委网站嘲讽印度引众怒，冷血战狼官媒扬名世界！华为认怂，承认手机业务垮塌，爱国者很受伤！（20210502第518期）	maKuf9YxeRI
财经冷眼：习近平震怒！为首富站台，多名上海知名女主持人被封杀，调查组入驻！周立波逃过一劫！上海帮再被敲打！（20210501第517期）	7DcIMdWaqFs
财经冷眼：习近平拜登电话对赌内幕！华尔街大佬跳楼，风暴要来？印度变异病毒批量进入中国！（20210430第516期）	pv31kMLCAsY
财经冷眼：全球经济最大黑天鹅已经起飞！（20210429第515期）	m5iSpIS5ELo
财经冷眼：澳洲呼吁民主国家备战中国!又一大国暴力加息防收割！(20210428第514期)	eEUk9jUkia8
财经冷眼：深圳高层紧急大换血，出什么事了？2000亿资金和大量人口逃离，深圳楼市坍塌？（20210427第513期）	R_BNX9yHhdk
财经冷眼：俄罗斯认怂撤军，战斗民族丢脸全世界！中国战略压力陡增！（20210425第512期）	nWa4teirH5o
财经冷眼：接盘侠不够用！多次推迟公布人口普查结果的真相！多省为社会恐慌做准备！（20210424第511期）	ezajrGneCdA
财经冷眼：今天，美国超预期加税，全球两个最大泡沫扛不住了！（20210423第510期）	bRu9SaXspLI
财经冷眼：数据揭秘！真实的通胀有多恐怖？美元抽梯子加快，这几个国家要遭殃！（20210422第509期）	sWv89Fh5xuE
财经冷眼：房贷利率普涨，无数房奴被套！深圳楼市入冬！（20210421第508期）	IAJV__DXIZ0
财经冷眼：中国扬言查封外资账户的背后，为何大肆抢购黄金？女车主维权刷屏，特斯拉会被踢出中国吗？华为再遭两重击！（20210419第507期）	LuS9A8zNrQE
财经冷眼：刚刚，美国财政部出手！全球疯炒的超级泡沫崩盘式暴跌！近100万人爆仓！通胀吹起的泡泡都要破！（20210418第506期）	hMaY8sfM6Uw
财经冷眼：1.6万亿央企巨头开始暴雷，财政部甩锅不兜底！海内外多少韭菜被坑？（20210417第505期）	22pii_BC4dA
财经冷眼：美日联合保台湾！中国紧急删除核污染证据，大亚湾排放是日本福岛10倍！美国对俄全面制裁，卢布变纸更进一步！(20210416第504期)	XxJuffmTCIQ
财经冷眼：A股频闪崩，美股大筑顶！中国的比特币大棋局！美国如何破？ （20210415第503期）	70VRn8OMxos
财经冷眼：美军进入乌克兰，拜登首战对决俄罗斯？美国对中国再放两大招！（20210414第502期）	yVc6PYNrBaY
财经冷眼：深圳经营贷疯狂震惊高层！断贷风劲刮，房子降价也卖不出去了！（20210411第500期）	9wXuIFSfjLg
财经冷眼： 两个大暴雷！中国为何开始限制投资黄金？阿里182亿天量罚款背后！（20210410第499期）	NPweLazGdeg
财经冷眼：卡车司机自尽背后的政府财政危局！13岁女孩被侵害刺痛国人，除了移民，中产如何保护孩子？！（20210409第498期）	1bX195RLX1w
财经冷眼：高层定调房地产税意欲何为？中美产业链争夺升级！（20210408第497期）	mzeOFLBwosg
财经冷眼：李宁天价鞋遭全国抵制，六宗罪被深扒，爱国爱成了韭菜！中国对外资银行动手，建金融防火墙防美国收割！（20210407第496期）	maZ_GQBOo64
财经冷眼：万物继续暴涨，大萧条前最后一个超级泡沫！（20210406第495期）	tL7ovVz8OZ8
财经冷眼：膝斩，房价大跌剩3成引热议！今年楼市的几大陷阱！（20210405第494期）	B5QWXFT0VUw
财经冷眼：2.35万亿大基建和30年一见的大增税，中美股市最后的晚餐？（20210403第493期）	FoQD-IODbkI
财经冷眼：外地人到上海强行登记引恐慌，新疆模式开始在全国推广？习近平的大棋局！（20210402第493期）	0eDtDJFX8_Y
财经冷眼：  中国封城，狂热的强制接种疫苗政治运动！多个接种中国疫苗的国家疫情恶化！（20210401第492期）	zfzCPx5-xnw
财经冷眼：昨夜，全球债市暴跌，美元飙涨！这三大风险已到极限！（20210331第491期）	oTEBGAbl2ss
财经冷眼：两大金融平台被查封   1.2亿人断了后路！(20210330第490期)	JrEJqqJIe-4
财经冷眼：砸4千亿美元建3国反美轴心！数字人民币能实现去美元化？官方学者呼吁抛美元！（20210329第489期）	ww2UwvDUYu0
财经冷眼：美国制裁再加码，中国政府开始打压义和团，求和了！（20210328第488期）	bI0f9DgQG5A
财经冷眼：美国证交会查中企党员党组织关系，惩罚吃肉砸锅者！中概股多天集体暴跌，多支腰斩！（20210327第487期）	1seEr_-DD1Q
财经冷眼：抵制表演很酸爽， 这个年出口3千亿美元的行业麻烦了，  1.7亿人就业怎么办？（20210326第486期）	Q1O9VCVJWzQ
财经冷眼：中国抵制、封杀数十家跨国巨头，新一轮外资撤离潮或拉开序幕！（20210325第485期）	ePb91wQ674M
财经冷眼：昨夜，美联储释放提前加息信号，全球金融大震荡！股汇债楼大泡泡统统要破？（20210324第484期）	m_wdR7d_UJo
财经冷眼：知名地产巨头清仓跑路，举国围攻讨伐！（20210323第483期）	8yjTNEIHVQ0
财经冷眼：学区房的大雷 ，终于开始引爆了！（20210322第482期）	AXW0SjC2hUI
财经冷眼：中美激烈交锋内幕！战狼杨洁篪成反美英雄 ，他美国的女儿知道吗？ 近平龙颜大悦！中美摊牌加速！（20210320第481期）	ohCZWu5TiTI
财经冷眼：昨夜，全球最大泡沫加速刺破 ，两个大国加息自保！（20210319第480期）	D2nx0tfyzhE
财经冷眼：黄金何时起飞？美元是否见底？比特币还可以投资吗？（20210317第479期）	JpZnGzBqP08
财经冷眼：全球粮价大涨，大通胀下无人置身事外！想办法抗通胀是硬道理！（20210317第478期）	M0AS_Aq7Gps
财经冷眼： 潘石屹之子被通缉，大五毛告刁状？北京、武汉长江河床变沙漠，中国环境恶化！海外中资企业被大规模打砸，冲谁来的？（20210315第477期）	-ZhCASRlsKw
财经冷眼：各大银行釜底抽薪，炒房客纷纷爆仓！新一波断供潮要来？（20210313第476期）	OLzOm-AvMEY
财经冷眼：中国启动千人计划2.0版，比千人计划更狠！中美会谈谁求谁？中共为何迟迟不承认有会谈？会谈崩吗？（20210312第476期）	h3IuaaiAkW4
财经冷眼：9万亿财富大收割 ，1.8亿韭菜大失血！反弹就是逃命机会，再不撤就晚了！（20210310第475期）	R5OakDjmO6c
财经冷眼：万物暴涨，央行纵情收割！高层罕见发话警告楼市泡沫破裂！（20210309第473期）	hhgG5hFrrwc
财经冷眼：大逆转！从“华人之光”到“辱华分子”，金球奖女导演赵婷被疯狂围攻！ 文革批斗之风何时休！（20210307第472期）	8005zErTtRA
财经冷眼：今年GDP增速为何定6%？危机还是自信？两会对房地产释放重要信号！（20210306第471期）	T_xRgBjQJV0
财经冷眼：全球媒体聚焦，美国政府调查赵小兰！深扒赵氏家族为祸美国，和江王勾兑的那些事！（20210305第470期）	cQO_z7UpfIE
美东沙龙演讲之三：房地产榨干棺材本 ，消费陷入绝境 ，习近平的内循环进入死循环！（20210228第469期）	q8od7JWTf9Y
美东沙龙演讲之二：实业大失血，货币紧缩下的地产能支撑多久？不可挽救的失业和消费！（20210228第468期）	M4AbflEq8GI
财经冷眼：家喻户晓的巨头负债400亿被挤兑，暴雷很难避免！造神40年，垮塌一夜间！这是中国经济的缩影！（20210302第467期）	qzW3dJ1TiA4
财经冷眼：昨夜！民营巨头变国企，深圳国资委数批次抢购民企的大棋局 ！习近平的美丽新世界！（20210301第466期）	42ADPWx2K-E
美东沙龙演讲之一：三驾马车的动力和陷阱 ，出口辉煌今年能复制？天量外储消失之谜！（20210228第465期）	4nY7x7fUJMg
财经冷眼：最新！房地产新规大革命，很多人慌了！（20210227第464期）	l4EOgsUkfqI
财经冷眼：美股暴跌！国债收益率大涨戳破美股泡沫的背后逻辑！恶性通胀还有多远？（20210226第463期）	Qqt8qRU9Alc
财经冷眼：香港财政枯竭，中美金融攻防战悄悄开始！（20210225第462期）	83yL_raJAxw
财经冷眼：万物暴涨 ，一片狼藉！史上最大泡沫已经成形！（20210224第461期）	fk2X37DAtBY
财经冷眼：撤退还是抄底？暴涨暴跌的背后，美联储和比特币的通胀之战！投资比特币必须注意这4点！（20210223第460期）	qG8ejC53Hsw
财经冷眼： 2021年楼市最大黑天鹅正式起飞！（20210222第459期）	CgaYFdcrXzw
财经冷眼：世卫专家离开武汉后改口，说病毒来自实验室！中国将放开外汇投资管制，背后图谋？，习近平的新造神运动！（20210219第458期）	yumiUNnqLjQ
财经冷眼：资产崩盘前夕，保汇率还是保房价？（20210218第457期）	0MPvAzt-tm4
财经冷眼：黑幕！江贾两家卷入蚂蚁集团股权纷争！银行有多少坏账就有多少富豪！最高法敲定农民工讨薪违法！（20210218第466期）	u1N0Yex9LuU
财经冷眼：李克强签新规甩锅，非法集资自行承担损失 ，千万金融难民怎么办？华为穷途末路转型养猪，任正非为什么要和拜登通电话！（20210217第465期）	iOyhw5EoysU
财经冷眼：解放军报承认病毒为基因武器？武汉菊花脱销，官媒狂洗地的背后！中国拒绝提供原始病例数据遭美英抨击!马英九声援中共！(20210214第464期)	4bzzkaFHYIs
财经冷眼：百亿金融平台暴雷！王沪宁人马接管凤凰卫视！凤凰卫视女主播潜规则揭秘！（20210213第463期）	0mpcS9xd6wQ
财经冷眼：鸟尽弓藏！官民齐发力，间谍论剑指特斯拉！特斯拉会被踢出中国吗？产业链转移会加速？（20210211第462期）	N6zkKtLF4P0
财经冷眼：昨晚！深圳政府出手，3595个小区房价打7折     购房首付将翻倍 ！ 深圳房价会垮吗？（20210210第461期）	2SOFWnKEIeA
财经冷眼：美加联合抵制北京冬奥会，拜登评价习近平的信号！习近平继续打击周孟孙残部！中国人口断崖出生大降32%！（20210209第46期）	juIU952Lt7w
财经冷眼： 中国股市大坑正在埋人！无数韭菜血本无归！热传蚂蚁两年后重新上市的信号！（20210207第459期）	ZFOawN3SHs4
财经冷眼：慰问喝茅台困难户事件持续发酵！劫贫济富式扶贫引众怒！习近平视察贵州背后的信号！（20210206第458期）	AAHeja2QZ-Q
财经冷眼：房价大跌还不起房贷，免费送房找人接盘刷爆网络！六大银行耍流氓，定期存款付活期利息疯狂割韭菜！（20210205第457期）	EDDcK-4O9lc
财经冷眼：瞒不住了！多省人口出生暴跌30%，人口断崖下经济和楼市风险开始暴露！全民禁言加码，两个家喻户晓的平台被查封！（20210204第456期）	oAhm3IxPgwM
财经冷眼：外资再疯狂逃离！美德两大巨头大撤退，中国产业链加速瓦解！华为手机销量6年来首次跌出前5名！(20210203第455期)	I8lp2xSHc1s
财经冷眼：昨夜！5000亿级巨头雷暴 ，工行、平安被拖下水，国务院紧急救助！中共全面封杀自媒体，有限言论空间归零！（20210202第454期）	7O83_rlpVK0
财经冷眼：最新！英国44领域封杀中共科技间谍 ！百万港人投奔怒海撤退大不列颠！英国申请加入TPP的背后！缅甸政变昂山素季被抓，美国施压放人！（20210131第453期）	HBsNbykt4gA
财经冷眼：万亿巨头破产引爆，7千亿债务怎么办？赖小民被执行死刑，习近平为何急着要他的命？（20210130第452期）	hsVNGLrUEAs
财经冷眼：要么发财，要么穷死！散户抱团搞垮多家华尔街对冲基金震惊全球！股价10天暴涨20倍，翻倍妖股遍地！（20210127第451期）	ZipjHz_hLDE
财经冷眼：核动力印钞下的美国楼市暴涨！为何美房成疯抢的抗通胀神器？多年来我的买房经历和计划！（20210127第450期）	EivMK_8Fiw0
财经冷眼：楼市调控第一枪！各大银行纷纷停贷款，房地产会硬着陆吗？习近平在达沃斯讲话释放的信号！（20210126第449期）	D-Y4A1ythZg
财经冷眼：北方房价大跌资金南下！上海房价大涨迎来最严调控 ，上海深圳房价能持久吗？全面分析来了！(20210124第448期)	rOGehCFaTfs
财经冷眼：北京疫情恶化谣言满天飞！从长春围城到通化围城，30万人面临断粮在网上求救！(20210124第447期)	o-OufrZTChM
财经冷眼：大增的外汇顺差去哪了？B站最惨UP主活活饿死，无数网友彻底破防痛哭背后！习近平全民小康的谎言被打脸！（20210122第446期）	ivdxcGbDUeg
财经冷眼：疯传马云捐10%股份填浙江社保的背后！马云露面视频透露的信息！继北京后 ，上海大麻烦来了！（20210122第445期）	kdcJBg1LzXg
财经冷眼：粮价大涨，多个粮食出口大国紧急限售！小冰河时代的粮荒和瘟疫！（20210120第444期）	5yiiY11dMYM
财经冷眼：GDP破百万亿为何百姓吃不起大葱？中国经济数据造假实锤！通胀、消费、失业都是硬伤！（20210119第443期）	9XpfdAHK_90
财经冷眼：习近平服软，忽悠外资进场！星巴克外交背后释放的信号！产业链转移会中止吗？回不去的中美关系！（20210118第442期）	kvKkC6ZWGiI
财经冷眼：美国1.9万亿刺激出台，各类资产普跌背后的信号 ！美股要变盘？（20210117第441期）	wO3oSfOs79U
财经冷眼：北方多省疫情爆发！2200万人感受武汉式封城！12人感染死亡，中共为何隐瞒？中国疫苗画皮被巴西揭穿！（20210116第440期）	7G2X2LufkT0
财经冷眼：不良贷款批量转换藏玄机！数万亿垃圾债将上市，强国版次贷危机起航！（20210115第439期）	FsiyhUGnBD0
财经冷眼：突发！又一千亿平台雷爆 ，数十万人成金融难民！官商合谋收割韭菜万亿背后的套路揭秘！（20210114第438期）	bLa3VjLwKwg
财经冷眼：全球印钞物价涨不停， 又一大国财政破产！债务危机成大国命门，滞胀下的财富保卫战！（20210112第437期）	cGSKC-H1kNo
财经冷眼：海内外多家媒体报道马云已秘密出逃！另一首富举家成功移民美国！为何美国仍是最受欢迎移民国？（20210110第436期）	CqYwjedXiJg
财经冷眼：最新！蓬佩奥取消美台关系限制，中美建交公报成历史文件？（20210110第435期）	DMLFvlitGAM
财经冷眼：多城爆发！北京封锁自保！1800万人武汉式封城再现！河北变湖北    石家庄变武汉！（20210109第434期）	JaghRv8pM5I
财经冷眼： 物价再次大涨 ，失业减薪致收入下降，拼多多引爆穷人生存艰难话题！（20210108第433期）	M805CUHk644
财经冷眼：突发！美国国会山被攻占 ，彭斯、国会议员从地道撤离！华盛顿紧急戒严!（20210107第432期）	W7MpCMOlhuo
财经冷眼：习近平重判赖小民死刑剑指马云？全世界追查马云失踪真相！ 双规、抓捕还是自导自演施压习近平？（20210106第431期）	hgZBVHkbJ6c
财经冷眼：多省疫情恶化！焊门、断粮、喊楼 ，方舱医院重启，封城后武汉再现！变种病毒加速，英国封国，日美危急，金融市场大动荡来了！（20210105第430期）	_Ujm_nQjDQM
财经冷眼：全球放水大通胀，中国外汇管制，这项资产加速暴涨3倍！纸币的革命者出现！黄金美元比特币谁为王？（20210104第429期）	KgqJvxHFUTw
财经冷眼：央行银保监会紧急下令，银行切割房地产防被拖垮！48万亿房贷生变？每个买房人应该关注！（20210103第428期）	4rzCyiH4LEc
财经冷眼：不作不死！限制美国抛售中国资产，这样的行为可视为战争！（20210102第427期）	-wA-Z-Bnj64
财经冷眼：史无前例！美国勒令3家中国央企巨头退市的信号！中共花钱买武装攻击美军？中美冲突或进入准战争状态！（20210102第426期）	r1Ziv7mJN0Y
财经冷眼：突发！省会封城800万人核酸，官方承认武汉50万人感染！变种病毒在美国加速扩散！世界疫情恶化，如何投资？（20210101第425期）	TV59HvMqHBU
财经冷眼：掩盖不住了！第七次人口普查到底要掺多少水？真实人口到底有几亿？真实数据都在这里！（20201230第424期）	ZoGtziYk03w
财经冷眼：1万家企业烂尾工程遍地超雄安，10万亿投资正在打水漂！习近平又一政绩工程落空！（20201229第423期）	Ir6Mc5sHsqY
财经冷眼：失业压顶，大量断供至法拍屋数量直线飙升3倍！银行将清理3万亿坏账，大部分和房产相关！（20201228第422期）	t5dgFI2zXCk
财经冷眼：浙江省背后补刀阿里 ！马云要完为何马化腾没事？马云转移2000亿资金出海或惹祸！这10大富豪麻烦了！（20201227第421期）	b43R4A-VbUI
财经冷眼： 突发！北京病例暴增进入战时，80万人核酸，封城措施正在启动！大连紧急封城！大中城市想回老家过年的要尽快走！（20201226第420期）	LPPJGV2lKGQ
财经冷眼： 大挫败！欧日韩打脸中国经济外交 ，习近平亲自想签的两个大协定都要黄 ！美国组建复仇者联盟！（20201225第419期）	DtcnsfUxd-E
财经冷眼：失业严峻，家庭债务摇摇欲坠，惨烈的个人降杠杆开始了！中共高层在为最坏的情况作准备了！（20201224第418期）	dnIzC2n8bdY
财经冷眼：突发！阿里被中央多部门调查，马云被限制出境！送支付宝给习近平为什么不要？马云3种结局已注定！（20201223第417期）	WlpSk6RwsbU
财经冷眼：都错了！缺煤只是表象，限电背后的四大阴谋！“供给侧改革”改成“供给侧管理”，习近平的大棋再进一步！（20201223第416期）	FtkFXfKyNGU
财经冷眼：刚刚闭幕的中央经济工作会议，释放8大罕见信号 ！明年投资必看！（20201221第415期）	EMTQ5CB789Q
财经冷眼：疫情恶化，债务危机压顶，美股大跌越来越近了！全球资产价格大调整！（20201221第414期）	3mIg2H3D0Aw
财经冷眼：一个都逃不了！ 监管层宣布京东金融产品非法，下架 ！京东要完！（20201220第413期）	Z7z-Xr-OjGE
财经冷眼：1.2亿人失业，失业率15% ？ 重磅报告揭露中国严峻的失业真相！ 需求侧改革是个什么鬼？（20201220第412期）	XsYTEm6T6D4
财经冷眼： 突发！60家中企巨头被制裁 ！中共导弹火箭将缺芯熄火？中芯国际被断芯，内讧爆发或倒闭！（20201208第411期）	qDRCxbRiJnc
财经冷眼： 习近平真的动手了！马云两万亩超级奢华项目被紧急叫停背后，中央调查组进驻阿里！马云结党营私东窗事发？（20201218第410期）	H3awav312Fc
财经冷眼：  涨声一片！2021年大通胀 ，终于来了！（20201217第409期）	ym1yQXfhop8
财经冷眼：战狼外交受重挫，制裁澳洲致中国多省停电，工厂关门，多行业陷危机！开始向澳洲服软求和！（20201216第408期）	lFnMcXI6hHo
财经冷眼：中共秘密进口疫苗供权贵特用！医务人员抵制国产疫苗， 中小学强推注射 ！新一波疫苗致残或出现！（20201216第407期）	rdnOUpA_dSw
财经冷眼：中共政治局铁拳打击资本扩张 ,，阿里等巨头被罚，反垄断能救中国经济？（20201215第406期）	ZZ9i4UCKDh0
财经冷眼：习近平多次叫嚣备战，中国多地演习巷战！意欲何为？川普要否决国防授权法，中美将决战太平洋？（20201214第405期）	8vr3K2C5u_0
财经冷眼：  突发！中共195万党员名单外泄，海外情报系统受重创！波音空客辉瑞汇丰、西方领事馆8万机构潜伏大量党员！美国财政部信息被有组织窃取！（20201213第404期）	S0oRv7pfqJs
财经冷眼：苏宁被质押给淘宝，传张近东儿媳被习近平侄子抢走！苏宁真要完？又一3000亿级巨头内外债雷爆将倒闭！(20201212第403期)	KGDD8fC84fQ
财经冷眼：11年来CPI首为负，到底是通缩还是通胀？如何防止货币紧缩导致杠杆断裂？如何躲避灰犀牛？（20201211第402期）	IrjRGehNQhI
财经冷眼：高层最新表态，阿里腾讯或被拆分！众科技巨头卖菜引网络嘲讽热议 ！中国企业出路在哪里？（20201210第401期）	2h4W_yzuQdQ
财经冷眼：最新！成都疫情爆发进入战时，感染速度太快，下一步或封城 ！会成为下一个武汉吗！（20201209第400期）	I8n7Y8j7E30
财经冷眼：中国北方经济大滑坡，北方城市房价大跌！ 生育危机愈演愈烈， 所有泡沫都要破！（20201208第399期）	3fSRFKqm670
财经冷眼：许智峯流亡后被冻结银行账户！香港金融系统彻底政治化，清仓香港资产事不宜迟！（20201207第398期）	celz9WL2KSw
财经冷眼：继P2P后，又一个全行业雷爆！昨天开始闹出人命，恐怖的吃人资本！（20201205第397期）	Qyp-p2MZTzQ
财经冷眼：两届1000多万大学生毕业即失业， 教育部半强制学生去艰苦地方！习近平上山下乡大步推进！经济复苏谎言戳穿！（20201203第396期）	qJ3hoqhcFaQ
财经冷眼：4亿房奴91%选错！29万亿楼市收割机启动，银行成最大赢家！还有最后28天补救！（20201202第395期）	JWTGUIPBZ4s
财经冷眼：深圳楼市疯狂引新华社痛批！监管高层首次定义楼市为灰犀牛！房地产税要启动了！（20201201第394期）	Ul_-3A7UQI8
财经冷眼：美国突击检查赴美人员党员身份！2万亿中概股去留将投票决定！ 林郑被制裁后很惨！（20201130第393期）	B84a5DW0N7Y
财经冷眼：金正恩处决外汇交易商的背后！人民币升值出口企业血亏，汇率走势零界点到来！财富安全须有美元信仰！（20201129第392期）	7yiE2t2t0aM
财经冷眼：越来越近！中国经济的两个“定时炸弹”！（20201128第391期）	w6j2x2UMtNg
财经冷眼：最新！恒大被发改委调查，这次真的悬了！中国这个红得烫手的风口行业要凉！（20201127第390期）	_VHu0JUNrBU
财经冷眼：强推网证上网，比防火墙还狠！数字极权再加速！中国政府、专家密集推器官 移植的背后！（20201126第389期）	vtU7X8zMFB8
财经冷眼：不要对疫苗过于乐观！全球首富甩800亿美元资产防金融灾难！抛什么？留什么？普通人如何投资？（20201124第388期）	WeBw8BuwkPg
财经冷眼：风声鹤唳！昨夜上海浦东为何引全球关注？中国多地疫情进入战时！冷冻食品感染后的供销社大棋局！（20201123第387期）	hS3Kp-tezdA
财经冷眼：最新！恒大赖账200亿拖垮苏宁！债务危机下，这些民营和国企巨头都在谢幕！（20201121第386期）	uwktHMYHCVw
财经冷眼：万亿风口行业雷爆！华晨汽车集团破产重组！ 马云再遇大麻烦！ 收割韭菜花样大全！（20201120第385期）	fw5hLwKL7jo
财经冷眼：升级！北上广深等数十大城市限制办理护照，人员出境开始扎口！进口食品带毒背后的大棋局！（20201118第384期）	Yhld-EE6kBI
财经冷眼：5500亿资产的大银行雷爆，申请破产后将坑大量投资者！众多名企债务连环违约，中国债务明斯基时刻的经济学分析！（20201117第383期）	Sgr6BKJBG5Q
财经冷眼：中国建成世界最大自贸圈！国运真的到了？美国或重返TPP反制！中共为什么这么害怕TPP？深入分析TPP的杀伤力！（20201116第382期）	xWsgCGeRgyk
财经冷眼：马云铁杆好友、手套在香港被砍！习近平下令封杀蚂蚁的背后！孙大午被抓释放出的政治信号！（20201115第381期）	FTyLeF1_BeY
财经冷眼：美国放多个大招胖揍中共 ，72天疯狂模式开启，中国政府紧急应对！（20201114第380期）	hBB5I8XO0HY
财经冷眼：多家千亿国企雷爆，资产集体坍塌！高层紧急救火！货币大放水也无法挽救崩溃的经济！（20201113第379期）	pHH5MJlvPwk
财经冷眼：习近平祭出反垄断杀猪！叫停蚂蚁上市只是开始，互联网巨头瑟瑟发抖！市值一天蒸发两万亿！（20201111第378期）	qsERT518ibg
财经冷眼：大反攻！麦康奈尔挺川，司法部长启动调查，开除国防部长，川普的大棋局！疫苗后好消息出尽，金融大风险来了！（20201110第377期）	MgZrZA2e7IU
财经冷眼：病毒发作！又一直辖市进入战时状态， 北京高度戒备！养老金黑洞扩大，习近平启动大损招！（20201109第376期）	9KLPmwbrj3U
财经冷眼：中国外储大降的背后，资本极速外流千亿刀！习近平吹牛诱杀外资！ 外贸企业血亏，深圳现大量工厂倒闭！（20201107第375期）	Y_X_QpXUMiw
财经冷眼：宾州今晚定胜负？川普正在挖另一条艰险的赛道！（20201106第374期）	PJg8Io35ik0
财经冷眼：房产巨头多城半价甩房，争相回笼现金防债务崩断！老业主打砸售楼部！房产将迎降价雨！（20201105第373期）	OA5lb-t0yYQ
财经冷眼：马云炮轰金融系统挑衅习近平王岐山，背后大老板浮出水面！举国官媒讨伐，阿里系遭围剿清算！马云下场不妙！（20201103第372期）	qXyY9dpd0VM
财经冷眼：美国大选及美股大跌后走势预测！中国央行发出人民币贬值两大信号！黄金上车的绝好机会来了！（20201102第371期）	XAkgDJU8Cy4
财经冷眼：多城房子现白菜价，楼市变现渠道被锁死！卖房移民彻底没戏！（20201101第370期）	tOoCW4euPY8
财经冷眼：最新！五中全会政经解读！房地产要彻底凉了！习近平强化党内核心，不定接班人，强推内循环背后！（20201029第369期）	jkrQGDEQnC0
财经冷眼：美抓捕5名中共人员！美印军事联盟敲定，蓬佩奥访南亚4国又突增访中国强邻的背后！台海进入战争状态！（20201029第368期）	dRkiPKRhMFg
财经冷眼：世界五百强巨头紧急裁撤上千人关门撤离，房贷麻烦了！粮价跳涨开始，米厂面厂抢粮，粮荒越来越近了！（20201028第367期）	O57I3gAqBsE
财经冷眼：最后收割信号发出！房地产税真的要来了！人口断崖背后的中国资产价格危局！（20201027第366期）	KHTOCeyBSMk
财经冷眼：2000亿国企巨头违约雷爆，冲击大量银行信托保险公司！省政府赖账拒付 ，债务危机或波及三省！（20201025第365期）	jX8dV6kk1yg
财经冷眼：民众大量偷渡出境打工，中共修长墙围堵！饿死不得出国讨饭时代要重来？（20201024第364期）	EeHbATWA3TQ
财经冷眼：中国最大商业银行雷爆，被最神秘的民企巨头拖下水！大批高净值人士血亏！韭菜躲不过的被收割宿命！（20201022第363期）	Z-yVzpTOt74
财经冷眼：最新宏观经济数据剖析！消费坍塌的背后！ 内循环泡汤 ！（20201021第362期）	S0vTF5TDNvo
财经冷眼：自毁30年金融支柱！高层同一天放两大招，为金融灾难做准备！自保是当务之急！（20201020第361期）	r-z5uXGa9oc
财经冷眼：中共威胁大量抓捕美国加拿大在华人员！海外华人尽量不要回国！三个战争信号已经发出！（20201019第360期）	4zZlp6P9Lls
财经冷眼：北京上海人疯抢出国名额！中国全球第二大平台被封，无数投资者爆仓！又一条资金出海渠道被堵！财富肉身翻墙越来越难（20201017第359期）	ZkE-q9GyPu4
财经冷眼：习近平感染病毒？取消广州考察紧急回京三大原因！五中全会权斗白热化！（20201016第358期）	UnY88MCDycA
财经冷眼：央行放水再创历史，印钞保债务失控！通胀引爆后，低端人口被清洗！（20201015第357期）	514kHfDdeAY
财经冷眼：习近平南巡意欲何为？改革派高官公开痛批习近平，内忧外患下党内权斗激烈！（20201013第356期）	HPN1w_ispbk
财经冷眼：刷屏！环京房价跌70%“臀斩”成负资产，北京二手房跌30%！断供潮蔓延北方，南方终将波及！房子变负资产的后果 ！（20201012第355期）	dOjhis3wWBI
财经冷眼：最新！数字货币大规模落地推进！央行发出人民币贬值信号！P2P巨头赴美上市的背后！（20201011第354期）	mqgOObSslrw
财经冷眼：川普或再遭弹劾，习近平闭关总动员！人民币美元黄金深度分析 ，谁是活路，谁是死路？（20201009第353期）	lcs5YFYGtyg
财经冷眼：中国炒房之神被全网封杀！无数信用卡高杠杆炒房者资金链断裂，炒房时代彻底终结！（20201008第352期）	NbYXRW1bTH8
财经冷眼：美台复交议案通过！四大国结盟封杀中共，韩台蒙越或加入绞杀！（20201007第351期）	aLTM3Md89u0
财经冷眼：银行釜底抽薪，大面积抽贷断贷！楼市死亡螺旋启动！（20201006第350期）	BiopwIgtGCM
财经冷眼：继芯片光刻机后，又一致命领域被卡 ！美国动手将至亿万人死亡！（20201005第349期）	E7KuKOlZbLo
财经冷眼：突发！美国移民局禁止中共党员移民！在美党员将被遣返，退党潮真的来了！（20201004第348期）	7J_crhZ5Aw0
财经冷眼：突发！川普感染武肺深度内幕！彭斯拜登极可能中招！全球六大灾难性影响发酵！墙内一片欢腾，川普对中共的背水一战！（20201002第347期）	nLKZ6V9iDTM
财经冷眼：突发！数百亿金融巨头雷爆！5985家金融公司倒闭，数千万金融难民冲击维稳系统！教你几招防割韭菜！（20201001第346期）	lKg7V-i-hFc
财经冷眼：恒大反转内幕！节前楼市再出重拳！房子降价潮来了，刚需买房一定再等等！（20200930第345期）	L-p-7S7rtYo
财经冷眼：突发，川普税表大斗法开始！美军驻台引风波，中芯国际被封杀，中共半导体行业将崩盘！（20200928第344期）	4D-Zc5ETM_o
财经冷眼：43万亿违约，银行、信托进入雷爆高峰，1.6亿人理财、信托投资将血本无归！（20200927第343期）	D-DSFfBYhVI
财经冷眼：深度！恒大要挟广东省政府重组债务，扬言拖249家金融机构和331万人失业垫背，8千亿债务金融核弹要引爆了！（20200925第342期）	H8h29gaydeo
财经冷眼：俄罗斯增兵东北边境欲趁火打劫？三大邻国加入围殴！又一大国爆发排华暴乱，历史悲剧将重演吗？（20200924第341期）	cwAHQgfFS44
财经冷眼：外汇管制再升级，大量银行账户被无理由冻结！政府劝民众不要提款，18省银行借钱防挤兑！（20200923第340期）	4TSxN6wx1Bk
财经冷眼：10万亿投资打水漂，烂尾将超雄安！任正非挑衅习近平的背后！举国打造庞氏骗局，新注册万家企业疯抢！（20200922第339期）	4yFMvEh4fDA
财经冷眼：又一省会城市房价大跌，多个特大城市排队卖房，挂牌量翻倍猛增，房价降20%才能脱手！（20200921第338）	GoJRuadr3Fk
财经冷眼：全球货币大洪水，超级通胀无人可以逃过！穷人通缩富人通胀，如何守住你的阶层和财富？（20200919第337期）	wBwCscOLGYg
财经冷眼：人民币官方汇率不会大贬，黑市汇率雪崩，民币作废！普通民众丧失换汇权，三年后5万刀可买深圳别墅！（20200917第336期）	d26fVfQ7FVA
财经冷眼：最深解读，民营经济被统战的背后，共产集结号吹响！万亿民营巨头被瓜分，私企老板、富人都该走了  ！（20200916第335期）	bcRKYGh12no
财经冷眼：放大招！美驻华大使不辞而别惊人内幕，中美关系或降为代办级！美历史最高级别访台启动，美台建交一触即发！（20200915第334期）	yyanksD2-4s
财经冷眼：亚洲启动一体化排除中国，战狼王毅被围殴再遇滑铁卢！中共疫苗背后的投毒世界真相！（20200914第333期）	7uoRqu2RkYY
财经冷眼：1700家日企排队撤离，50%搬至中国死敌国家，中国产业链再釜底抽薪！（20200912第332期）	rzF_ErxhFAg
财经冷眼：北方多个特大城市楼市崩盘，房价暴跌30%，卖房最后逃生窗口！（20200911第331期）	qitn-lPAWVQ
财经冷眼：北京强要10省特大危机下供粮，数字货币加速，良民证开始推行！（20200910第330期）	d8Zp6phdkgw
财经冷眼：习近平推社会主义改造，山西没收私产试点朝鲜化！私产充公将在全国铺开！（20200908第329期）	vuG3ml5LOmU
财经冷眼：大爆发！远超P2P的骗局雷爆，无数人血本无归，金融维稳大升级！（20200907第328期）	phoHQJiSsJE
财经冷眼：变天了！多城房子白菜价，总理之子喊抛房！抛售潮将至，再不卖就晚了！（20200905第327期）	aZzj3jnLVeM
财经冷眼：今天，美日欧台结盟！中国被踢出全球体系！史诗级失业潮真的来了！（20200904第326期）	o0iiMKyjaXY
财经冷眼：留学移民黄金时代结束！美元黄金人民币走势深度分析，廉价美元遭疯抢！（20200902第325期）	v2ZzyzSov90
财经冷眼：中印爆发武装冲突，美军将驻扎印度，中国内乱爆发，中共暴力镇压！（20200901第324期）	sXVd41hPvD8
财经冷眼：深度数据分析！中国医保、养老金耗尽！8亿人在等死！（20200830第323期）	gDurQc-mvSQ
财经冷眼：安倍辞职后的美国大棋局！带刀武士回归！多国结盟重组产业链！（20200829第322期）	CMee1-oq2_s
财经冷眼：美军升级冲突诱惑党卫军开战！习近平丢两张王牌！李克强再遭重击！（20200827第321期）	xXKXH0lRJtc
财经冷眼： 黄金美元统统交出！为什么数字货币一定变金圆券？70年第二次废钞将启动！（20200826第320期）	Z3BmZ4cCoi4
财经冷眼：香港楼市正在崩盘！甩卖所有香港资产尽快撤！广东楼市被拖下水！（20200825第319期）	fUQZa1yXh0s
财经冷眼：禁止卖房换汇？卖房移民终于要结束了！一个都跑不了！（20200824第318期）	PM_dkz7gBLg
财经冷眼：央行断臂求生放大招！90%地产商面临倒闭！楼市下半年迎降价潮！（20200823第317期）	76ZZcDfpms4
财经冷眼：官宣！数字货币不能换美元黄金，秒变粮票！14亿人被收割！再不跑就晚了！（20200821第316期）	tVVeQXOIN70
财经冷眼：建库后最大洪水冲击三峡大坝！重庆变水晶宫， 武汉至暗时刻到了！（20200820第315期）	lf4KYX1WLO8
财经冷眼：多家银行大批冻结储蓄账户，中小银行撑不住了，捂紧你的口袋！（20200819第314期）	EK_9hCkHRVg
财经冷眼：深圳突然限制使用现金的信号！外储净值跌破1万亿，外汇管制升级！楼市股市要爆！（20200818第313期）	kbjxfy36Aag
财经冷眼：比美元脱钩还狠，恐怖的美国粮食核武器！70年美国粮食战！（20200816第312期）	njxMZoSTnUY
财经冷眼：突发！数字货币全国大规模推行！ 纸币开始废弃，中国家庭生死选择！（20200815第311期）	bY6ssUVaWkA
财经冷眼：五大行联合割韭菜，29万亿楼市陷阱启动，1亿家庭正踏入！（20200814第310期）	qf2Q41n6K8E
财经冷眼：动手了！美调查习栗家族海外资产，汽车行业做断供准备，中资银行加入对11名官员制裁！（20200813第309期）	qqkfns6yp4A
财经冷眼：习近平呼吁节约粮食的信号，粮食定量供应启动！美驻华使馆删中国！（20200812第308期）	KoHeGxDuN9w
财经冷眼：制裁效果遍地开花，三银行巨头出手，港共疯狂抓人！（20200810第307期）	jhl-eBPwOus
财经冷眼：很多国家纸币将作废，这些物品将成交易媒介！（20200809第306期）	UiBFPT6WXOo
财经冷眼：比美国制裁林郑狠万倍，瑞士将公投对20万亿权贵资产动手！（20200808第305期）	9koA1K0qVlg
财经冷眼：美国核弹级制裁启动！习近平对二马动刀！银行风险大爆发！（20200806第304期）	exJXFIFmmRU
财经冷眼：美台复交启动！中共强征兵，军演登陆台湾！政府禁止囤粮！（20200805第303期）	2E0YHUDRpQU
财经冷眼：多国将打击权贵沉船，美驻华使馆卖资产背后，国人疯狂出逃！（20200804第302期）	oLzhxUsyMxY
财经冷眼：习李矛盾总爆发！美送500亿刀给中共续命，网络封锁大升级！（20200803第301期）	WnCuAj9UKM4
财经冷眼：美轰炸南海计划曝光！俄法1000导弹入印，日将加入五眼联盟！（20200801第300期）	3uiI6w4A-Ug
财经冷眼：内循环下楼市断头铡，再不卖就砸手里了！增700万安保警察的信号！（20200731第299期）	y57e31UQIO4
财经冷眼：收官！大量注销护照，薅全球华人羊毛，拒绝数字货币违法！（20200730第298期）	sE-gfyaa8z0
财经冷眼：官方推演三峡溃坝，已做最坏准备，武汉生死考验来了！（20200729第297期）	6hfCbnrjPLw
财经冷眼： 战争一触即发，堪比房产的造富运动启动，避免覆灭的密码！（20200728第296期）	-98mO4pHfKE
财经冷眼：习李斗再升级，人民公社将启，防核辐射、粮荒，出境卡死！（20200727第295期）	IVMQ-c6r8hc
财经冷眼：武汉中领馆不重启，美抓捕大量中共间谍，中方操控骚乱实锤！（20200725第294期）	ZHzxZpM-pHQ
财经冷眼：断交！美成都领馆被强关，中拒关领馆官员叛逃，俄法暴捅！（20200724第293期）	u85J3QPOlDk
财经冷眼：深挖！烧假美元，护送军事间谍，多领馆将关，川普被迫宣战！（20200723第292期）	kwl8a0ajAGU
财经冷眼：中方领事烧何文？川普下令驱逐真正原因，中美断交将上演！（20200722第291期）	tbKW0ziiDhQ
财经冷眼：习近平坚定重启计划经济，中偷美疫苗被抓 ，科技体系坍塌！（20200722第290期）	atOfqkOeU9s
财经冷眼：四大强国结盟，日本出手绝杀，中国人大量逃越南打工，内循环开始！（20200721第289期）	ESloX4NoBsw
财经冷眼：最大民企巨头被收割！半年经济分析，换汇最后窗口！（20200719第288期）	OLqrqOR5i_E
财经冷眼：创世纪洪水！李密令三峡泄洪自保，习隐身背后，5亿人自生自灭！（20200718第287期）	yrVFaDt1hRY
财经冷眼：党员退党大爆发，禁公务员移民，清除华人户籍，政治运动来了！（20200717第286期）	JXnyXLIpAbg
财经冷眼：3大国拒华为，美日英聚南海，习近平结盟猪队友，中美备战！（20200716第285期）	7UjvQyW8mhQ
财经冷眼： 粮仓十库九空，水灾蝗灾粮食大绝收，大饥荒不远了！（20200715第284期）	LBYZi4DMpkg
财经冷眼：国家级金融骗局突然收官，6亿韭菜将被埋，二马胜利大逃亡！（20200714第283期）	UBztV0rTSRY
财经冷眼：唐山三峡北京同地震，挖长江保武汉，鄱阳决堤淹江西，粮荒来了！（20200712第282期）	-Xa9GwRNRlE
财经冷眼：五大行将断供美元，香港外汇管制，换刀最后机会，习求俄抗美！（20200711第281期）	J9UqBW7VMaQ
财经冷眼：各大城市排队甩房！断供法拍屋暴增，首富甩2千亿资产撤离！（20200709第280期）	Ts-Q8-9sYoE
财经冷眼：灾上加灾 ，鼠疫再次爆发，中国警报到年底！联合国高度戒备！（20200708第279期）	LynPiizQNrs
财经冷眼：穷途末路！中国政府启动空前金融骗局，5.5亿韭菜将被刨根割净！（20200707第278期）	AsXfYokec-Q
财经冷眼：金沙江巨库泄洪淹重庆，长江暴涨灌武汉，三峡战超级大洪水！（20200706第277期）	TONG70oXoao
财经冷眼：日加澳台印再出重拳痛击！高官透露习近平的六个最坏打算！（20200704第276期）	Kk74nLS7nEc
财经冷眼：又一个地摊经济！外贸李克强步行街带货，习近平关闭通气孔！（20200703第275期）	qolZikPk9yc
财经冷眼：4楼以下撤，重庆官方报警大洪灾！武汉重庆或均被放弃！（20200702第274期）	ZnGAQpI_EBc
财经冷眼：美国核弹级制裁，红色家族找退路保资产，沉船计划将冻结！（20200630第273期）	niqgJjQYHcI
财经冷眼：80吨黄金造假，多家银行信托雷爆，割韭菜无数！美元抢疯了！（20200629第272期）	p9e079aDpuY
财经冷眼：长江倒灌宜昌成灾，武汉危急！或被逼炸堤分洪保三峡！（20200628第271期）	VlwfcHAB8vY
财经冷眼：从大学顶替、合村并居，看中国第三经济强省的溃败！（20200627第270期）	bH3rDqat418
财经冷眼：美制裁法案全票通过，这些高官危险了，多国加入绞杀华为！（20200626第269期）	iAeqe5F6gTo
财经冷眼：三峡生死抉择，保重庆OR保武汉 ？定了！官方溃坝3条件达到！（20200624第268期）	EOMD6Oe-KO8
财经冷眼：17万亿雷爆，大批富豪白领韭菜被刨根收割，比P2P还惨！（20200623第267期）	NlN5WgcmH08
财经冷眼：北京封城恐慌蔓延，民众争相逃离，总加速师神隐的背后！（20200622第266期）	34cB0MgsmyY
财经冷眼：深度！三峡溃坝四大引子，李克强签三峡保卫令！自救指南！（20200621第265期）	ywbCCR9noJM
财经冷眼：习对外大免债，李掘地三尺征税引民愤， 财政真要破产！（20200620第264期）	w1wEnASz6ko
财经冷眼：又一家银行遭挤兑，多处雷爆，中国投资遍地是坑！（20200619第263期）	yck56VK5AB0
财经冷眼：中印边境失控，数十死亡！俄印向美交投名状，习氏生死抉择！（20200617第262期）	-W4iOyNhbKI
财经冷眼：进口粮价暴涨，灾后农民囤粮惜售，中国粮食大减产后粮荒！（20200616第261期）	dKnIl6gBD-o
财经冷眼：总加速师三招加速，民币真正汇率预测！（20200615第260期）	XHaQ4yCvz8E
财经冷眼：瞒不住了，北京引爆中国二次疫情，习近平出京避毒！（20200614第259期）	OVTl3ZEvKOw
财经冷眼：中国银行存取款开始管制，资金撤离最后窗口到来！（20200613第258期）	vVw5yY9mN_I
财经冷眼：美制裁政治局两常委！香港资本撤离拖垮深圳和中国楼市推演！（20200612第257期）	LVOrE7_wm30
财经冷眼：消失的11省大洪水，习近平去宁夏背后，三峡溃坝深度分析！（20200611第256期）	G1odLvFBRIU
财经冷眼：中英决裂，新纳粹被多国围殴，华为彻底要断粮了！（20200610第255期）	_kFjmRJwdJw
财经冷眼：世界大萧条！未来三年财富密码！（20200609第254期）	7lN6sGUXAts
财经冷眼：中国三批巨额假美元抵美，货币战争爆发！换美元要小心！（20200609第253期）	pN9Yv2SjQl8
财经冷眼：新基建全部泡汤！产业链全部跑光！（20200608第252期）	xQQvHRGWMO8
财经冷眼：10国新反共联盟成立，总加速师出昏招再加速！（20200607第251期）	97CAaawz7sY
财经冷眼：独家专访，起底我自己！（20200606第250期）	0b8k0nLDDMQ
财经冷眼：习李斗再过招！中国经济5大危机推演！（20200605第249期）	CSF0xIsxFng
财经冷眼：中小银行危机显现，央行财政部联手救助！结果正在失控（20200604第248期）	aU9rOSe9hvI
财经冷眼： 深圳断供潮刷屏！ 二手房夺命抛售，楼市至暗时刻！（20200603第247期）	6StAmW9kn2w
财经冷眼：美国颜色革命的背后巨手！川普的最后一战！（20200602第246期）	R2pQbSCn3XE
财经冷眼：德国叛美投中，川普建10国反共联盟！二战历史重演？（20200601第245期）	CzWiiklEckc
财经冷眼： 内斗升级，李克强打脸、甩锅习近平，答记者问视频被删！（20200530第244期）	TQOUS1Swe-Q
财经冷眼：中美同放5大招，留学生单程票坐实！再出国或30年后！（20200529第243期）	pacDnnEY_B4
财经冷眼：川普拟抛弃贸易协议，本周将强硬回击，三大招报复国安法！（20200527第242期）	xPygUsnab0U
财经冷眼：多米诺骨牌！暴力排华第一枪打响，中国6万亿美元将打水漂！（20200526第241）	u3VVOFOdyQQ
财经冷眼：两会透露的经济趋势和财富密码，这4点你必须知道！（20200525第240期）	BnW16hb9WIA
财经冷眼：  多省市停办因私护照，变本加厉收护照，释放什么信号？（20200524第239期）	w6jvxOhpKWI
财经冷眼：国安法下香港末日，中港股汇四杀大恐慌，港人抢机票飞台湾！（20200523第238期）	wghBa9e5BDA
财经冷眼：武汉实现全民免疫，367万人阳性！东三省要泡汤了！（20200522第237期）	Cu2Jt70WjUc
财经冷眼：又放大招，房子再不出手，都要砸在手里了！（20200521第236期）	DkRHFu-tlVk
财经冷眼：财政赤字货币化激辩，无锚印钞或再启！财政大溃败避无可避！（20200519第235期）	mXfre5Xp6w0
财经冷眼：李飞飞大起底！那些在欧美呼风唤雨的红色娘子军们！（20200518第234期）	mleBbsK03ew
财经冷眼：最深分析！台积电移美，华为断芯，中美台半导体主导权生死之战！（20200516第233期）	CIV8kYcXvVY
财经冷眼：房地产税来了，房价大杀器启动！征税也救不了地方财政！（20200515第232期）	rJhp81ZZr8Q
财经冷眼：苹果撤向印台，日欧两巨头跟进，中国产业链完蛋！失业潮势不可挡！（20200514第231期）	GUSH_6HZV1k
财经冷眼：武汉面临爆发或再封城 ，两省告急，紧急措施保两会！（20200513第230期）	Z6lEwUYcpvQ
财经冷眼：央行数字货币不能买黄金美元！将成换币利器！识别数币骗局看这里？（20200512第229期）	9qIjd1oEk_Q
财经冷眼：全球货币洪水滔天，债务危机避无可避，一个都逃不了！（20200510第228期）	um9wfxC-JQs
财经冷眼：学区房作废，亿万高端韭菜将一网打尽，比石油宝还狠！（20200508第227期）	Ve8dRzgOp0E
财经冷眼：越南政改拥抱自由世界，不跟大哥玩了！世界工厂将易手（20200507第226期）	f57yLqR6hFo
财经冷眼：1:10000换币耍流氓，美国死对头震惊世界 ，人民币也快了！（20200506第225期）	H2oXFrgOLV8
财经冷眼：后浪韭菜如何过冬？大萧条求生手册！这10条你知道几条？（20200505第224期）	nhpFPYFl7-g
财经冷眼：最全揭秘！赵氏家族游走中美权力巅峰，川普都是棋子！（20200504第223期）	xC0pnSjOTUU
财经冷眼：放大招，政府为楼市崩盘做准备，中国城市家庭90%将破产！（20200503第222期）	0oTFL-NshcQ
财经冷眼：经济学家发天文数字失业人数被喝茶，举国关注，六保都黄了！（20200501第221期）	nBujBracQJI
财经冷眼：突发！美国血拼清理金融木马，切断输血管，中美巅峰对决开始！（20200430第220期）	J6j_MaS3NuI
财经冷眼：粮价大涨，多地抢粮！圣经级别粮荒启动，中国会饿死人吗？（20200428第219期）	Oj_rDCsIT8g
财经冷眼：房贷大量逾期，断供抛房进行时，房子负资产时代开启！（20200427第218期）	vCokFQHMaTM
财经冷眼：武汉之后，又一个千万人口城市大爆发，北京也快守不住了！（20200426第217期）	BbwPe-SqMyk
财经冷眼：深度！震惊世界的中国金融骗局背后，财富收割远超P2P！（20200424第216期）	50UjieGfsbs
财经冷眼：我和谷歌之战的幕后，财富安全吹哨人已不多了！（20200423第215期）	FiGK8PHrX58
财经冷眼：  最深解读！数字货币背后7大阴谋！普通家庭生死抉择！（20200419第214期）	sl1rO6XLoXg
财经冷眼：病毒合成证据找到，武汉实验室泄露为元凶，4000倍庚子索赔来了！（20200418第213期）	ffSbP2nZghw
财经冷眼：违约耍流氓，王岐山金融帝国崩塌！中国经济40年大断崖！（20200417第213期）	hoPiJx8osiI
财经冷眼：从烧粮仓到烧工厂，报复性消费没来，报复性裁员来了！（20200416第212期）	rT-9LFTUWBY
财经冷眼：连封四城，两大毒省威力不输武汉，二次爆发势不可挡！（20200415第211期）	sHZP1uiB1sg
财经冷眼：满人蹩脚汉语变普通话，汉语千年血泪史！99%国人不知！（20200414第210期）	_ZqnTdl_PIY
财经冷眼：外储被挤兑大降，耗尽后还将负债2.5万亿美元，国人40年白忙！（20200413第209期）	f6ueqkEdvk8
财经冷眼：史上最大人为技术灾难，三峡溃坝的预演，99%的中国人不知道！（20200411第208期）	B5z4fEflDCU
财经冷眼：美日斥巨资帮企业撤离中国，欧韩台将跟进，撤退后是大清算！（20200411第207期）	bAalwa5tmb0
财经冷眼：楼市量价大跌，二手房挂牌量翻倍，全国性抛房潮到了！（20200409第206期）	-e44u93eIqI
财经冷眼：突发！省级银行被挤兑，政府要抓人维稳，银行倒闭潮真来了！（20200408第205期）	EzoCvxtCJsI
财经冷眼：俄罗斯百万大排华，广州黑龙江疫情爆发，中国二次沦陷开始！（20200407第204期）	MgFGcdQT-us
财经冷眼：多家银行发出危险信号，印钱救银行还是保物价，该选择了！（20200406第203期）	9WnBjw_Yzq8
财经冷眼：中国金融开放引全球五大投行入套，金融绞杀战开始！（20200404第202期）	WTwLUHt_Dw8
财经冷眼：斩断资金链，中美金融战正式打响，脱钩已成定局！（20200403第201期）	lwdnCPpFk8k
财经冷眼：红头文让党员干部囤粮，粮油店被封，李克强紧急应对粮荒，再不囤粮就晚了！（20200402第200期）	PBqB6Jp8c0I
财经冷眼：北上深苏杭出现抢房潮，三四线房价大跌，韭菜要连根拔起了！（20200331第199期）	QMez0S6L2xY
财经冷眼：中国两月新增2.6亿人失业，但还在笑美国328万人周失业记录！（20200330第198期）	jssGYjKdjCw
财经冷眼：外贸失业潮后是房产断供潮，今年银行将成片倒闭！（20200329第197期）	ME0pSHFzBYw
财经冷眼：美国将自给自足，中国经济内循环阳台种菜，回国留学生后悔了！（20200328第196期）	MF4CTYZTEY8
财经冷眼：精准演算！感染约121万例，死亡数据恐怖，这才是真实的中国数据！（20200327第195期）	AX6gm0-TgJ4
财经冷眼：产粮国纷纷禁止粮食出口，世界进入抢粮模式，中国粮食危机将引爆！（20200326第194期）	so4U3Uu6bQU
财经冷眼：世纪大萧条到来，所有国家无一幸免，做这三件事可自保!(20200325第193期)	DYElW3xFd3s
财经冷眼：10倍起跳的贸易战来了，中国外贸行业失业潮凶猛！（20200324第192期）	Cw9jumuB79o
财经冷眼：穷途末路，全面启动计划经济信号终于发出了！（20200323第191期）	irgkupxY6XU
财经冷眼：多项关键数据20%暴跌，统计局为40年GDP首次负增长做铺垫！（20200321第190期）	gYLatFonSnE
财经冷眼：李文亮定性引巨大争议！这两件事后中共正成过街老鼠！最惨结局将到来！（20200320第189期）	tFfYMmxNeT0
财经冷眼：失业率创22年新高，874万大学生毕业即失业，只有上山下乡！（20200320第188期）	aMbpKc8goRs
财经冷眼：桥水疑爆仓，美银行自救，纽交所关闭大厅，美联储直升机撒钱！（20200319第187期）	2quefBquXWE
财经冷眼：数据报警！中国粮食问题超出想象，2020年将集中爆发！（20200318第186期）	rMBAO-QN4RQ
财经冷眼：美联储利率归零打光子弹，市场开始裸奔了！（20200316第185期）	E8LWd5k6Xdc
财经冷眼：介绍几种资金出海的方法，应对人民币贬值！（20200315第184期）	EIhmS4zCOxA
财经冷眼：继续大放水！全都在疯涨 ，复工潮没等来，涨价潮提前到来！（20200314第183期）	lkx2YRJ21QQ
财经冷眼：美加韩9国股市熔断，欧元人民币暴跌，后市避险投资指南！（20200313第182期）	HSGRQAehc5M
财经冷眼：二手房成交量腰斩，知名房产大佬清仓跑路，狼真的来了！（20200312第181期）	c5zryY48dzo
财经冷眼：美联储快没子弹了，但金融危机才刚开始！（20200311第180期）	MeCijX39tJo
财经冷眼：美股熔断崩盘，暴跌2013点创124年最大跌幅，金融危机爆发！（20200310第179期）	Q0OiiHdnQz4
财经冷眼：油价暴跌31%，石油危机爆发，全球股汇大宗崩盘，经济危机来了！（20200309第178期）	Yewp8NIHIi4
财经冷眼：楼市启动最大杀手锏，开发商彻底慌了！（20200309第177期）	bkt9OL8E1qc
财经冷眼：24国贸易封锁，多个重要经济数据坍塌，中国经济至暗时刻到了！（20200308第176期）	ZCCxlZaue70
财经冷眼：多地房产新政起义被扑灭，楼市不限跌幅了！（20200306第175期）	QLt8_n7eHdE
财经冷眼：全球央行紧急大放水，次贷后最大金融危机登场，这些投资将获高收益！（20200305第175期）	VWvSpnS-Prk
财经冷眼：8省市投资34万亿    楼市被叫停后，比4万亿更猛的经济刺激来了！（20200304第173期）	dE0y5FcX61U
财经冷眼：30万亿楼市陷阱启动，很多家庭将被深度套牢！（20200303第172期）	1VCCbTi8Vz8
财经冷眼：全球金融市场崩盘，美元黄金股票人民币，2020年走势深度分析！（20200229第171期）	F5tvciFLFaQ
财经冷眼：以数据说话，减薪潮后，5月份或将迎倒闭潮和失业潮高峰， 国家也救不了！（20200228第170期）	RiwTpeJFAOY
财经冷眼：病毒将在美国爆发的五大原因，韩国模式或在美上演！（20200227第169期）	k5eChq0afsw
财经冷眼：这个金融大坑挖好了，4.8亿人正在往里跳！拉都拉不住！（20200226第168期）	licZasrloTM
财经冷眼：今天，中国此举激怒美国，美痛下决心切割，醒悟程度超贸易战！（20200225第167期）	7HdKHlBRkNc
财经冷眼：四大重击，人民币40年来最艰难的时刻到了！这些准备要尽快！（20200225第166期）	gPIqqNkfYA0
财经冷眼：YOUTUBE免广告会员功能开通，欢迎大家加入！	3CmapcR-f_Y
财经冷眼：股市为何暴涨？  楼市未来走势？  答案都在这里！（20200223第165期）	6ZjdktChuF4
财经冷眼：各国疫情大盘点   这些国家正在变武汉，全球爆发不可避免！（20200222第164期）	OdAtJVz609k
财经冷眼：病毒合成俄罗斯再添新证据，疫情好转后的数字游戏！请谨慎复工！（20200221第163期）	SxM82GHmAAc
财经冷眼：谷歌打压武汉肺炎报道的背后！我们不能退！聊一聊自媒体的现状和责任！（20200220第162期）	jA6bBrOvS-U
财经冷眼：今天，美国两党发起另一场贸易战，全面围剿中国！内忧外患下的分崩离析！（20200219第161期）	OfQQs8dH3E8
财经冷眼：湖北粮食见底，开始以物易物，恶性通胀来了！（20200218第160期）	4_0VcMUspFw
财经冷眼：刚刚，武汉病毒所所长王延轶被下属实名举报，紧急辟谣的玄机在哪里？（20200217第159期）	yHtddkbrTSw
财经冷眼：第一手资料调查，湖北现状全景展示！希望饥荒不要来！（20200217第158期）	EZDYV41msxY
财经冷眼：官方紧急辟谣漏洞百出，网民不买账穷追不舍！零号病人要现形了！（20200216第157期）	WxNb1sqgF0U
财经冷眼：病毒合成取证进展巨大震动海内外，真相越来越近了！（20200215第156期）	9wGFM-XnuKs
财经冷眼：亲共率太高，日本被病毒攻陷了！（20200214第155期）	RUhdaBkxSog
财经冷眼：习家军抢滩湖北 政法维稳或让湖北疫情失控！军管没用，真相才是瘟疫的克星！（20200214第154期）	F-Y3NHZ33GE
财经冷眼：湖北确诊病例暴增15000背后的玄机，中央和地方激烈的复工博弈！（20200213第153）	EmsPGglmFcM
财经冷眼：驻美大使默认泄露，P4实验室疑云将拨开！（20200212第152期）	Wf5hJdVSpA8
财经冷眼：北京上海紧急封城，政经重镇全沦陷，举国复工凶险！大饥荒后最大灾难加速！（20200211第151期）	Bx5KenMtO0w
财经冷眼：武汉二氧化硫狂飙全球第一， 焚烧尸体是元凶？最全最真实的分析来了！（20200210第250期）	CvBcAHdwTmI
财经冷眼：以数据说话，武汉真实死亡数我最清楚！（20200209第249期）	IZtXMNnKu0o
财经冷眼：深圳昨夜紧急封城引恐慌，大量民众逃往香港！北方直辖市封城，疫情升级！（20200208第148期）	MS6LO9pjcHw
财经冷眼：广州打响一线封城第一枪 ，这两个大省紧急封锁，恐慌再次升级！（20200207第147期）	lC7WaWH5JTQ
财经冷眼：6大线索指向李文亮被谋杀，疫情以来最大的民愤被引爆！（20200207第146期）	MJABVFJCfXE
财经冷眼：南京杭州郑州30城封锁， 北上广深也快了，高峰真正到来！（20200206第145期）	mwgYSKrcQPU
财经冷眼：中国抢注美国免费抗肺炎药专利，为何农夫与蛇一再上演？（20200205第144期）	NyIgm7O-U1M
财经冷眼：多学者企业家实名举报，武汉病毒所扛不住了，病毒来源现形！（20200205第143期）	eUU4ko4oQEo
财经冷眼：武汉军管，封户后实施物资计划配送，武汉人悬了！（20200204第142期）	jwV962krs5w
财经冷眼：慌不择路！现在想跑已经晚了！半年后或有最后一次机会！（20200203第141期）	HPtH0waCRQk
财经冷眼：肺炎肆虐，多少家庭将倾家荡产！（20200203第140期）	IE5LGC8CEyc
财经冷眼：艾滋病插入蝙蝠病毒，武汉肺炎来自P4实验室合成，生化危机已成定局！（20200202第139）	qA8STkQ_x7Y
财经冷眼：方斌被捕后释放，第五医院5分钟8具尸体震惊中外，运尸袋不够用！武汉真实死亡人数在这里！（20200202第138期）	hMvlKSzZNOI
财经冷眼：肺炎肆虐，你选择了多少岁月静好，生活就会给你多少迎头痛击！（20200201第137期）	douy31CxLvw
财经冷眼：肺炎病毒制造者被锁定，这个男人将成世界公敌！爆发前3个月武汉进行防扩散演习！（20200131第136期）	so_pnEHVfmM
财经冷眼：中国三拒美国援助又接纳的真相，世界各国纷纷隔离，中国成孤岛（20200130第135期）	EAmXzIpWhHs
财经冷眼：瘟疫下物资保卫大比拼  粮肉汽油美元签证护照  你该这样囤了！（20200130第134期）	fDdlMbctpOs
财经冷眼：钟南山将被打脸，4月或是肺炎高峰，返城潮让北上广深集中爆发，这些自保法你该用了！（20200129第133期）	-GTlbE-x8cg
财经冷眼：武汉市长周先旺到底甩锅给谁？一场你死我活内斗才刚开始！（20200128第132期）	JiRpqyHBDJ4
财经冷眼：庚子魔咒，原来肺炎才是中国经济最后稻草，瘟疫之后是失业潮！（20200128第131期）	k2h9VVj0XFk
财经冷眼：李克强奔赴武汉当背锅侠，官方舆论打压加剧，更大疫情即将爆发！（20200127第130期）	ZUSTeug3w1Y
财经冷眼：大量采访武汉亲友，城内情况我最清楚，大量援助被截留，医护在无防护冲锋！（20200127第129期）	bLkrQCHq5SU
财经冷眼：为什么说千万武汉人已经被放弃！（20200125第128期）	69NJUNElYGE
财经冷眼：病毒升级，街头社区感染者随地倒，湖北11城封锁，市民疯狂抢购如末日！（20200124第127期）	B1UE9DbDX0g
财经冷眼：死亡人数暴增，武汉部队封城进入战时，市民连夜恐慌出逃集中营！（20200123第126期）	mJsrUr-J7jM
财经冷眼：加倍扩散！中共内部通报肺炎失控，市民进出受限，武汉变孤城！（20200121第125期）	9iNqwlo95N8
财经冷眼：捂不住了！武汉病例爆增，实施离境管控，肺炎杀入北上广深大半个中国，举国恐慌！（20200120第124期）	wJaBpW4sGn0
财经冷眼：大灾难！武汉肺炎快速扩散近10国，中国感染破千仍瞒报为48例，国内一片岁月静好！（20200119第123期）	lo9sUTnvQF4
财经冷眼：贸易协议条款详解，这些后门将出大问题！（20200117第122期）	kT1YgQJGxZU
财经冷眼：从数字矩阵看台湾经济逆天，中国经济这几样被卡死，唱衰台湾者被打脸！（20200116第121期）	ZaJsAATIk08
财经冷眼：失业率飙升至18%，多巨头清仓裁员，失业话题刷屏中国网络媒体！（20200111第120期）	oAk45Yp2VIk
财经冷眼：中国政府启动最大骗局，百姓60万亿老本将一网打尽（20200109第119期）	omkq6H4gkjA
财经冷眼：千亿炒汇平台崩盘，200万人受害，新年第一大雷引爆惊天动地！（20200108第118期）	v1OzAcruZro
财经冷眼：2020年灰犀牛势不可挡，这样配置资产可保安全！（20200107第117期）	MkPfxtubWx4
财经冷眼：2020年四大金融陷阱，这几件事你必须做！（20200103第116期）	V3IwzFDDyo8
财经冷眼：萨斯爆发OR鼠疫南下，武汉危急，中国危急！（20200101第115期）	fj2vv7Ba0l4
财经冷眼：红绿病毒肆虐外的唯一净土， 移民美国全攻略大全！（20191231第114期）	eYPJMT9OdFI
财经冷眼：房贷利率重置挖大坑，百万亿债务大降息，货币洪水再起！（20191230第113期）	VMIBTMms_Xk
财经冷眼：举国警惕大规模企业裁员，失业潮开始冲击中国！（20191227第112期）	FIC-oqSMyY4
财经冷眼：世界500强国企巨头16亿美元外债违约惊世界，华尔街资本正被大收割！（20191224第111期）	lDdeFbZLwyo
财经冷眼：放水6万亿！保物价OR保债务？印钞机开不动了！（20191222第110期）	__5PTeF2GUE
财经冷眼：楼市伪回暖再坑大批韭菜，1.3万亿房产抛售潮来了！（20191220第109期）	hlgqsox945s
财经冷眼：五大强国经济动员巅峰对决（二）（20191215第108期）	Y6bjWbMLRdY
财经冷眼：国资委国企疯抢，数十家大型民企被吞并，中国公私合营再加速！（20191217第107期）	U8atHycm3zQ
财经冷眼：五大强国经济动员巅峰对决（一）（20191215第106期）	MGoQ-Xhxs7k
财经冷眼：细数贸易条款的隐蔽地雷，看海外华人的偶像崇拜！（20191214第105期）	MIa4j8gfBpk
财经冷眼：如果川普签字，中共将度过危机满血复活！（20191213第104期）	1bDly0gul3M
财经冷眼：继马云后两大民营巨头将进入杀猪盘，闭关下平民的三条保命操作！（20191211第103期）	T60V0suJAX8
财经冷眼：对欧美出口暴跌 ，封杀美企惊天计划曝光，中国主动全面脱钩美国！（20191210第102期）	f7ToGAUgaPI
财经冷眼：神一般的企业巨头接连违约，债务危机将至，洪水下如何自保？（20191207第101期）	0MH7zG642h4
财经冷眼：贸易协议泡汤，中国成北约敌人，这些雷都该爆了！（20191205第100期）	GDVmk1QcaDA
财经冷眼：招行禁止跨境汇款，民企巨头跑路被罚，外汇出海门缝将关闭，怎么办？（20191130第99期）	-GuZLztfA1k
财经冷眼：川普签署香港法案，绥靖政策结束，集结屠龙进行时！（20191128第98期）	2Aqo1LHHFf0
财经冷眼：出生率断崖创70年新低，养老金庞氏骗局即将破产！（20191127第97期）	uztsVa3knwo
财经冷眼：数十栋第一摩天楼烂尾，500家开发商倒闭，经济真要垮了！（20191126第96期）	eSJbCyMkviY
财经冷眼：北方鼠疫失控 ，数百村子被戒严，建三道防火墙保北京！（20191124第95期）	sUcWqto_QvA
财经冷眼：民企排队注销，返乡人数暴增，失业潮终于来了！（20191122第94 期）	yLg9vlJT9UU
财经冷眼：连续降息放水救财政，通胀彻底失控了！（20191120第93期）	LESHNv6QQ1g
财经冷眼：众富豪跑路末日狂奔，花样繁多想象不到！（20191117第92期）	9_u2mbOs9L4
财经冷眼：北京鼠疫迅速扩撒，甘肃现死亡病例，最后一根稻草终于来了！（20191116第91期）	Ayi4_wxTtRo
财经冷眼：经济断崖下跌，失业潮席卷香江！选边站的时候到了！（20191114第90期）	czlq_Rc35CQ
财经冷眼：中国楼市开始跌停板维稳，泡沫破灭势不可挡！（20191112第89期）	hAwEiWRkYek
财经冷眼：中国银行提款全面管制，财富出逃最后窗口到了！（20191111第88期）	S6IhqiY0o0M
财经冷眼：一线城市经济断崖暴跌，中国经济发出自由落体信号！（20191108第87期）	ROvOAtGmnmY
财经冷眼：中国扬言签协议前须等比例取消关税，川普第四次被骗？人民币暴涨破七的陷阱！（20191107第86期）	RRs-3IISYJ4
财经冷眼：穷人也能移民，自由和尊严的代价，你能承受吗？（20191105第85期）	a2uK2XnWzog
财经冷眼：继李嘉诚后，又一巨头胜利大逃亡！韭菜不够用了！（20191104第84期）	ZeCtppeyl_4
财经冷眼：这家银行遭挤兑或引发银行倒闭潮，中国正诱导外资接盘！（20191102第83期）	csCuLdI0td0
财经冷眼：中国拒购买500亿农产品，贸易协议泡汤！（20191031第82期）	GvxQOUIBGAk
财经冷眼：去别人中心后自己做中心，区块链骗子本质大揭秘！（20191030第81期）	Yj13g74x6_0
财经冷眼：为打破美元霸权放手一搏，中国举国启动新金融骗局！（20191029第80期）	VFXN7Hut2W4
财经冷眼：39人遇难英举国哀悼，中国网民痛骂偷渡丢人，文明和野蛮的分野！（20191026第79期）	xMezdQVpnDI
财经冷眼：引爆下一轮经济危机的泡沫资产大排名，你如何应对危机？（20191025第78期）	byump1ePEsY
财经冷眼：一线城市房子七折才能脱手，卖房换汇最后机会到来！（20191023第77期）	OBYiJvr7iEo
财经冷眼：我的贫穷与奋斗！（20191021第76期）	nLWibeYuv7E
财经冷眼：GDP创30年最低记录，个人收入企业利润政府税收三杀，经济下行加速！（20191019第75期）	xg3iW2Mts1I
财经冷眼：物价再疯涨，大通胀大通缩的火与冰，白皮书后的粮食危机登场了！（20191016第74期）	ndC1HAd7IvE
财经冷眼：中国再毁约，多项重要经济数据双位数大跌，明年熬不过去了！（20191015第73期）	K-rKHoriuUw
财经冷眼：缩水协议下贸易战半途而废！汇率、投资和采购，中国三赢，川普三输！（20191013第72期）	CIDU0zIMu6o
财经冷眼：遭中国嘲笑的日本诺奖计划基本实现，失落30年变飞跃30年，中日开战又是一场甲午战争！（20191010第71期）	WImM3KPc8J4
财经冷眼：继NBA后，举国上下炮轰苹果，如履薄冰的外企加速撤离！（20191009第70期）	AHtde9ux1og
财经冷眼：NBA下跪认错如珍珠港事件震惊全美，美国最后一战开启独裁者作死之路！（20191008第69期）	bHugi3Yvjmc
财经冷眼：继王建后！三千亿金融帝国掌舵人殒命海外，杀猪行动和富豪们的滑铁卢！（20191007第68期）	6J7RINVRSZQ
财经冷眼：这些逆势挤进中国捞金的美国名企，正在全军覆没！（20191006第67期）	p3YXQ_xVJnE
财经冷眼：快跑，再晚就来不及了！（20191003第66期）	MEBPx2KDPvQ
财经冷眼：碧桂园等开发商降价卖房遭严惩，楼市撑不住了！（20191001第65期）	I6oKIxbNjw4
财经冷眼：美禁止投资中国断粮断水 ，港交所加码收购伦交所寻金融气口续命！（20190929第64期）	rTNzH3LVnAs
财经冷眼：投机客被套，买房人血亏 ，众多大城市房价跌回一年前！（20190928第63期）	pnyl9rQgcpk
财经冷眼：中国外储已耗尽，还将负债两万亿美元！国人40年白忙了！（20190925第62期）	TSK566qxSCY
财经冷眼：通胀加速！钱正在变成纸，人民币购买力大降！我们该怎么办？（20190924第61期）	tw3mSPVrSG8
财经冷眼：政府入驻阿里等一百民企，马化腾辞职，杀猪潮终于到了！（20190923第60期）	N28ALSP4-ac
财经冷眼：贸易战韩国为何被日本吊打？文在寅学中国煽动民粹引火烧身！（20190921第59期）	XgjvCU_gIOY
财经冷眼：大放水！全球央行直升机撒钱！中外资产配置决战印钞机！（20190919第58期）	5ym2vMn1ifc
财经冷眼：美国动手了！比贸易战更猛，毒菜扩张作恶的资金链被斩断！（20190918第57期）	jFQDZwkKaFE
财经冷眼：首富们集体扑街大揭秘 ，中国开启杀猪吃大户新新纪元！（20190917第56期）	fBa_du93-64
财经冷眼：疯狂泡沫！一束花换一栋楼 ，中国楼市正在步郁金香后尘！（20190915第55期）	yQZ_rcNZuH4
财经冷眼：新一轮贸易谈判忽悠开始，金融散户投资者或被血洗！（20190914第54期）	BYMsqscZRg4
财经冷眼：降价套现成风，直降200万脱手！中国二手房抛售潮终于来了！（20190913第53期）	UCwtUhVPLBI
财经冷眼：人民币大贬拉不住出口断崖下跌，外贸行业明年大半或将转行！（20190911第52期）	J5fjO-KytT0
财经冷眼：摧毁香港，让中国经济挥刀自宫！美国这个法案通过后，中港一起玩完！（20190910第51期）	5Nri2-a2K0M
财经冷眼：神仙也救不了！这一次，中国楼市真要完了！（20190908第50期）	qr2DxwZuDp4
财经冷眼：大放水5.5万亿，举国救实体经济，实体救不活反把物价送上天！（20190907第49期）	lWYTTFtD3gc
财经冷眼：双重绞杀！中国经济溃而不崩，必须重启这个大杀器！（20190906第48期）	8dhoaKVPd_c
财经冷眼：美元指数疯涨魔咒再现！人民币欧元英镑暴跌， 这些明星国家要遭殃！（20190904第47期）	zkebb1A1Yu8
财经冷眼：大滞胀！猪肉凭票供应全国推行 ，下一步启动粮食和食用油票证！（20190903第46期）	zlzA8HpmD18
财经冷眼：美将向中追讨清朝万亿美元债   中国为何不敢抛售美债对抗？（20190902第45期）	1Pi_teQ4KqU
财经冷眼：中国粮食危机紧随食品猪肉水果恶性通胀，屯粮的时候终于到了！（20190901第44期）	WLWl2_X0mHU
财经冷眼：水资源征税穷凶极恶！死亡税率榨干企业，中国“高税收零福利”下的降税谎言！（20190830第43期）	IAG7jpq4J0g
财经冷眼：深圳楼塌震惊全国，中国将迎劣质房子倒塌潮！你的房子还能撑几年？（20190829第42期）	rSph-ADYSGM
财经冷眼：破7后人民币汇率再暴跌，这些明星国家正紧跟中国崩盘！（20190828第41期）	bzLVmKm4v2k
财经冷眼：假美元引起大恐慌！中国央行开始印美元？手把手教你识别真美元！（20190827第40期）	0qaW0tP6BAY
财经冷眼：恶性通胀，凭票供应重启！中国复辟计划经济迎战美国！（20190826第39期）	VkvrDFP2BOk
财经冷眼：限制10多家美资巨头换汇撤离，中美更大冲突不可避免！外储耗尽后悲惨的中国！（20190825第38期）	mpHUYc3rfYA
财经冷眼：大反击！美对5500亿中国商品征死亡关税！双边贸易将切断！中国将重回计划经济时代！（20190824第37期）	idCSDTBWheA
财经冷眼：继日资台资后，韩资清仓大撤离！这个国家正在中国尸体上崛起！（20190823第36期）	6ZWW31KeBUY
财经冷眼：比P2P更大的旁氏骗局爆雷！底层人再次血本无归，全国性金融维稳开始了！（20190822第35期）	639z63iqXXs
财经冷眼：这个大危机将爆发，直升机撒钱也没用！喊了30年的狼终于来了！（20190821第34期）	gpJqQc8LNUw
财经冷眼：垃圾就该进垃圾站，全世界正在遣返鄙俗的中国战狼留学生！（20190819第33期）	m81-21VWdDY
财经冷眼：物价暴涨，房价下跌！各地出现抛房潮，中国30年楼市繁荣到头了！（20190818第32期）	fx0SoDCtrpk
财经冷眼：全民挤兑现美元荒，香港金融动荡加剧！或引爆大陆金融危机，中国滑铁卢开始！（20190817第31期）	bqj4qwmus6k
财经冷眼：香港全民大挤兑，摧毁金融系统！外储耗尽后港币崩盘，人民币引火烧身！（20190816第30期）	v1a1lUYsNRw
财经冷眼：全球经济衰退报警，美股暴跌遭血洗！为连任川普与中国止战做魔鬼交易内幕？（20190815第29期）	7PqT33X75Ug
财经冷眼：人民币破7后财富保卫战！资产外置，债务内置，决战印钞机，保家庭血汗钱！（20190814第28期）	wRYjkhiBuGI
财经冷眼：汇率暴跌34%，货币减四个零，抢美元黑市疯狂，明星国家接连扑街！中国经济崩盘临近了！（20190813第27期）	almqb-PC9wA
财经冷眼：水果涨40%，猪肉涨27%，40年来首现滞胀！贸易战引爆中国粮食危机！（20190811第26期）	dQjHFPTycyQ
财经冷眼：公私合营迎计划经济时代！腾讯阿里舍命交投名状救央企，中国以国家资本主义决战美欧！（20190810第25期）	x_XRTPcQ6s8
财经冷眼：卖房移民的最后机会！2020年将成闭关元年，一个都逃不了！（20190809第24期）	8dMLnvH32i8
财经冷眼：从新疆到广东，中国加速采集民众生物数据建信用社会！奥威尔式全监控国家2020年建成！（20190808第23期）	yrnshTqhYio
财经冷眼：被列汇率操纵国后，美资将全部撤离中国！为保外储，人民币或将再跳贬，锁死美资撤离路！（20190806第22期）	DOK1lnVO1Gc
会员节目：人民币暴跌下的家庭财富保卫战！钞离柜，汇离境，如何配置资产避免毕生血汗被洗劫！	Ao4jMzLTEX0
财经冷眼：人民币跳贬破7，中国发起货币战争！真实汇率应是1:20，这是换美元保财富的最后时机！（20190805第20期）	rJbF9g1RQwQ
财经冷眼：叫嚣出兵香港的愚蠢中国网民 看下你们的低端生活和港人差多远？（20190804第19期）	nyKOy5B_Szo
财经冷眼：美国征税 中台翻脸  思科富士康清仓裁员、甩卖资产撤离中国！（20190803第18期）	cG3j36RvhD8
财经冷眼：大决战！3000亿关税强势开征 中美撕破脸  闭关锁国和全民吃草时代来临！（20190802第17期）	ya-D1DgC2ec
财经冷眼：大萧条、失业潮将至，寒冬里的家庭自救指南！（20190801第16期）	b-BHuIFFPfE
财经冷眼：P2P雷暴潮后中国再启庞氏金融骗局，捂紧口袋拒当韭菜！（20190729第15期）	TOubZDeO-uY
财经冷眼：关于李鹏、六四、三峡和香港，这个视频已说尽了！（20190726第14期）	DpXNK7QHIiE
财经冷眼：中资巨头5亿美债违约惊世界     中国死亡债券危机已到来！（20190724第13期）	RidKAOetUUc
财经冷眼：物价疯涨，恶性通胀席卷全国！人民币如纸的时代来临！（20190721第12期）	aqgrdpEIz2Q
财经冷眼：养老金挪用亏空4.7万亿  即将耗尽   中国人将老无所养 劳碌致死！（20190712第11期）	raQEFyXco7A
财经冷眼：企业倒闭潮叠加失业潮    亿万中国家庭的悲剧将开始！（20190709第10期）	zhSrpbzHGvg
财经冷眼：债务违约or恶性通胀  45万亿债务炸弹将引爆！（20190705第9期）	gIOw20wshUY
财经冷眼：金融战正式打响，中美脱钩已成定局！（20190627第8期）	WHraaWDcOJU
财经冷眼：未来3-5年，中国90%家庭将破产！（20190626第7期）	VDbaxPcrq0k
财经冷眼：天量债务压顶  地产商倒闭潮  楼市泡沫引爆！（20190621第6期）	D3aC7q5FS_I
财经冷眼：3000亿关税下来  500万家企业倒下  中国人的生死劫！（20190615第5期）	y20PPomy-e4
财经冷眼：贸易战绑架全体国民   谁才是我们的敌人？（20190606第4期）	8HNUccDl2yg
财经冷眼：信托大规模雷爆，富人和中产的财富收割机！（20190602第3期）	8QCurFnooBM
财经冷眼：台资清仓大撤离  失业潮扑面而来！（20190529第2期）	rA5cYrA4AZw
财经冷眼：大型商业银行开始倒闭，中国金融危机魅影重重！（20190528第1期）	4WIu8zY5ouw
