[Make Money with AI] Can You Actually Earn Money with Trending AI Music Streaming? The Principal'...	B5lrwNqIEYA
[Re-run] [What are the "nearly wealthy" like?] Explaining 3 "Typical Examples" of the Semi-Afflue...	l-tupOUW9FQ
[Part 1: Banks] 5 Industries That Profit from Interest Rate Hikes: "Rate Hikes Are a Godsend for ...	kCxW_AYRFiQ
[Rebroadcast][Personal Experience] The Simple Path to Saving $10 Million: Saving Edition (Animate...	ITKlW-jlAC0
[Is a 500,000 Yen AI School Necessary?] The Difference Between "Profitable Self-Investment" and "...	3fTCL2l6upY
[Even though you could achieve FIRE?] A luxury problem! 7 reasons why even with 100 million yen i...	6jZltJ1jCe8
[Shocking] Is It True You Spend 8 Years' Worth of Labor Time Commuting!? How to Think About an Em...	9J5zhgk6Xi4
[How Many Apply to You?] 13 Common Traits of Successful People I Learned After Meeting Over 1,000...	MQ_eGPwXQHI
[Rebroadcast] [Peace of Mind] 7 Benefits of Living Minimally Without Increasing Living Expenses [...	3Vg8L4Rad9A
[Hard to Hear] Are They Actually the Same? 5 Things Wealth Building and Dieting Have in Common [M...	1cvVScaP3W8
[Libertarian University] The "4 Big Interest Rate Nightmares" That Ruin Your Life: A Scary Story ...	Yu-0iLGA8XQ
[Is Frustration a Seed for Profit?] How Anyone Can Find What They Love and Are Good at to Start E...	-zIhI-K0Uok
[The Bottom Line] "How much should I pay for life insurance every month?" That’s the wrong way to...	magZeOkXp9k
【学長は買いません】「オルカン高配当」ってどんなファンド？オススメできるのはどんな人？【リベ大公式切り抜き】	RImP6v32WjI
[Surprising Facts] Explaining "Insurance Premiums" and "Medical Expenses" in Retirement [Saving E...	T0yWJenHuFE
[Don't do it!] Foreign currency deposits grow to a record high of 4 trillion yen! You're not doin...	UMVowk34GcI
[Aiming for 30,000 Yen in Monthly Dividends] 5 Fundamental Rules for Selecting High-Dividend Stoc...	V7_PC4ysPz8
Vol. 138 [Did You Miss These?] July/August 2026: The President’s Top 7 Picks for Money News, Deal...	JL0__lveXi8
[Rebroadcast] What is the "Power" You Should Develop First to Become Wealthy? [Financial Literacy...	IYAUTjJu6ck
[August 2026] What if the university president started investing in high-dividend stocks this mon...	0kpd3hwX8pE
【探せ！黄金のカモ】資産が増えた人はご用心！メガバンクが「超富裕層」を狙うワケ【リベ大公式切り抜き】	rQi6Mj-ALws
[Simple Fix] Consumer Complaints Over Fiber Optic Internet Are Rising Again! 1 Self-Defense Tip Y...	o7eIsq-t_LQ
[Re-run] [Practice Immediately] 7 Teachings from Billionaires That Have Been Passed Down for 100 ...	RzpQFYyVsXE
Master the 4 Types of Income to Achieve Financial Freedom [Money Lessons: Stock Investment Editio...	zgFzXHRLlpg
No. 274 [Crucial] A Comprehensive Summary of August Investment Topics for Stock Investors [Index/...	05yvFJDxWd0
[0 Cost, 5 Minutes] Have you installed the government-approved free "Scam Prevention App"? [RibeD...	gCG9mrCn5Dg
[Don't Get Lured by High Interest Rates!] "Japanese Government Bonds for Individuals" and "New Ov...	0iieAHmxCZ4
[Rebroadcast] [Teaching You the Strategy] 9 Points for Earning 50,000 Yen a Month as a Side Hustl...	rycvphw9m7Y
[Policy Rate Hitting 2.5%?] 3 Things That Will Happen to Your Money: Savings, Bonds, and Real Est...	Vg7eKQpkJyY
[Rebroadcast] [Many Are Struggling] "With the Yen so weak, should I hold off on investing in the ...	gsaN3D7GDYM
[Debunked] The "○○ Insurance" You Have Is Unnecessary After All [Libedai Official Clip]	WIBMP5SQ748
[How to Make Money in the AI Era] The Latest 19 Recommended Side Hustles & Profitable Mindsets fr...	aJgWtXLiMUQ
3 Differences Between Purchases That Make You Happy and Those That Make You Unhappy [Life Philoso...	L6WWrPJNXWc
[It’s Basically Gambling] Does Day Trading Increase the Risk of Feeling Like a "Life Loser"? Here...	VEvIqRnne_U
[Rebroadcast] [Must-Watch for Beginners] Is It a Mistake to Start Index Investing in 2026? [Stock...	ijfhiRAUfTU
【稼げない人の共通点】資格やスキルよりも大事なもの【リベ大公式切り抜き】	ao2SnDelqnQ
[Libe University] Are Cash-Value Life Insurance Policies Just Broken Chimeras!? — Don't Mix Insur...	QKPSXbxETeA
How to Get Rich as Fast as Possible? [Money Lessons for Beginners]: (Animated Video) Ep. 529	SIpJQVUVokE
[The answer is No!] Will you definitely make money if you just keep going? 5 "NG behaviors" of pe...	Css1eWyuqCs
Why Are the Wealthy So Wealthy? [Life Theory]: (Animated Video) Episode 528	MQHsGYXFzx0
[Ministry of Land, Infrastructure, Transport and Tourism to impose regulations] Will you lose you...	ZiL40TuFNSc
[Rebroadcast][Case Study] How to Save 70 Million Yen by Age 30 and Semi-Retire [Is It Reproducibl...	VObFCnMGsB0
【言えば言うほど損する! 】お金が貯まらない人の口癖TOP5【リベ大公式切り抜き】	xvywItKLQoU
[Rebroadcast] [Debt Repayment] Should You Pay Off Student Loans Early? Expert Tips for Paying Sma...	5c4vaYhPNkk
【いつか必ず泣きを見る】大事なお金を失う「危険サイン」7選【守る編】：（アニメ動画）第527回	tRx1doO_6Wc
【学びどころ満載】学長がお届け！「お金の講義」2026年7月総集編	rNFXHthLkC4
【今がボーナスタイム】AIだけで1ヶ月で35万円稼いだ成功例【リベ大公式切り抜き】	rxygIkp_hgY
【あなたも払う】2027年1月スタートの「防衛特別所得税」って何？【リベ大公式切り抜き】	ydgqs9Vlc9U
[Rerun] You’ll Never Save Money If You Fall for These! 3 Overpriced Keywords That Drain Your Wall...	nWkY7l5GKKA
[Permanent Record] The Principal Explains! Basics of US High-Dividend Stock ETFs [Money Studies: ...	FAkMraqLuko
Rebroadcast [For Absolute Beginners] Your First High-Dividend Stock Investment! How to Start & Ke...	A_6gX2HSEvc
Where Should You Invest to Save for Retirement Starting at 50? [Financial Literacy: Stock Investi...	sI6iupU1hkw
【一気に学べる】お金が貯まる人になる！「家計管理」の重要ポイント【切り抜き超まとめ】	1bwU3YVpo6Y
【さわるな危険】「無料のFP相談」に近づいてはいけない理由【リベ大公式切り抜き】	wQzA1gcmz9E
【アホニュース】衆院議員、平均資産額は3278万円！この数字に意味がない5つの理由【リベ大公式切り抜き】	ReVTw7qH33I
【注意点アリ】米国株市場で「23時間取引」が可能に！便利さの裏にある落とし穴とは？【リベ大公式切り抜き】	jlWKnvNbx2I
Episode 273: [Crucial] July Investment Roundup for Stock Investors [Index Funds & Dividend Stocks...	e4UIUlD0cTs
[Rebroadcast] [Definitive] You Can't Become Wealthy Without Knowing This. The 5 Skills Mastered b...	EGzeU8QEw2E
【1年で月100万円】ブログで稼ぐ人がやっている「お客さん」の増やし方【リベ大公式切り抜き】	peVXIxo74Uo
[Rebroadcast] Stop Saving Money! Explaining "Coast FIRE," a Lower-Difficulty Approach [Life Theor...	K20SU5PHEI4
【価格破壊】ウィブル証券が米国株の取引手数料を無料に！資産形成の天敵「手数料」との付き合い方【リベ大公式切り抜き】	YhP9heKiW0c
【NISAのやめどき】実はもう十分？「積立投資の卒業ライン」の考え方【リベ大公式切り抜き】	YmL6hmCq8Y4
[Rebroadcast] [Is it Unfair?] What You Can Actually Do with 30,000 Yen a Month in Dividends [Stoc...	p1X9MZqHfKg
「あなたの行動の本当の理由は？」本音と建前が一致するほど人生は生きやすくなる【人生論】【リベ大公式切り抜き】	4Sh9T-b46tc
[Rebroadcast] [Straight Talk] Education Insurance is "Unnecessary"! [Money Lessons for Beginners]...	OFOwX_acptQ
What Would You Buy If You Won 300 Million Yen in the Lottery? [The Difference Between the Rich an...	sUOuN4Wnq8E
[What to do with your parents' house?] Real estate polarization is underway! Housing strategies t...	jjcWPO_HAsQ
【新制度】あなたは当てはまる？「こどもNISA」を使うべき5つのパターン【リベ大公式切り抜き】	nooriWsSyBI
【理由を解説】GPIFの運用が絶好調！それなのに年金はなぜ増えない？【リベ大公式切り抜き】	Tp8bzpR4tfo
[Re-run] 5 Things to Try When You Feel Like "Working Hard Doesn't Pay Off" [Life Philosophy]: (An...	dCi-FJtW6Rk
【人生の設計図】「ライフプラン」ってそもそも何？基本を理解して実際に作ってみよう！【リベ大公式切り抜き】	eUT3jTmyy4s
【知って得する】学長がお届け！「お金の講義」2026年6月総集編	6wdwYbqolPA
The Ultimate Guide to Investment Products and Their Features (Financial Literacy for Beginners): ...	miFBUSYHjmo
[Re-run] [Ignoring this is dangerous] Explaining the basics of long-term care insurance & the nec...	TsyctCshIC0
今がチャンス！主婦も会社員もAIで稼げる時代【リベ大公式切り抜き】	cP4h5ZUCHr4
【もしかしてチャンス？】話題のIPO投資に乗っかるべき？【リベ大公式切り抜き】	Bf7vZkeKcwk
【再放送】【今後ますます重要に！】良い税理士の見分け方・探し方を徹底解説【お金の勉強 初級編】：（アニメ動画）第225回	oBK_UwYDyZc
第137回 【知ると役立つ】2026年6月 学長が選ぶ「お得」「トレンド」お金のニュース Best4【トレンド】	To-6dwBFdCY
[Rebroadcast] [History in the Making] 5 Incredible Things About the New NISA: Stock Investment Ed...	KhT3ru48Chs
【再確認】初心者が「小金持ち山」に登るためのステップ【リベ大公式切り抜き】	uhva_Jr-PFQ
【家計管理の決定版】「私、結局毎月いくら使っていいの？」あなたの生活費、最適解の見つけ方【リベ大公式切り抜き】	kLkQ0c5ZwC8
【ケチったらアカン】三菱商事の社員教育費は年70万円！あなたの自己投資額と比べてみよう【リベ大公式切り抜き】	ZiOT8-T5-kY
【住宅戦略】個人VS法人、どちらの方が「税金が安くなりますか？」【リベ大公式切り抜き】	tchw3AmR1r8
[Re-run] [Car Review] How to Choose a Car and Resale Value [Money Lessons for Beginners]: (Animat...	kQrlPYXdRwg
【改悪なの？】HDVが毎月分配型に！正しい立ち回りについて解説【リベ大公式切り抜き】	im9ZVQrZQ1k
【再放送】【意外と知らない】ナゼ株主や社長が一番儲かるのか？「最大の理由」を解説【お金の勉強 初級編】：（アニメ動画）第426回	0nrCJbejsfs
【老後資金】S&P500やオルカンだけで大丈夫？やっぱり大事なのは「◯◯力」【リベ大公式切り抜き】	ViKzLq9aEq4
No. 272 [Crucial] A Comprehensive Summary of June Investment Topics for Stock Investors [Index & ...	NCF_HaG1GGM
お金の勉強、どんどんやろう！「金融リテラシーの高い国民」がいる国の強み4選【リベ大公式切り抜き】	keeVgDFNYkk
【スペースX上場】世界最大のIPOに学ぶ、資産形成したい人が知るべき3つのポイント【リベ大公式切り抜き】	lWkPfZggleg
【一体ナゼ？】将来、医療費の自己負担が増えうる「意外な」理由【リベ大公式切り抜き】	nh6kzjzBanU
【再ブーム到来】YouTube・SNSが稼ぎやすくなっている【リベ大公式切り抜き】	NG_8bDvyHfQ
[Re-run] Can You Become Wealthy with an Average Income, Average Expenses, and Average Investing? ...	X32MuvSPnSg
【リベ大カラオケ】お金の勉強ソング (リベ大ver.)【学長AIミュージック】	ah9fPJCLlw8
[Must-Watch for Everyone] Say Goodbye to Financial Anxiety: How to Create a Spending Tracker and ...	_YZHbM86Y3I
[Rebroadcast] [Beware the Trend] 3 Reasons Why Moving to the Countryside Takes You Further From W...	HW6zbAB8y30
【だから言ったやん】金融庁が規制強化！仕組預金なんてするんじゃねえ【リベ大公式切り抜き】	oTrhtSC-dAI
【会社員も関係します】今より手取りを増やしたいなら「正しい節税」を身につけよう【リベ大公式切り抜き】	pMCmIDShTzs
[Rebroadcast] How to Lower Your Propane Gas Bill [Money Lessons for Beginners]: (Animated Video) ...	CLWiGiXUFUU
Is Speculation Always a Bad Idea? [Learning the Axioms of Money] [Financial Literacy for Beginner...	k7nast7RGZY
【名ばかりミリオネア】1億円持ってても3人に2人が「豊かではない」と感じるワケ【リベ大公式切り抜き】	VSflJFN_Sm4
【すべての仕事に共通】収入アップしたい人が重視すべきこと3選【リベ大公式切り抜き】	Am2GjPjwG_Q
[Re-broadcast] What to do with rising stock prices: Explaining "profit taking" and "stopping cont...	aMoY0L3WQ6I
「私の投資手法、これで合ってる？」株高時にありがちな「雑念」「疑問」にズバッと回答！【リベ大公式切り抜き】	UgGm66GGkKk
【普通預金より高金利？】謳い文句に乗らないで！「仕組預金」のカラクリとは【リベ大公式切り抜き】	mvh9-tZaSl0
[Rerun] [Tax Hell] How many years does it take for a super freelancer with an annual income of 30...	WFdE1Ik_wBk
【子育て世帯必見】教育費の貯め方、間違ってない？【リベ大公式切り抜き】	2umHjqRLBY8
[Rebroadcast] Basics of FX and Leverage [Money Lessons for Beginners]: (Animated Video) Ep. 501	mZr3W7ljGKg
[Useful Forever] Presented by the Principal! "Money Lectures" April/May 2026 Compilation	2ATa0rgJJZQ
【再放送】【要注意】当てはまったらヤバイ、リストラ候補の特徴5選【対策アリ】【稼ぐ 実践編】：（アニメ動画）第129回	LHhvyCVZbgk
【いくつ知ってる？】バンガード直伝、価値ある投資アドバイス５選【リベ大公式切り抜き】	QrbAqIweMt0
【金利4%超も】世界的に長期金利が上昇中！不景気が来たら？株価が下がったら？結局どうすればいいの？【リベ大公式切り抜き】	1F2U_UuqZ60
[Rebroadcast] What Should Freelancers Do If They Get Injured and Can't Work Without Insurance? [S...	D-1HYc7Viwo
【慌てず対応】「エアコン2027年問題」ってなに？ 今のうちにやるべき対策3選【リベ大公式切り抜き】	djoTBAbst2E
[Rebroadcast] How to Receive Unemployment Insurance for 2 Years and 6 Months [Saving Money]: (Ani...	iQ8DB2WpNvg
How Credit Works and the Nightmare of Revolving Payments: A Guide to Escaping Credit Card Debt [F...	ThAwZzRROR4
[Packed with Hot Topics] May 2026: The President's Top 7 Money-Related News Stories - "Great Deal...	g_nNEKTKL1I
【断言】Xで話題の「資産運用EXPO」をおすすめしないワケ【リベ大公式切り抜き】	NDkPG4k6rWY
【投資のレジェンド断言】「オルカン＋現金」が基本戦略！「債券はほとんどの人に必要ない」5つの理由【リベ大公式切り抜き】	6Zolha-_5SM
Episode 271: [Extremely Important] A Comprehensive Summary of Investment Topics for May that are ...	DGFENbP5SIk
[Survey of 1,000 People] How Much Savings Do You Need? What Income Is Enough to Buy a Home or Get...	5-3CWYbjhN4
【再放送】IPO投資のメリット・デメリット【お金の勉強 株式投資編】：（アニメ動画）第498回	_dosXPVQG2k
【まだやってるの？】実は意味のないセキュリティ対策6選【リベ大公式切り抜き】	58rE2GRCsvs
[Rebroadcast] The Difference Between Those Who Succeed and Those Who Don't [Life Lessons]: (Anima...	SPskuU5_BDY
【必ず見て】金利上昇が本格化！「金利のある世界」であなたがとるべき対策は？【リベ大公式切り抜き】	Lq4E0FCRL2g
【株高で焦る人へ】韓国の若者に信用取引ブーム！海外事例に学ぶ「人生一発逆転投資」の落とし穴とは？【リベ大公式切り抜き】	aXTO6Btsma0
[Rebroadcast] [Watch Before You Regret It] Asset Management: 3 Habits That Invite Failure [Stock ...	ruzJdEEl-lI
【これが結論】投資と借金返済、どっちを優先すべき？【リベ大公式切り抜き】	4Mgg_b26YGI
【うぬぼれ厳禁】「あなただけの特別な金融商品」はナイ！お金持ちほどハマりがちな投資の罠【リベ大公式切り抜き】	brT09fs5RCI
What are stocks? ~The mechanism of corporations and stock investment~ [Money Education for Beginn...	73m1jCFtBtw
[Complacency is the enemy] Unknowingly paying off revolving credit? Suddenly find yourself in deb...	Pr3oJrgf790
【対策必須】給料が増えても生活が楽にならないのはなぜ？正体は総額約2兆円「隠れ増税」【リベ大公式切り抜き】	sLtrYu1ca9c
【全ての年代必見】金融投資全振りはNG！重要なもうひとつの投資とは？【リベ大公式切り抜き】	nHVJmX09Ea4
[Rerun] Start Investing and Become a Capitalist [Money Education: Beginner Level]: (Animated Vide...	vIhAgvnHGmo
【超簡単シミュレーション】貯金を2倍にしたいあなたに今すぐ試してほしいこと【リベ大公式切り抜き】	tC-iN_232dE
[Re-run] How Beginners Can Win at Investing: Don't Buy Monthly Dividend Mutual Funds [Money Lesso...	cSukiILNe4U
The One and Only Reason It's Not Too Late to Invest Now [Stock Investment Edition]: (Animated Vid...	gR3KA371z-8
[Rerun] [You'll be embarrassed if you don't know this] A clear explanation of the difference betw...	-QJRpNKRqVM
【2026年最新版】AIを駆使して稼ごう！リベ大おすすめ副業19選＆稼ぎ方の実例を紹介【リベ大公式切り抜き】	jsFZuWYjqAU
【悲報？朗報？】高額療養費が8月に改正。制度の復習＆変更点を分かりやすく解説【リベ大公式切り抜き】	S4nypeF4_ic
[Rerun] Can a 300,000 Yen Annual Dividend Change Your Life? The World 30 Years from Now, Consider...	hzo17nc-2iU
【今すぐ見直し】不幸になるお金の使い方19選【リベ大公式切り抜き】	l-MRGPGeNVg
[Rerun] 5 Characteristics of People Who Succeed in Side Hustles [With Personal Experiences] [Prac...	xbJdZOAR_1U
No. 135: [Gain an Edge] April 2026: The President’s Top 4 "Money-Saving" & "Trending" Financial N...	-VYs1gbT7XE
FP資格だけではお金持ちになれない理由と、取得後にやるべきこと【リベ大公式切り抜き】	lInpNttva4c
AI時代の今、教育・自己投資をムダにしないための3つのポイントを解説【リベ大公式切り抜き】	eOXMZPgqFrc
【20年で3割減】退職金が当てにならない時代に、今すぐやるべき2つのこと【リベ大公式切り抜き】	CGol7Ls3mGY
[Rerun] How Computers Work: A Complete Explanation from the Very Basics [Learn IT Skills from Scr...	buFolorgX6E
【ズバッと解説】「せどり＝転売でしょ？」いいえ、誤解です【リベ大公式切り抜き】	40p5sz401zU
Episode 270: [Extremely Important] A Comprehensive Summary of Investment Topics for April that ar...	GuK2L3PGlA0
[Money Lesson - Special Edition] "Let's Reconsider Our Fixed-Line Internet Service!"	lQ3lPfmhb_A
[Rebroadcast] [Cancel or Keep: Which Is Correct?] What to do with insurance policies that result ...	Sr1VDGF9Rh8
【あなたの手数料は何％？】お金持ちになる人がやっている「定期点検」について 3ステップで解説【リベ大公式切り抜き】	BV_gyEfsD7c
[For those who have recently started watching the Liberal Arts University YouTube channel] How to...	UXPtT-oPil4
【稼ぐチャンス】AI時代に乗り遅れるな。稼ぐための3つの方法を紹介【リベ大公式切り抜き】	p_6lJnn4_do
【再放送】物価高？円安？変化の激しい世の中で【貧乏になる人】【豊かになる人】【お金の勉強 初級編】：（アニメ動画）第486回	1X6arv7r3vw
Why I Don't Recommend Endowment Insurance [Financial Literacy for Beginners]: (Animated Video) Ep...	WaovwqdWjeg
[Rerun] The One Thing That Is Truly Important for Achieving FIRE [Book Introduction] [Life Philos...	vbspvF8YUN0
[95% Lose Money] What People Who Don't Understand the Difference Between Investing and Gambling S...	MguQLaSMNmc
[Rerun] [Pay Your Taxes] Are FIRE People a "Burden on Society"? [Misunderstanding] [Life Philosop...	2awAmPRC7GU
[Inheritance of the University President] Why writing a will can enrich your life now [Official c...	wiR2E29XMRo
[Your Take-Home Pay Will Decrease] Explanation of Key Points to Check Regarding the New "Child an...	s7SvN6HSmrc
[Are You Okay?] One Key Characteristic of People Not Suited for Stock Investing [Official Clip fr...	PsWUy_c4TSg
[Money Lesson] Epilogue: What the President wants to convey most to everyone through studying mon...	YsZXbvuWrHg
[Rerun] [Paying Too Much at Prices] The Ultimate Reason Why You Can't Save Money Even If Your Inc...	m5dnw-jRKzU
[2025 Asset Ranking] Explanation of Key Points to Learn from the "Performance Ranking Table" of 8...	WghUz4Ez8SE
【再放送】【日本はアメリカ化する？】終身雇用崩壊後の世界の「歩き方」について解説【稼ぐ 実践編】：（アニメ動画）第125回	txFH_XZZ4Hs
[Even in a major earthquake, only partial losses?] Is earthquake insurance necessary? A clear exp...	3W1y3KsWars
[Caution for Intermediate Investors] The Story of How Someone Who Was Building Assets Successfull...	Sc3hwWzF_wI
【再放送】【残酷な現実】お金持ちがますますお金持ちになる理由5選【格差は広がる】【お金の勉強 初級】：（アニメ動画）第406回	XGPCXxbx7I8
[Warning] Earning power cannot be bought with money! Reasons why expensive schools don't help you...	sAPljPJ4UZs
【要チェック】学長がお届け！「お金の講義」2026年3月総集編	Nw4TZ8dGU6A
[Money Lesson, 71st Period] "30 Questions and Answers for the President! Part 4 (Protecting Yours...	ZgauGsxva7g
[Rerun] [It Makes Money] 5 Benefits of Maintaining and Strengthening Your "Health Assets" [Life P...	YJbN6FLv8LE
This article, featuring real-life examples, explains why you can lose all your wealth in an insta...	FYiWT9UAgkI
How much is the full amount of the national pension? Simple ways to enjoy a comfortable retiremen...	q0xxSGf9eCU
[Nasdaq -11%] What to do amidst the slump in US stocks? Important considerations for wealth build...	9_kVnoGVo38
Things I want to tell you, students and those in their 20s [Life Philosophy]: (Animated Video) Ep...	IAc9F8UY00A
【再放送】投資経験の浅い人が長期投資を継続できないたった１つの理由【株式投資編】：（アニメ動画）第431回	s_5NM3c9hJc
[Money Lesson, 70th Lesson] "30 Questions and Answers for the President! Part 3 (Earning Power & ...	oUIqxSeHHRk
Episode 269: [Extremely Important] A Comprehensive Summary of Investment Topics for March Useful ...	GWJdaKh_O40
Tatsuro Kiyohara, with assets of 90 billion yen, has sold most of his Japanese stocks. What shoul...	5RgjnFTG0b0
Is it true that you shouldn't buy government bonds? Why inflation countermeasures should be consi...	ZbGMSCsHjKI
Episode 134: [Useful Information] Top 5 Money News Stories Selected by the University President f...	Hb9w9KaGuUg
How to Become Rich in Japan from a Tax Perspective [Money Education for Beginners]: (Animated Vid...	7yaldSHDyfw
[Rerun] Being good at receiving is advantageous in life [Life Philosophy]: (Animated Video) Episo...	4Dc7uR5NbPw
[Money Lesson, 69th Lesson] "30 Questions and Answers for the President! Part 2: The Power to Gro...	eccPKyPuI_4
Even with a high income, you can't feel secure? What are the "three divisions" that the wealthy a...	3a53FEvsLAw
Is it really true that you can easily make money with AI? An explanation of the correct way to th...	IYwdVgothVY
[Good News] Orkan becomes Japan's most popular fund! We explain the benefits for investors [Offic...	yyEfABZd2Ls
[Are you building wealth? Have you ever been scammed?] Wentz Eiji and the university president sp...	8nYFOjGA9aU
[Rerun] What to do if your stocks plummet? [Stock Investment Edition]: (Animated Video) Episode 481	AyEqx8BjZGs
[Useful for a Lifetime] The President's Lecture on Money: February 2026 Compilation	EfqP_bEycZ4
[Rerun] [Putting Money in Jail] 3 Reasons Why Japan's 1,100 Trillion Yen in Savings is Such a Dis...	NPobfOIXtRg
[Money Lesson, 68th Lesson] "30 Questions and Answers for the President! Part 1: The Power to Sav...	v1NWEZVsVNY
[Libera University] Asset Appraisal Reality Show "Love Balance Sheet" [Relaxing Anime]	rGqR0VyLoms
[This is the reality] An explanation of why America's wealth is concentrated among the senior gen...	-pHzn4QxDLo
アクティブファンドはインデックスに勝てるのか？15年間の長期データで徹底比較【リベ大公式切り抜き】	LDfbTFCOXOk
[Caution] Why people who repeatedly buy and sell are less likely to succeed in investing [Officia...	qAvERU8tA7E
Will pension payments decrease? 3 reasons why you don't need to be overly pessimistic [Money Educ...	Es2tEzvaFB8
【再放送】少額からの資産運用は意味がないのか？意味ない派・意味ある派の3つの主張【株式投資編】：（アニメ動画）第402回	Yr7P9uFX0LE
[Money Lesson 67] "This is the Optimal Solution! Conclusion List" [Revised Edition Money Universi...	xpg7wFdqxrI
[Rebroadcast] [Attracting Money and Happiness] The Difference Between Good and Bad Money Use [Goo...	Lg1Bc69e5rQ
Is saving money the only way to lose? An explanation of how to stay ahead of inflation amidst uns...	XVWrT1VHpSE
日銀のETFが100兆円を突破！2.8倍に増やした投資手法を紹介【リベ大公式切り抜き】	rDZCeNLzLsg
[Spend or Save?] How you spend your money determines your true happiness [Official Liber Universi...	wYLIcygs88c
[New Fund] Is it worth investing in the "Japanese Corporate Bond ETF" that offers low-risk intere...	-hU_F-MPZho
[Rerun] What is an Employee Stock Ownership Plan? The big drawbacks that are often overlooked due...	JMLaFl5CZks
[Super Basics!] Who should you trust when it comes to investing? Introducing the "Four Players" [...	mJrfc3FNUSU
[Rebroadcast] [You'll be missing out if you don't know] How to reduce your taxes using medical ex...	UnQvdsjgeZ0
[Is it different for men and women?] Explaining the bias in information about money and the corre...	YAbQ8BgYKOc
The National Tax Agency is using AI to make tax audits super-efficient! Introducing simple measur...	rm4iPyBbyTE
No. 268 [Very Important] A Summary of February's Investment Topics Useful for Stock Investing [In...	csujvU8C2xA
[10% Annual Interest Rate Really?!] The Dangerous Social Lending [Money Lessons for Beginners]: (...	wdbOhAfRDRU
No. 133 [Knowing Makes a Difference] Top 5 "Best Deals" and "Trendy" Money News Selected by the P...	z9MEIF0FqgU
[Money Lesson 66] Are these poisonous mushrooms? A list of things to watch out for [Revised Editi...	AZvA9gdEwI4
[Rerun] The success rate of starting a business is only 6%. How to ensure success in starting a b...	3YHxPdcTsC4
A clear explanation of "order risk" to avoid hell after retirement [Liberty University official c...	slrajuf-2tg
How much can you get? Explaining how to receive government subsidies for electricity and gas bill...	QKU3UrwYihU
[Super Basics] The President Presents! "Money Lectures" January 2026 Compilation	OvyhiPqghyY
【即効性アリ】できるだけ早く稼ぎたい人に捧げる究極アドバイス【稼ぐ 実践編】：（アニメ動画）第510回	MNw81QqgXA8
Is one Orkan not enough? Three concerns and the president's opinion explained [Liberty University...	U8gAuVnY4qM
[Money Lesson 65] What is the "power to protect"? Part 3: Losing assets due to disasters, theft, ...	r1Z25Tmguns
[Rerun] [If you make a mistake, you're in trouble] Good and bad ways to use the time created by w...	aKN2YAiuryI
What happens to stock prices when geopolitical events occur? Explained based on important past da...	anVMHi_rPuU
[Why is it legal?] A clear explanation of the mechanism and problems of the much talked about "Na...	exsZe9KkE9I
[Rebroadcast] [Dreams and Money] Explanation of King Kong Nishino's book [Book Introduction] [Ear...	qJ9rezBKUqM
As a high-dividend stock investor, should I sell my KDDI shares, which were involved in fraud? [O...	nsZWIeUoXXY
【再放送】【3パターン紹介】目指すべき年収の「イケてる設定方法」について解説【お金の勉強 初級編】：（アニメ動画）第470回	UX6bC-sJlbE
Will web designers continue to make money in the future? [Earning Money in Practice]: (Animated V...	oRC8BLnaR-Q
【再放送】【ジョブ型雇用の光と闇】従業員は得なの？損なの？どうすればいいの？【稼ぐ 実践編】：（アニメ動画）第111回	NvqdvxivTEQ
The "traditional portfolio" of 60% stocks and 40% bonds has made a remarkable comeback from its o...	mStY55F_rJs
[Not necessary] Why we absolutely do not recommend Rakuten Securities' new service "Easy Credit" ...	_v1UjYJEHo4
[Rebroadcast] [Many Misconceptions] Two Traps Regarding Average Lifespan and Healthy Lifespan [Be...	fRtGuwgrFZI
[Money Lesson 64] What is "protective power"? Part 2: Losing assets through wasteful spending [Re...	WuXAyOx1OdI
[Liber University] Mercenary Village ~The World's Strangest Way to Take Out Insurance~ [Easy-to-U...	oaYMnM45-Xo
[Multitasking genius] 3 reasons why we recommend a side job to full-time housewives [Earning mone...	cSfiWHfjIyI
No. 267 [Very Important] A Summary of January's Investment Topics Useful for Stock Investing [Ind...	B2mb_Qq7Te4
[Surprising Probability] The probability that the S&P 500's performance will fall within the aver...	bwDZ0xAmZvc
Explaining the one and only reason why investing is necessary [Official Liberal Arts Clipping]	zrRbBJDn1dI
第132回 【注目ニュース多数】2026年1月 学長が選ぶ「お得」「トレンド」お金のニュース Best6【トレンド】	rP4XNnHgKtc
[Money Lesson 63] What is "protective power"? Part 1: Losing assets to fraud and rip-offs [Revise...	qPTimaP_Lbk
[Rebroadcast] [Surprisingly Hard to Make Money] Differences Between Developed and Emerging Countr...	ZlE-VcNrBQk
[Money Lesson 62] How to Use Money Well, Part 3: Spending Money on Your Health [Revised Edition, ...	cQVKq0vZJ-o
【再放送】【投資の神は肯定派】「一生貯金し続ける人」が考えていること3選【お金の勉強 初級編】：（アニメ動画）第458回	vsgDd82CS_U
[Stronger than the US and Australia] Why J-REITs are performing so well for the first time in yea...	1ktx3WOUbU0
[Today is the youngest day of your life] Explaining why you should start seriously building your ...	R1fWEWtbyrM
[Warning] The President delivers! "Money Lectures" December 2025 Compilation	HpXlwzbiSwo
[For everyone who wants to increase their income] What you need to know about the correct order f...	Tow8VBgJ-1w
【再放送】【まだ足りない？】1億円あっても不安でセミリタイアできない3つの理由【人生論】：（アニメ動画）第471回	ipP787RcjTg
[Surprising conclusion] Three reasons why you don't need to transfer from a specified account to ...	3whFANoawXs
[Rebroadcast] [You'll regret it someday] What is the biggest disadvantage of not wanting to get p...	AJhJluk2BuQ
5 Pitfalls People Who Want to Make Money Are Easy to Fall Into [Official Liberal Arts Clipping]	9Et790vOXlU
Should you rush to buy? The minimum interest rate for the "Flat 35" mortgage exceeds 2%. [Officia...	QMLT1PFfGqc
Why "big savings" are effective for asset formation and the story of how I managed to negotiate a...	b7MX6hCqQgk
[Aiming for 1.5x return in 10 years] Explaining the three characteristics of high-dividend stocks...	Jn1hnMdcY3s
[Rerun] Shady Side Hustle vs. Legitimate Side Hustle [Earning Money in Practice]: (Animated Video...	CceKRL3fiV4
[Money Lesson 61] How to Use Money Well, Part 2: Investing in Yourself & Buying Time with Money [...	NMucV86MNGc
[Rebroadcast] [7 Criticisms] An easy-to-understand introduction to investment products that the g...	bsrUbYiSTXA
Is it dangerous to build a house as a way to avoid inheritance tax? An easy-to-understand explana...	e7YX6dFeoKg
With the New NISA performing extremely well, here are some things to keep in mind [Official Liber...	1lyiwoXl-KU
[Rerun] Is being a financial planner pointless? 7 reasons why FP qualifications are useless [The ...	T6QfjdVixBk
家やマンション、不動産を高く売る方法【お金の勉強 不動産投資編】：（アニメ動画）第506回	EOoANK5-yu4
Explaining the background and drawbacks of the increasing number of millionaires in the United St...	uy0T8KmxZbk
What happens to dividends when the stock market crashes? [Learn about money: Stock investment]: (...	bi12dtXsafg
[Rerun] How to Meet the People You Want to Meet [What Happens After You Meet] [Philosophy of Life...	y6Nt1pJMHb4
2026年度の税制改正大綱、個人の家計への影響をまとめて解説【リベ大公式切り抜き】	3T8V6feEZ3U
The latest trends in government bonds for individuals and a review of the basics you need to know...	VQRgdBoul7Y
No. 131 [You'll be missing out if you don't know] Top 6 "Great Value" and "Trending" Money News S...	VTgPU7S4NR8
No. 266 [Very Important] A Summary of December Investment Topics Useful for Stock Investing [Inde...	jziJ-m1wA8g
[Rebroadcast] [For Beginners] 3 Goals to Achieve by 2026 for Those Who Want to Become Richer [Mon...	9DWNNMlgbak
[Money Lesson 60] How to Use Money Well, Part 1: Donating Money and Gifts & Spending Money on Abu...	o1Srbxo4TpE
[Rerun] Specific ways to invest in yourself even if you're a salaryman with no money [Earning Mon...	TG9OiRU_uxo
[Maintaining the status quo is a decline] Inflation is something that people who don't want to lo...	9A1r_w6rfxc
A clear explanation of why we absolutely do not recommend the popular "Zankure My Home" [Official...	ujXA162Xfvc
Is SBI Shinsei Bank, the much talked about bank for its high interest rates, really worth it? Sho...	VyqCq9FNnNk
[Money Lesson 59] What is "the ability to spend"? [Revised Edition Money University P290-P293]	vSAy5QwRnVw
[Rebroadcast] [Honest Thoughts] When do managers ask their employees to change jobs? [Life Philos...	PoPFEz0LUMM
[Money Lessons Extra Edition] Recommended Side Hustle Diagnosis & 3 Reasons Why "Earning Power" i...	mUDLFZ5uwus
[Liber University] Taxes for living, taxes for dying [Yuru Anime]	gvFyh9EiWaE
Does the same 10,000 yen change your satisfaction level? Explaining one way to improve your "spen...	cbdJc7cy4_Q
How to properly prepare for the risk of longevity and the risk of death to avoid financial ruin [...	q4gEfsSAFIw
[Rebroadcast] [5 Selections] A thorough explanation of "Golden Words on Balance Sheets" that only...	MQNEVjJc_0Y
[Money Lesson 58] NG! Avoid these side jobs [Revised Edition, Money University, P282-P285]	c1q6EeG1yyc
[Warning] An easy-to-understand explanation of the risks of corporate bonds for individuals and h...	8yO5Tl0bQyg
[Money Lesson 57] One Investment You Should Never Do: "Don't Get Into XX Investments!" [Revised E...	WoevZsMLeLk
[Rerun] How to Change Failures and Unpleasant Pasts [Philosophy of Life]: (Animated Video) Episod...	0AWZQVB9o60
Is NISA the only right investment option? Explaining the importance of "self-investment" that is ...	-wZKwtCp2dU
[Victims are rapidly increasing] Beware of "SNS investment and romance scams"! An easy-to-underst...	d4hKUCMDl-Y
【再放送】【知らないと沼にハマる】頑張りが「報われる人」と「報われない人」の違い5選【人生論】：（アニメ動画）第440回	noIhpz3wf3s
[Money Lesson 56] Practical Steps for the Real Estate Rental Business [Revised Edition Money Univ...	TNy_4xF2rHk
Home internet service providers are offering 10GB plans. Do you really need that much? [Official ...	l15zxjC8YmM
[Money Lesson 55] Learn the Basics of the Real Estate Rental Business [Revised Edition Money Univ...	nYHQqVfDLHM
[Rerun] How to Become Poor Even with an Annual Income of 10 Million Yen [Money Studies, Beginner'...	iu3grXXVtuE
[Social Security Quiz] How much will your pension be reduced if your spouse dies? Explaining the ...	7c-N2_4zHbI
The latest data on scholarships and the dangerous pitfalls of interest rates you should be aware ...	FJ0DcZLWcp4
[Rerun] Why do we earn money and how to think about trade-offs [Learn about money, beginner level...	opWnUPwbeEo
About 80% of Americans are pessimistic about the future. The reason behind this and what investor...	esbDoI7CA8I
[Rebroadcast] [Salesmen Won't Tell You] 5 Things You Should Know Before Purchasing Cancer Insuran...	84Z21Scj05o
[Money Lesson 54] Recommended Side Hustle Introduction Part 9: Skill Selling & Consulting [Revise...	7y9VE6dCuWU
[Good news? Bad news?] Financial income of the elderly will be reflected in insurance premiums. E...	7AMFP26iy_0
Even if you have a job with the "best conditions," is it necessary to build assets? [Official Lib...	JjPTpuTjXoc
Will US stocks perform worse over the next decade? Goldman's prediction and the president's opini...	uuGgOyX5GTc
No. 130 [Useful to Know] November 2025: Top 6 "Great Deals" and "Trends" Financial News Selected ...	YxE7aMlTQF0
No. 265 [Very Important] A Summary of November's Investment Topics for Stock Investing [Index/Hig...	1vyTzaxoOyM
[Rebroadcast] 5 People You Should Avoid in Your Life [Life Philosophy]: (Animated Video) Episode 443	OXbfF9Aov2E
[Money Lesson 53] Recommended Side Hustle Introduction Part 8: Digital Content Sales & Handmade [...	vIHyDPoas7s
[Rebroadcast] [99% of people don't know] How to determine if your company's evaluation is wrong o...	9BxR4_mjs5k
[Rich People's Worries] Important themes discussed by Warren Buffett in his "final letter" to sha...	rNuijOc-JyQ
[Latest Edition] Introducing the "optimal combination" of recommended bank accounts [Official Lib...	MKX9T3QYu4U
[Increase your savings] The president brings you "Money Lectures" [Improve your savings skills Vo...	MpL3p2u_F2E
40〜50代向けの高額転職コーチングが、「経産省採択」でも危険な理由【リベ大公式切り抜き】	1ZbU52l_GVI
【再放送】【意外？】転職“未”経験者の評価が低くなる3つの理由【稼ぐ 実践編】：（アニメ動画）第64回	CIigJv43TB0
[Money Lesson 52] Recommended Side Hustle Introduction Part 7: Social Media/SNS Management Agency...	9IcIE8PJtl0
[Rerun] What to do if you try something and fail? [Philosophy of Life]: (Animated Video) Episode 439	2BuPNiCVOas
Explaining why blue-collar workers' incomes are soaring despite AI restructuring [Official Libera...	c6zO-TvpQyI
Orkan Japan stocks are being replaced. Latest maintenance information explained [Liberty Universi...	4yuuMopuznc
[Rerun] The Road to Riches! Those who master their tax returns will win the race to save money [M...	X1UN8y5mgh0
[Always Useful] Brought to you by the President! "Money Lectures" October 2025 Compilation	VHgAeji-vfA
Explaining why "cash management" makes a difference even with the same index investment [Liberty ...	DDSomhEVHBk
[Money Lesson 51] Recommended Side Hustle Introduction Part 6: LINE Building & Video Editing & Yo...	JYhqq6ZeEtY
[Rerun] What happens to your life if you earn more than 1 million yen a month? [The case of a uni...	9PI9bCaYA7I
[Social Security Quiz] Explaining the rules for exemption from social insurance premiums during p...	VD9egqpcir4
Can work-life balance make you rich? Explaining the mindset to acquire both money and time [Offic...	wBf3LyVzgSg
[Rerun] [What will happen in the end?] How to withdraw the money gained from investments [Stock i...	_R0trhVHvGc
[Warning] Nomura Holdings to strengthen sales of "private asset products." Explains why you don't...	te6EXwqCkLg
[Rebroadcast] "The History of Stock Market Crashes" and How to Deal with Them - What Beginners Sh...	quQqim6VjUA
[Money Lesson 50] Recommended Side Hustle Introductions Part 5: Web Design & Programming [Revised...	XX0Q3Ib8kPc
[How cash and deposits are used] The Financial Services Agency will ask listed companies for expl...	IR3LR6X0uug
Explaining how to "rebalance" when stock prices rise too much and the basics of risk management [...	S20PH7WYbio
Explaining why people become more vulnerable to inflation as they get older and what "inflation c...	xS9JpDi5Pi8
【再放送】高配当株か成長株どちらの投資がおすすめか？【お金の勉強 株式投資編】：（アニメ動画）第425回	u4wNGc02pJY
No. 129 [Knowing Makes a Difference] October 2025 President's Choice: Top 6 "Best Deals" and "Tre...	EMMemia6WWE
第264回 【超重要】株式投資に役立つ10月の投資トピック総まとめ【インデックス・高配当】【株式投資編】	ZFcBnDEDXOk
[Money Lesson 49] Recommended Side Jobs Part 4: Online Secretary [Revised Edition, Money Universi...	P6HQtWhoi2Y
[Rebroadcast] [For Beginners] 3 Points to Avoid Getting Rid of Investment Trusts [Stock Investmen...	nLb5uIRXdYk
Does the classic book "A Random Walk Down Wall Street" recommend interest and dividend income? A ...	nq06dqrmogQ
Half of people in their 30s and 40s invest over 100,000 yen per month! What the president of the ...	pYU1P61ywdY
[Rerun] Which is more economical, renting or owning a home? [Money Lessons for Beginners]: (Anima...	MymCcJQuDoY
[Good to know] The President brings you "Money Lectures" [Strengthening Your Protection Skills Vo...	XiWjeAZTif8
Tanaka Precious Metals temporarily suspends sales of gold bullion. What is the reason behind the ...	LW50plw4q-o
[Money Lesson 48] Recommended Side Hustle Introduction Part 3: Web Writing [Revised Edition: Mone...	7x2zBVVpW_A
[Rebroadcast] How much should you save for a safety fund? [Money Studies Beginner's Edition]: (An...	ctai4XNfTcg
[I'm not free] The president of the university explains the real reason he replaces his iPhone ev...	5Rft1EepSB4
[Good News] Rising interest rates bring back domestic MMFs! Opportunity to invest yen in more pla...	tqyMJYXlCp0
[Rerun] Don't be fooled again! "How to choose the right insurance" considering the tax-saving eff...	BEha7ykFWz8
[One-click blocking] Introducing a simple method to stop scam calls from overseas [Liberty Univer...	HKqNPYc0IN4
[Useful to know] The President brings you! "Money Lectures" July-September 2025 Compilation	dtBLOMi1cBc
【お金の授業 47限目】おすすめの副業の紹介 その2 アフィリエイトブログ【改訂版 お金の大学 P249】	HYRt-MANBlQ
[Rerun] People who are paralyzed by anxiety vs. people who control their anxiety [Philosophy of l...	Hgthe2DDzbM
[Can two-factor authentication even be breached?] Rakuten and SBI warn against "real-time phishin...	q6VDOjCmQH0
[Do I need to go to school?] Explaining the golden route to becoming a web engineer or web design...	N7aYjpRpjGM
[Lifetime Money Knowledge] I don't understand the complicated stuff, but please tell me how to in...	VCNNMQ8J3SI
[Money Lesson 46] Let's try a slightly more advanced side job & Introducing recommended side jobs...	rMUml87XK_M
[Rebroadcast] 5 Things That Surprised Salaried Workers When They Became Freelancers [Learn About ...	N4QhvHh3z20
[Money Lesson 45] Let's start sharing information on social media [Revised Edition Money Universi...	dqgfSmkPP8A
For those who lack motivation and are unable to make progress in asset formation, here is the ans...	MfWwCQIR3DI
[Life Ruined] Explaining why wanting things you don't want will make you unhappy for the rest of ...	8W62xyQgpbM
[Rebroadcast] [For some reason, everyone is doing it] 6 techniques that will guarantee you a fail...	ummJMopPiqk
[Good News] Stock Splits Hit 12-Year High! Explaining the Benefits Even Beginners Can Understand ...	Am7bQFEchzQ
【再放送】【必ず得する！】本棚を捨てるべき3つの理由と、おすすめ電子書籍リーダー【貯める編】：（アニメ動画）第126回	6MGqIZkM9Oc
[Money Lesson 44] Let's start with a small side hustle [Revised Edition Money University P240-P241]	0csQOjWcuJY
第263回 【超重要】株式投資に役立つ9月の投資トピック総まとめ【インデックス・高配当】【株式投資編】	mRFNto11Hr8
[Japan is also affected] France to have its national debt downgraded due to financial concerns. W...	kMLXMbyslas
Explaining the "difference in thinking" between people who can become rich and those who can't [O...	TqQfPhLL3JY
第128回 【話題のニュース満載】2025年9月 学長が選ぶ「お得」「トレンド」お金のニュース Best7【トレンド】	G6bchroPo5s
[Money Lesson 43] How to Start a Side Hustle Without Your Company Finding Out [Revised Edition: M...	qz-YINcWCJM
[The bottom line] Which is better, owning a home or renting? The answer is ○○○○○ [Official clippi...	hDutmLTOfxs
【お金の授業 42限目】「転職を活用して給与所得を増やそう」【改訂版 お金の大学 P232～P235】	ykMsil8ADTk
[Rebroadcast] [Handle with care!] 5 pros and cons of couples taking out a joint loan [Mortgage] [...	XmSc_GEjC8E
Explaining "bad ways of thinking" and "the answer to the savings rate" when planning for retireme...	Js48r6k4Kmo
[No need to be scared] Explaining the correct way to deal with forced rent hikes [Official Libera...	azjcT8REkas
[The Basics of Stock Investment] The President Presents! "Money Lectures" [Strengthening Your Abi...	TV3fp2sM_Jo
Will the expansion of NISA make it even more convenient? An easy-to-understand explanation of the...	jlLqgcvqyzY
[Rebroadcast] Dividend investing vs. index investing: How to choose when you're unsure [Stock inv...	RAl_NmcNwTQ
[Money Lesson 41] Develop your earning power through job changes and side jobs [Revised Edition M...	uiYBf-1AD_U
[Rebroadcast] How to Change Others [You can't change others, but you can sow the seeds of awarene...	GJOgeXr_hqw
If you want to become rich, here's why "business income" is more advantageous than "salary income...	I4PCGDt09ow
[How much are people saving?] Introducing a street survey on savings and the president's thoughts...	cJLQRlJn9Ko
[Rerun] How to Tell If Someone is Trustworthy and Others are Liars [Life Philosophy]: (Animated V...	oSuPi6sQ1BU
[Meet People] If you want to be successful, meet "5 successful people"! [Official Liber Universit...	Qnnzsatmrx8
[Rerun] Is there a way to achieve financial freedom without taking risks? [Learn about money, beg...	MIBlmvsYpIY
[Money Lessons Extra Edition] "The Illusion of Passive Income" & "Follow the Speed ​​Limit" [Revi...	d5CXQI18M90
[Rerun] Why I Don't Recommend Network Marketing MLM [Life Philosophy]: (Animated Video) Episode 407	Z3r_lgkZABc
[This is the correct answer] Explaining the difference between the "economic reality" of owning a...	YCub88Th-Ro
Is Japan the easiest place in the world to become rich? Introducing the success mindset of overse...	C7b8RXXmceI
【収入アップのヒント満載】学長がお届け！稼ぎ方実践講座	HWfH54sCdFA
[Money Lesson 40] Invest in stocks with increasing dividends and high dividends [Revised Edition ...	SJ9ZNiess5I
【再放送】ネット検索力がないとあなたは生涯損をする【検索力の鍛え方】【ゼロから学ぶITスキル】：（アニメ動画）第410回	Xx1mI6BBGCE
[Money Lesson 39] How to Withdraw from Index Funds [Revised Edition, Money University, P210-P213]	Nb6XzDuj3V0
[Rebroadcast] To Students: Studying Will Increase Your Life Choices [Principles of Life]: (Animat...	UKL1q4MtSyM
"Easy to make money with AI" - Scammers end up with 2 million yen in debt. What everyone should k...	EYXS8iCvCJA
Should you invest in bonds over stocks over the next 10 years? Vanguard warns [Official Liberal A...	r-KTAhujAhE
No. 127 [Many Important News] August 2025 President's Choice of "Great Deals" and "Trends" Top 9 ...	2cRLjB6ndiQ
[Money Lesson 38] Learn to Hold on Like a Demon [Revised Edition, Money University, P206-P209]	tC83WjNH2GU
[Rebroadcast] [What's the difference?] Index investing and investment fraud/rip-off products have...	gotyibju5bc
第262回 【世界がわかる】株式投資に役立つ8月の投資トピック総まとめ【インデックス・高配当】【株式投資編】	pzyGR5Qm9O4
[Rerun] What happens if you start a business and fail? [Don't take on debt] [Earn money practical...	Qh5RGpzTsGQ
[Must Check] Introducing the Top 3 Bank Deposit Interest Rates for August 2025 [Liberty Universit...	X96Czyj-HNo
高利回りで人気の「不動産クラファン」トラブル続出中！学長の見解をズバリ解説【リベ大公式切り抜き】	1uJ2ATB67f4
[Rebroadcast] [Eternal Question] I want to have a side job, but it's prohibited. What should I do...	yDvz32854DU
[Super Basics] An easy-to-understand introduction to the Liberian University method of "budgeting...	VLE32fv_eQg
[Rebroadcast] [Measures Required] Explaining the "Income Cliff" that Office Workers Fall into [Mo...	Z7M0-AeFNcI
【お金の授業 37限目】ドルコスト平均法で定期的に積み立てよう【改訂版 お金の大学 P202～P205】	0y_rp95Oiew
[Rebroadcast] How to Get More Work for Freelancers [Earn Money in Practice]: (Animated Video) Epi...	lYjjHl5Obus
[1 million yen trouble] Be careful with rental properties owned by foreigners. Tax pitfalls and c...	Hu2XAkVejRI
[Update Required] Why Now is the Time to Reconsider the Importance of "Protective Power" [Liberty...	SEZtqdcPWFs
[Rebroadcast] [The Man Who Changed America] Learn from Naval! How to Acquire Wealth Without Relyi...	4_IubIVK7nQ
[Money Lesson 36] Make the most of your NISA account [Revised Edition Money University P196-P201]	pY8slPUxo2s
The iDeCo amendment bill has been passed. An easy-to-understand explanation of the three key poin...	I0Mo0QqzedU
[Money Lesson 35] Index Funds Recommended by the President [Revised Edition: Money University, P1...	ltkEQvThh8I
[Rebroadcast] [You're in trouble if you don't know] 3 reasons why you shouldn't buy "active funds...	GlhemaN1nx0
[The largest ever] The Japanese population has decreased by 900,000... What is the "sense of livi...	rptvATHc-oU
[Major downgrade] Marriott Card, recommended for travel lovers, is it okay for most people to can...	sswXtHXmfFg
[Rebroadcast] [30% off your purchase] 5 Tips for Buying Home Appliances Cheaply [Savings Edition]...	0orQMUa983g
[Money Lesson 34] Investing in Index Funds [Revised Edition Money University P184-P189]	J1VqvDJHjqU
【知らないと危ない】学長がお届け！「お金の講義」【守る力 強化編 Vol.1】	phKIVRqwbCY
[Money Lesson 33] Learn the Power of Compound Interest [Revised Edition Money University P182-P183]	m6hrxANlSOw
[Rebroadcast] [Learning from Rich Dad] Explaining the "7 Levels" of Investors [Money Learning Beg...	31w1JiA4v9U
Starbucks CEO earns 6,666 times more than his employees! Tips for surviving in a society of inequ...	k5p9G36BxLo
[Earning Money Practical Course] Explaining the "5 Points to Withdraw from" When You're Having Tr...	jpgG3FKYgFQ
[Rerun] Which should you prioritize: a job that earns you money or a job you want to do? [Dependi...	5m8kH74nCmQ
[Money Lesson 32] Learn about the types and characteristics of investment products [Revised Editi...	DXy7UZ7_IGU
[Rebroadcast] [Learn from the World's Top Universities] Harvard University Portfolio Explained [S...	5mrpEkle63o
No. 126 [You'll be missing out if you don't know] July 2025 President's Choice Top 8 "Great Deal"...	W1eS6UirREM
No. 261 [Very Important] A Summary of Investment Topics for July 2025 that Will Help You Invest i...	aiUYKHDIipg
The popular Orkan hits a new all-time high! What is the essence of index investing? [Liberal Univ...	ls3viUD1ByI
ふるさと納税のポイント還元が禁止に。今がお得に利用できるラストチャンス【リベ大公式切り抜き】	fasLnkHZhvI
[Rebroadcast] [5 Differences] Explaining the difference between those who can use their bookkeepi...	ARPVxcNmyrY
[Money Lesson 31] Know the market price to avoid being scammed [Revised Edition Money University ...	lhiUa-0upyM
[How to make money practical course] How to capture people's hearts with "empathy" that people wh...	NoiX8IwgzzM
[Money Lesson 30] Develop the ability to increase your wealth & secure a living security fund [Re...	Z7Wz4QDiWS0
[Rerun] How to Improve Your Luck by Learning from the Rich [Life Philosophy]: (Animation Video) E...	ufiKMTbpKvc
[How to make money practical course] A clear explanation of how to decide prices, which is a comm...	OHXCQPEJR4M
Why do Americans not feel rich even with an annual income of 36 million yen? Here's why [Official...	z-aNodPks7g
[You'll regret it if you're not careful] Explanation of recommended ways to work during parental ...	CGBdhNFjzv0
[Money Lessons Extra Edition] Don't make interest rates your enemy! [Revised Edition Money Univer...	FxjhJ4NVng4
【再放送】学長がおすすめしない副業5選【稼ぐ 実践編】：（アニメ動画）第388回	LhJMco9VQfU
[Money Lesson 29] Mastering household finances & household finance improvement checklist [Revised...	NkpElNYzpIE
[Rerun] What makes life happy? The importance of having multiple communities [Life Theory]: (Anim...	ynjR2r3cWog
Only 3% of people have side jobs or concurrent jobs! Explanation of the legal reforms being promo...	ay8uS3vjYWo
Are the government and companies making too much money from tax revenues since the bubble era? Wh...	bmRJLa0bdVI
【再放送】S&P500に投資すれば絶対に儲かると信じている人に伝えたい3つのこと【初心者向け】【株式投資編】：（アニメ動画）第180回	NeGdDo2LQ0o
【本気の収入アップ】学長がお届け！「お金の講義」【稼ぐ力 強化編 Vol.1】	VSa7mjf-k5A
【再放送】【月収100万円も狙える】ブログ起業のために買うべきもの6選【これで全部です】【稼ぐ 実践編】：（アニメ動画）第325回	-o6z-VnPRx8
[Money Lesson 28th Period] "Learn ways to save on taxes other than deductions" & "Start a side jo...	kzgB3exkHlk
[Rebroadcast] [Very Basic] 5 things you can do to prepare for your parent's bank account being fr...	WPICypttUmQ
[Earning Money Practical Course] If you lack something, rely on your friends! Easy-to-understand ...	vPeDpbHmrD0
The "1.06 million yen barrier" for social insurance has finally been abolished! What will happen ...	wrfFOgm5ov8
The number of people closing their graves is on the rise nationwide. What should we spend our mon...	ODor6SL2NcM
[Money Lesson 27th Period] "Let's properly understand dependent deductions, etc." & "Beware of co...	3HOO277NfRg
【再放送】【転職術の新常識】年収アップの基本戦略「軸ずらし転職」について解説【稼ぐ 実践編】：（アニメ動画）第56回	298YGcum8kk
[Money Lesson 26th Period] Make a hometown tax donation and apply for medical expenses deductions...	oeK-pZKnk0s
[Rebroadcast] [Are financial assets worthless?] Explaining "true wealth" and "how to make the mos...	Qy15220hzmA
Rakuten launches low-interest "securities-backed loans." An easy-to-understand explanation of the...	RLjoS-nAUfM
Sumitomo Mitsui and SBI announce asset management service for the semi-high net worth class! What...	16BFb5ODs7Y
No. 260 [Must see!] A summary of investment topics for June 2025 that will be useful for stock in...	Eopl113EBis
No. 125 [Useful to know] Top 7 "profitable" and "trend" money news selected by the president in J...	eBmnRCmYkRw
[Rebroadcast] About Justice [Life Theory]: (Animation Video) Episode 381	_WMjnUpOUi8
Rent prices are rising! Should I buy a house now? [Official clipping from Liber University]	1nltCcJvquM
[Rebroadcast] [You're doing it without even realizing it] 7 ways to ask questions that will cost ...	HXoje5WH5LM
[Earning Money Practical Course] Explaining the importance of "intuition" common to people who ma...	bG0AQKQBc-0
Gold, which has doubled in price in three years, is being bought even more in emerging countries ...	KAaseKC4lGg
[How to make money practical course] An easy-to-understand explanation of the most important "tip...	EY92RgCwqzU
[Money Lesson 25] Let's take advantage of "deductions" to reduce taxes [Revised Edition Money Uni...	bTarp68Bs6o
Don't sign up for LINE! Beware of fake university presidents' ads	EQivC80IPCQ
[Money Lesson 24th Period] Let's save on taxes for salaried workers too & learn how the amount of...	3OoilJjxc-w
[Rerun] "Stocks are scary! But I'm curious!" Three reasons why people get ripped off [Stock Inves...	Lcr6mcbxd3Y
With wage increases stalling at 4%, is this the time for encouraging job-hopping? Explaining the ...	zH573K5ZO9c
[Earning Money Practical Course] Explaining the "differences in roles" between large companies an...	meXmhqEFH9k
[Grow your asset income] The president brings you "Money Lectures" [Strengthening your ability to...	DusPDu-2blQ
Will the "survivor's pension" be changed to a 5-year fixed term? Let's get to know the basics and...	2yYN3-PWZj0
[Rebroadcast] [For beginners] Traditional index vs. smart beta, which is the smarter investment? ...	EygqdCs7qLc
[Money Lesson 23] Let's Reconsider Car Insurance [Revised Edition Money University P124-P129]	Cf-6zh4AF2k
[Rerun] How to Win at Investments for Beginners - How to Avoid Ponzi Schemes [Learn About Money, ...	iih_mcqNvVk
[The Great Principle of Life] A thorough explanation of why people who give first become wealthy ...	K5f9FrKwxSo
[Learn in a short time] 5 profitable tips to make the most of your free time! (No. 16-20) [Offici...	ihg9zwk4xZQ
[Rebroadcast] [This will solve it] A clear explanation of what you should and shouldn't do to bre...	_YUdyOpGg0g
[Money Lesson 22] "Don't buy a car! If you're going to buy one, buy a used one!" & "Buy a car wit...	3AP21ALjIFI
[Rebroadcast] [Must-see even for those opposed to side jobs] 5 benefits of earning 50,000 yen a m...	WS_RWsqYuPg
Insurance product with 0.7% yield targets young people. Explains how to take appropriate risks [L...	Q3jiadEFPzY
[Seriously useful] Delivered by the president! "Money Lectures" May 2025 Compilation	tTe-1c-PapY
Explaining why wealthy Americans with an annual income of 79 million yen make their money through...	3Ly3KO6H-uk
A total of 5 billion yen! Explanation of the methods and countermeasures of the "initial fee busi...	O7Ag6AQ220c
[Rerun] Two important things to know to increase your money through investment [Beginner's Guide ...	NRkldWLLIsk
[Money Lesson 21] How to reduce moving costs [Revised Edition Money University P116-P117]	-PRhkP13KLI
No. 124 [Knowing makes a difference] May 2025 President's pick of "profitable" and "trend" money ...	NAruiJrUTGI
The US's "credit" has been downgraded from the top. What individual investors should do now [Libe...	h86wz49421M
[Rerun] How to find the best investment method for you: Which investment method is better, divers...	uz7-oYogECQ
The government is serious about setting a goal of 1% annual "real wage increase"! [Official Liber...	uLhO_eoR_O4
[Money News] The author of "DIE WITH ZERO" gives super important advice to Japanese people who ar...	fQxleIOuKaY
[Rebroadcast] [I'll tell you something that's not in the investment textbook] Should you reinvest...	smGn4QZ585k
[Money Lesson 20] Use fire insurance to cover moving-out expenses [Revised Edition Money Universi...	jJuuFkFgEOQ
[Learn at a glance] 5 profitable tips for making the most of your free time! (No. 11-15) [Officia...	8twg2Bs2KNs
[Money Lesson 19] Reduce your rental move-out costs to an appropriate amount [Revised Edition Mon...	icon7h-cS9U
[Rebroadcast] [Easy to understand with diagrams!] Comparative explanation of "life plans for ordi...	YS65DPQwlSI
【リベ大】乱高下【学長AIミュージック】	1UCo2gqGNqg
[The Wealthy Equation] Introducing "3 Methods" and "10 Rules" to Accelerate Asset Formation [Offi...	IF7tHsLneks
[Social Security Quiz] What taxes are not exempted even during maternity leave or childcare leave...	0p_vyWjjRWM
[Rebroadcast] [5 Reasons] Explaining the reasons why you shouldn't line up at an ATM on payday: (...	G9apRUM7PzY
[Money Lesson 18] How to Lower the Rent of a Rental Property [Revised Edition Money University P1...	pz4ns5Nn90c
[Rerun] What you need to know about risk and return [Learn about money: Stock investment]: (Anima...	__xpq2H5RoU
【ムダな支出がなくなる】学長がお届け！「お金の講義」【貯める力 強化編 Vol.2】	KUY5J8mTuoY
[Rerun] Improving your questioning skills will benefit you in life [Life Theory]: (Animation) Epi...	y7_w4mn_eLM
【リベ大】クルマは金食い虫【学長AIミュージック】	CmiYgItECMo
[The eternal question] An explanation of the relationship between money and happiness, a question...	Pb7Z7m_lNXQ
[Money News] Are sports a luxury item? Explaining the reality of the rush to raise prices leading...	-SYGyXC9GAs
[Rich People's Mindset] What is the "biggest risk in life" that billionaires agree on? [Official ...	CGRGZFOXstM
[Money Lesson 17] How to Reduce Your Fire Insurance [Revised Edition, Money University, P104-P105]	VQ3DuioBTu4
【再放送】【永遠にくる質問】このお金は一括投資すべきですか？ドルコスト平均法でつみたて投資の方が良いですか？【回答】つみたて投資しなはれ【永遠シリーズ】：（アニメ動画）第298回	wdpunFP8CfI
【お金の授業 16限目】賃貸物件を安く借りよう【改訂版 お金の大学 P100～P103】	CgYgqZ_hRns
【今すぐ使える】学長がお届け！「お金の講義」2025年4月総集編	9zUhRlA8xkk
【リベ大】S.I.M【学長AIミュージック】	FYi28UWvfaY
[Money News] Mr. Testa, a 10 billion yen investor, has his account hijacked! A detailed explanati...	wJLYTPW1FTE
[Quick learning] 5 profitable tips to use in your spare time! (No. 6-10) [Official Liber Universi...	DqeunNfUHls
[Rebroadcast] [Question Common Sense] Is it correct to divide your expenses into consumption, was...	hTpWZoi938Q
[Money Lesson 15] How to Live Cheaply and Smartly in a Rental Property! & Recognize the "Right Bu...	A6MdHJvvwJA
【再放送】人生を豊かにする、学長おすすめの趣味26選【人生論】：（アニメ動画）第349回	ZO85xLxbWnY
【お金のニュース】株価暴落時に「鬼ホールド」出来なかった人は一体どうなる？【リベ大公式切り抜き】	Nxy8epnRbw0
第123回 【超重要！】2025年4月 学長が選ぶ「お得」「トレンド」お金のニュース Best7【トレンド】	rutwRPsfwRw
【リベ大】鬼畜型保険【学長AIミュージック】	eisVepeZ_48
【お金のニュース】1億円超えマイホームなのに欠陥だらけ！注文住宅に潜む「大きなリスク」とは？【リベ大公式切り抜き】	9B0BEHmOG9o
[Money News] With the creation of a "Platinum NISA" for seniors under consideration, will that tr...	cDxhFVbwrrg
【芸能人と社長のお金の話】ウエンツ瑛士と学長がお金を語る（前半）【コラボ】【対談】	380BKmW2dI4
[Rerun] Where does the president get his information? [Earning Money in Practice]: (Animated Vide...	QmRukleS80c
[Money Lesson 14] Let's think about the resale value of your home! [Revised Edition: Money Univer...	ZbBDmQj6B_o
【再放送】学長が学生時代に稼いだ方法【稼ぐ 実践編】：（アニメ動画）第372回	sKPAuKzEQVo
[Money Lesson 13] Your current insurance is no longer needed! [Revised Edition: Money University,...	2o0NQWGmc2Q
[Money News] What legendary investor Tatsuro Kiyohara did during the global stock market crash [O...	A6YN7TEssuA
[Money News] From dating apps to skirt lengths... 5 surprising "signs of a recession" [Official L...	phAhhPxu9F0
[Money News] An employee who bought company stocks has assets worth 800 million yen! Explaining t...	lHI1XnAgv_E
[Rerun] How to deal with anxiety when starting something, and what is the mindset to make money? ...	LaODE-qX1zY
[Money News] Explaining why continuing regular investments during a stock market crash can help y...	IXWJMF8ny2Y
[Rebroadcast] [Very Important] Top 5 Characteristics of People Who Bank Employees Dislike [Money ...	KPxQCyVgG90
【リベ大】売るなインデックス【学長AIミュージック】	LOkLNWtKf_A
[Money Lesson 12] Reassessing the Risks of Childbirth Costs [Revised Edition: Money University, P...	cDgTPYB0Bcw
【再放送】夢の不動産投資 知っておくべき5つの現実【不動産投資編】：（アニメ動画）第296回	H202GVtIeng
【社会保障クイズ】有給休暇の「買い取り」は違法？合法？【リベ大公式切り抜き】	N7a3EpR7NIo
【タイパ最高】スキマ時間にお得なインプット「儲かる小ネタ」5連発！（No 1〜5）【リベ大公式切り抜き】	EZljwC-4YxU
【再放送 】【20年間Webで食べている学長が解説】ブログのメリット・デメリットと始め方【稼ぐ 実践編】：（アニメ動画）第128回	micfYc5k3zU
【リベ大】お金の勉強ソング (リベ大ver.)【学長AIミュージック】	_uv34lAVk5o
[Money Lesson 11] Reconsidering the Risks of Nursing Care [Revised Edition, Money University, pp....	xXZTqMzT2Gc
[Rebroadcast] [Once a month is enough] Explaining the "KPI Meeting" for investors with low happin...	KNvcl74NZ_Y
[Money Lesson 10] Reassessing Retirement Risks [Revised Edition: Money University, P62-P67]	p-2hq9SPZqI
【貯蓄額アップに直結】学長がお届け！「お金の講義」【貯める力 強化編 Vol.1】	39HXsIwBzd4
【高額スクール不要！】稼ぎ方を教えてくれる本物のメンターや師匠の見分け方について解説【リベ大公式切り抜き】	Mh0PKgPgEnI
[Earn 50,000 yen a month] The president recommends "online secretary" and "LINE building" as side...	tKhRTU2-Xnw
[Rebroadcast] [For Beginners] An Easy-to-Understand Explanation of the S&P 500 [Stock Investment ...	uZAxXe8j094
[Money Lesson 9] Reassessing the Risk of Unemployment [Revised Edition, Money University, P58-P61]	TdUGI_0uv9Q
[Increase your savings] The president delivers! "Money Lectures" March 2025 Compilation	kf0xMARHG4M
[Money News] The real situation of the new NISA explained with data! What is everyone buying? [Of...	61Q6TSBlOfM
[Rebroadcast] [Save 1 million yen!] 6 Tips for Negotiating a Price on a Used Home [Money Lessons ...	8CUTAqqMivM
【お金のニュース】正社員の転職者数が過去最高！転職で年収アップは当たり前？【リベ大公式切り抜き】	u7tVZRRtGnc
【社会保障クイズ】育休給付が「給料の80%」に！複雑すぎる新制度『出生後休業支援給付金』が貰える条件を解説【リベ大公式切り抜き】	wdT5smV5N6s
第122回 【話題のニュース多数】2025年3月　学長が選ぶ「お得」「トレンド」お金のニュース Best7【トレンド】	FBzvmnpoCmk
[Money Lesson 8] Reconsider Your Mortality Risk [Revised Edition, Money University, P56-P57]	RQVAotnvEPE
[Rebroadcast] [With Episode] Do all rich people think the same? 7 Ways of Thinking Common to Weal...	DyAOjaiyW_A
【お金のニュース】成績優秀な「GPIF」の投資判断を紹介。資産運用の最重要ポイントとは？【リベ大公式切り抜き】	TIJLDw2v6m8
[Rebroadcast] [Listen and you'll understand] Top 1 things people who don't make more money tend t...	Y4RM9k3lRj4
【社会保障クイズ】失業給付の改正で何が変わる？会社辞めたい人は必見の内容を解説【リベ大公式切り抜き】	CGC8oH_1pKo
【お金のニュース】幸せになるために知っておくべき「5種類の富」と「5つの質問」を紹介【リベ大公式切り抜き】	PerOiVdWRUs
[Money News] Rakuten Securities is experiencing a series of unauthorized access incidents! Five m...	HTgwTRZkXFM
[Money Lesson 7] Reassessing Your Risk of Disability [Revised Edition, Money University, pp. 52-55]	t0rMOcEVCkI
[For those struggling with debt] The very basics of debt consolidation! Explaining three ways to ...	NWKYlL39lF0
スマホ分割払い・カーローン...金額の大小は関係なし！あらゆる借金「するんじゃねえ」のワケ【学長ラジオ】	cHENoZQj4Do
【再放送】【知らないとお金に困り続ける】チャンスを掴める人vs掴めない人の違いを解説【人生論】：（アニメ動画）第34回	fjEJaibAcUw
[Social Security Quiz] Are you prepared for the "2025 Problem"? Explaining the social issues that...	id9UWvg2Nww
【お金のニュース】米国株が急落中！不安な相場の中で投資初心者がするべきこと【リベ大公式切り抜き】	A7s02Y6Yg4E
[Applicable to 1 in 10 people] Insurance for inheritance tax… Is it really necessary? What you sh...	YvK_vfR5M-s
[Money Lesson 6] Reassessing the Risks of Illness and Injury [Revised Edition, Money University, ...	4wqffCWL9Rs
【お金のニュース】高額療養費の改悪が「見送り」に。基本のおさらい＆最新情報を分かりやすく解説【リベ大公式切り抜き】	ZE-uWAeqa6c
[Money Lesson 5] Let's Reassess Insurance Properly [Revised Edition Money University P40-P45]	zhBuR9GLedM
[Rebroadcast] [Just knowing is good for you] If you can answer these questions correctly, your fu...	YqpZ1Lml8w0
[The very basics of protection] Rather than refusing unnecessary sales calls, "Don't even get clo...	rVs8MdVM8oM
[Index Investing Concerns] Does the 4% Rule Apply to a "Cash + Stock" Portfolio? Introducing Smar...	boAMb2q0RG0
[Rebroadcast] [Media Topic] Which is the Right Aim? A Thorough Explanation of the Four FIRE Metho...	2H78NiERwmY
[Money News] Expert stock price predictions are inaccurate! What are the pitfalls that beginner i...	48PEhyA-kqY
【実例報告も多数】あの手この手で近付いてくる悪質な訪問営業、全部いりません【リベ大公式切り抜き】	bcBq7FjUMpQ
【再放送】「副業で本業がおろそかになる」は本当か？【副業の本業への影響6選】【稼ぐ 実践編】：（アニメ動画）第356回	Djr1SFszLnM
[Money Lesson 4] Visualize your subscriptions [Revised Edition Money University P36-P39]	VNG2cdWcNpY
【ずっと役立つ】学長がお届け！「お金の講義」2025年2月総集編	xLhqW3IT9DE
[Money News] The number of wealthy people in Japan has increased dramatically in just two years! ...	PToVVsdT5u0
[Secrets to Success] Explaining "3 Ways to Gain Confidence" to Become Rich [Official Clippings fr...	nBrSAzj62w0
【再放送】【コロナで破綻急増】住宅ローンで困窮している「実例」と「やってはいけない5つのこと」【お金の勉強 初級編】：（アニメ動画）第103回	IQBDPwyH6pI
[Money Lesson 3] Switch to a low-cost SIM card for your smartphone [Revised Edition Money Univers...	En2m-_NoaSs
No. 121 [You're missing out if you don't know] Top 7 "Great Value" and "Trending" Money News Sele...	Plvdt4DYM-g
[Money News] One in four hometown tax donors make "real donations" without receiving tax deductio...	5s_p2N7M5Pk
【再放送】「効率的な情報収集」を目指す人がハマる5つの罠【お金の勉強 初級編】：（アニメ動画）第351回	IvioGsMg8gw
[Money News] Is this the head of "Tokuryu"? A popular investor on social media arrested for fraud...	bXgwrHbyQZg
[99% fail] A detailed explanation of why borrowing money to conserve capital as an investment str...	BJg9mFrp3tg
"Meeting people" can change your life! How do you take that first step? [President's Radio]	9vfvUYyMbtc
[Money Lesson 2] First, let's review your fixed costs! [Revised Edition: Money University, P27-P31]	YgbMKJZjriw
【お金のニュース】ビットコインなどの暗号資産が、株や債券と同じ扱いになるかも？【リベ大公式切り抜き】	dltRkeHUj7w
[Money Lesson 1] Learn the Basic Principles of Being Rich [Revised Edition, Money University, P20...	fTBvrAOyX20
[Rebroadcast] [Contributing to household management] 15 ultra-practical "Resident Tax Quiz" [Savi...	nATpGlOw_RM
[Easy & Profitable] Explaining how to safely sell your unwanted PC [Official Liberal Arts Clipping]	NiOvycZYgHo
[Great Savings Information] Introducing ways to reduce your monthly contact lens costs [Official ...	S9UoxATWooQ
【再放送】【老後がヤバい】「後期高齢者医療制度」の改悪と老後の医療費対策について解説【お金の勉強】：（アニメ動画）第141回	6vaBWxtjdfY
個人事業主が保険に入ってなくてケガで働けない場合にどうすれば良いか？【お金を貯める】：（アニメ動画）第504回	EkYf9iHiD3Y
【お金のニュース】アメリカで買わない生活が流行中！「No Buy 2025」ってなに？【リベ大公式切り抜き】	8Btx7FcYG3A
[You'll be embarrassed if you don't know] An easy-to-understand explanation of the difference bet...	zGssCf_0kFI
[Rebroadcast] [The Future is Bright] Explaining the Asset Structure of the "Rich" and the Future ...	A3ugcG0d0A4
【高配当株投資の原則】保有株が暴騰して売りたくなった時の判断ポイントを解説【リベ大公式切り抜き】	kQArQevzwCI
[Money News] A clear explanation of why financial products with freebies are not recommended [Off...	10TZfMNgTG4
【再放送】【見落としがち】本当の「安定」を生み出すたった1つのもの【稼ぐ 実践編】：（アニメ動画）第45回	V38gfHzFkhA
[Rebroadcast] [Just Know This] You Don't Need to Be Too Scared About Money After the Age of 65: A...	gBXEBeUqQ2g
【お金のニュース】上場企業の配当総額が約18兆円。4年連続で過去最高に！【リベ大公式切り抜き】	J7OQ-YEeSZM
[Knowing makes a difference] The President brings you! "Money Lectures" January 2025 Compilation	-X3OKEB6S30
How to Lower Your Propane Gas Bill [Beginner's Guide to Money]: (Animated Video) Episode 502	TW7-h-L7mCY
[A Japanese version of a popular fund?] Is the new "Japanese version of SCHD" available at Rakute...	y85Yy77Kb30
[Money News] Will life improve or worsen? Bank of Japan decides to raise interest rates by 0.5% [...	UfdV95TCsLA
【副業成功への高速道路】副業で月5万稼ぐために「Webマーケティング」が超オススメな5つの理由【リベ大公式切り抜き】	m0ee-BU8pTE
【再放送】仕事が早い人vs遅い人【あなたはどっち？】【稼ぐ 実践編】：（アニメ動画）第345回	WX5eOttp56s
第120回 【貯金が増える】2025年1月　学長が選ぶ「お得」「トレンド」お金のニュース Best7【トレンド】	xtx2OSxxIjU
The Basics of FX and Leverage [Beginner's Guide to Money]: (Animated Video) Episode 501	GdpAorpaJtw
【再放送】【月5万円は誰でも届く】独自アンケートで判明！「副業プチ成功者の特徴」と「稼げるようになったその後」を解説【稼ぐ 実践編】：（アニメ動画）第224回	R2wMRypzp7k
[Money News] "Orkan + Gold = Gorkan" What do you think about a fund that combines stocks and gold...	HuisfV7dHA0
[Rakuten Securities Users Must See] How much trust fees did you pay in a year? Here's an easy way...	Wz98fspBhSM
[Rebroadcast] [Insurance, Real Estate, Investment Trusts] 9 Ways to Fight Dangerous Sales Pitches...	hlydVUGk6ZI
[○ times your annual salary?] Explaining "Financial Well-being" for financial security [Official ...	Kv4lnTKNbp4
初心者が投資で勝つ方法 毎月分配型の投資信託を買うな【お金の勉強 初級編】（アニメ動画）第500回	aiUk9BMoq10
[2025 slogan] If you want to be rich, "Don't do point activities!" [President's Radio]	MBV7WmqMU1I
[Money News] Have pre-owned apartment prices reached a plateau? Beware of jumping catches! [Offic...	SalCw_U4tJo
【再放送】【サラリーマンの節税】副業で30万円以上の節税ができた2つの重要ポイントを解説【お金の勉強 初級編】：（アニメ動画）第237回	xPAigWtPMoc
[Money News] When is the best time to buy? US Treasury yields are rising to 5%! [Liberal Universi...	nWkiCPdfrsE
[Social Security Quiz] Disability pension and disability certificate: What is the surprising diff...	jb7UeWWi7Bk
[Money News] Why professional baseball players can't save money even with annual salaries in the ...	Fi6N0BT95Qs
【お金のニュース】「実質賃金」が4ヶ月連続マイナスに。物価上昇にどう備える？【リベ大公式切り抜き】	swg08T-GI-Q
【落とし穴】株主優待目当ての投資で損する人の特徴３選【株式投資編】：（アニメ動画）第499回	gSlHsAYIBd0
How to prepare? How to get through it? The two presidents give straightforward answers to questio...	gBcX3RPXpZw
The Pros and Cons of IPO Investments [Financial Studies: Stock Investment]: (Animated Video) Epis...	ilF8iWTsqOw
[Rebroadcast] The Line Between Gambling and Investing [What's the Difference?] [Stock Investment ...	_N1BC8k-EKU
【お金のニュース】銀行の振込手数料が値上げラッシュで1,000円目前に【リベ大公式切り抜き】	bYK-M1SRZQA
[Money News] Savings rate drops to 1.5%. What savings rate should you aim for to achieve FIRE? [O...	-gLld_Gp34Y
【社会保障クイズ】雇用保険に未加入でも「職業訓練」は受けられる？【リベ大公式切り抜き】	HHeVQUR_l8Y
【再放送】知る事はキミの大きな武器になる【お金の勉強 初級編 】：（アニメ動画）第343回	SKYK3JqlRPI
[Don't get it wrong!] Explaining which should be prioritized: "investment" or "savings" [Official...	A7y_I6RTIdk
[Rerun] How to Create a Profitable Website and a Website That Makes Money [Earning Money in Pract...	wPNqYHTxIeo
[Cancel or continue?] What should you do about insurance that will result in a loss of principal ...	ug5JPey2UvA
[Rebroadcast] [For Beginners] Explaining the "10 Steps" to Starting a YouTube Channel and Earning...	sh20uHN763Y
【いくつ知ってる？】「お金に関する言葉」をたくさん知ると、お金の世界で有利になれる【リベ大公式切り抜き】	NkT3V3Vomd0
【お金のニュース】過去70年で1度だけ？S&P500銘柄のうち好成績はたったの◯％【リベ大公式切り抜き】	BQC-TUPAehk
【再放送】【ストックオプションって何？】SO目当てのベンチャー転職はアリか？ナシか？【稼ぐ 実践編】：（アニメ動画）第341回	aQvA8N6bvqc
パソコンの仕組み 超基本から解説【ゼロから学ぶITスキル】：（アニメ動画）第496回	Z0_bm8JhrDw
[Money News] Amazon launches hometown tax donation service! Explains whether it's worth using com...	fZiEHM9hK0k
[For Beginners] 3 Goals to Achieve by 2025 for Those Who Want to Become Richer [Money Studies]: (...	LaG0T9Rn1vc
[Rebroadcast] [If it's too high, it's not worth it] What is the best annual income for the money?...	gjyAPTWjg58
【お金のニュース】iDeCo受け取り時に増税？今回の改悪内容を分かりやすく解説【リベ大公式切り抜き】	UyDCYS4XmGQ
[Money News] Three things you should never do with your winter bonus [Official Liberal Arts Clipp...	pYnsGyDY5sI
第119回 【知らないと損】2024年12月　学長が選ぶ「お得」「トレンド」お金のニュース Best7【トレンド】	BR1I7K3MCrg
【お金が貯まる必修科目】「支出管理表＋ライフプランシート」具体的な活用方法5選【リベ大公式切り抜き】	jaw_ew7oXus
The Difference Between Successful and Unsuccessful People [Philosophy of Life]: (Animation) Episo...	lw3NgG9TP_o
【再放送】【本当に儲かる？】お金に強くなりたい人におすすめのマネー系資格を解説【10選】：（アニメ動画）第122回	22XVdXPB2Fk
【価格を見すぎ】収入が増えても、お金が貯まらない究極の理由【良いお金の使い方編】：（アニメ動画）第493回	Um7AALPdhbc
【再放送】【健康こそ最高の富】お金持ちが裏でコッソリ実践している健康法【良いお金の使い方編】：（アニメ動画）第226回	992OiWCnwns
【お金のニュース】iDeCo掛金の上限額が引き上げ？節税メリットはどのくらい増えるのか【リベ大公式切り抜き】	XuR3fLdrJ2w
【押さえておけば無双！？】買い物上手は知っている「資産価値」と「リセールバリュー」【学長ラジオ】	W4SVpgIfb64
【お金のニュース】朗報！「スリムS&P500」の信託報酬が25年1月から引き下げ【リベ大公式切り抜き】	OiaQw69TkA8
[Rerun] For those who are worried about investing [Learn about money, beginner level]: (Animated ...	Hr4GT_rzIKA
[Money News] A series of "rent increase" notices... but is it true that you can refuse them? [Lib...	gf9QuHwKTGE
An explanation for beginners about iDeco and corporate DC defined contribution pensions ^^ [Learn...	mxXZokjtVyo
[The mouth is the source of trouble] Explaining the risks of disclosing or entrusting your assets...	aiWSi2B5Zf4
受け取り上手は人生お得【人生論】：（アニメ動画）第491回	usNbQ0JQxak
【再放送】【幻想です】不動産投資で「年間家賃収入」に目を奪われてはいけない理由【不動産投資編】：（アニメ動画）第302回	sE-xLPwWu6U
[Money News] PayPay Bank's deposit interest rate will reach 2% per year! However...? [Official Li...	i5t6B6-u-tQ
[Money News] Social insurance premiums are so high that they spark a flood of criticism on social...	v_RbaVBnI6U
【再放送】【見たい景色はもう見れない？】年収1,000万円の価値がどんどん下がっていく時代背景について解説【お金の勉強 初級編 】：（アニメ動画）第152回	BiT6QRm2gE8
短期間で年収を上げるために重要な３つのこと【日本の雇用環境における結論】【稼ぐ 実践編】：（アニメ動画）第490回	l_cO2x5SvsI
【資産5000万円】「自分のペースで楽しみながら」がコツ！小金持ち山へのあんな登り方こんな登り方【学長ラジオ】	Ym8s2QdnW2g
【お金のニュース】「健康資産」を失わないために、トンデモ医療には気をつけよう【リベ大公式切り抜き】	3n69y9yvFgo
【お金のニュース】税務調査がAIで強化！申告漏れを防ぐ有効な対策【リベ大公式切り抜き】	MudLiiWp2iQ
【再放送】【超お得】住宅ローンに関する「よくある質問20」にすべてお答えします【貯める編】：（アニメ動画）第181回	beUL93Pq-Ek
[Money News] A woman who lost 6 million yen to a phishing scam explains the scam method. [Officia...	c3NurWRXRhA
【お金のニュース】実質年利18%超の「ヤマダNEO BANK」キャンペーン中止。その経緯とは？【リベ大公式切り抜き】	-EX-MAo9JOA
【再放送】【不安解消！】今の日本で子育てするための「基本戦略」と「ファイナンス法8選」【お金の勉強 初級編】：（アニメ動画）第156回	fMHcD3owA6M
Taxes are too high! How should we live in a country where the more we earn, the more we are punis...	qcB253b2U-U
[Rebroadcast] [Yearly income depends on your address!] Five conditions for where to live if you w...	1pKIvTvwqMY
[Money News] Listed companies' interim financial results are booming! What should investors look ...	SFLYVxsnUhI
【貯蓄はもうヤメ！】難易度が低めな「コーストFIRE」について解説【人生論】：（アニメ動画）第488回	LaxjuIDm6cA
【お金のニュース】毒キノコ注意！日本生命が来春から変額保険を販売【リベ大公式切り抜き】	Kg8yRStwL74
[Money News] If you buy this, you can become FIRE...? A new fund for those aiming for FIRE has be...	wCQ4xyYK8Q8
【お金のニュース】三菱UFJ銀行員が貸金庫から十数億円窃盗！お金に関して本当に信頼できる人間とは？【リベ大公式切り抜き】	3a8aNMeSMG8
【再放送】【必ず使い切れ】ポイントを「絶対に貯めずに使い切るべき」5つの理由【お金の勉強】：（アニメ動画）第131回	I2Inp8ONTGI
Should I prepay my scholarship? [Money Studies Beginner's Edition] [Life Philosophy]: (Animated V...	_OjZ1uOXP1I
Ep. 118: [Stay Ahead of the Curve] November 2024: The 7 Best Money News Stories for "Savings" and...	GFqlTy6btSc
【稼ぐ力を伸ばしたい！】副業初心者のよくある悩みを学長にぶつけてみたらモチベ上がった【学長ラジオ】	OsruPIfHa6U
[Must Check] What you can do now to prevent your pension from getting lost [Official Liberal Arts...	vKVDEMI-sj0
[Rebroadcast] [Retirement Planning for People in Their 20s to 40s is a Waste] The One Reason Reti...	Ad2Tr0tl76k
【お金は気まぐれ】急にお金が増えた時に振り回されて失敗しないためのコツを紹介【リベ大公式切り抜き】	0f2iacQHDBo
【お金のニュース】新ファンド「SBI・SCHD」誕生！楽天SCHDとどう違う？特徴を解説【リベ大公式切り抜き】	JE97nhCYaqQ
[Compare by numbers] The president's opinion on the popular "Cub and" service & price comparison ...	Cq-TWN1V0fk
消費税増税で【貧乏になる人】【豊かになる人】【お金の勉強 初級編】：（アニメ動画）第486回	wYyUHEZTbsg
[Rebroadcast] [Important] 5 Points That Are Often Overlooked in Financial Planning [Beginner's Gu...	JX0KHAHIAIE
[Not taking precautions is dangerous] Explaining the basics of nursing care insurance and the nec...	VvMAtkcME28
【お金のニュース】「カード止めてと依頼しても止まらず」イオンカードで不正利用が急増中【リベ大公式切り抜き】	5ZnfhUi8ZGA
[Saying no is important!] 3 ways to say no to unnecessary sales calls to protect your precious mo...	sqUGw1Icxh8
【お金のニュース】悪質な勧誘トラブルが急増中！被害を防ぐ具体的な対策方法【リベ大公式切り抜き】	ExgfWnmzMC4
[Rebroadcast] [The Best Basic Learning Material] 5 Reasons Why You Should Study Bookkeeping and F...	kP3BPBt05mo
[Money News] Will the self-pay amount for "high-cost medical care" increase? How to prepare for t...	3mGg90f_sTU
[Rebroadcast] [Reading it will add depth to your life] 5 Manga that will have an impact on your l...	TIPNeogDEy0
[Investing in high-yield Japanese stocks] The cheapest way to diversify small amounts into an app...	5oyFd7-t5hM
【再放送】【お金の教育】大切な子どもが「お金で苦労しない」ためにできること【お金の勉強 初級編】：（アニメ動画）第58回	LpzYF35066o
【お金のニュース】社会保険「106万円の壁」撤廃で手取りが減る？押さえるべきポイント解説【リベ大公式切り抜き】	JYxtU8xRQzg
[Many Questions] Is the new stock giveaway service "Kabuand" really worth it? [Official Liber Uni...	IEWMiDO9yGc
【再放送】あなたの年収がバグらない2つの理由【稼ぐヒントも伝えます】【稼ぐ 実践編】：（アニメ動画）第173回	w49mfFRiGjE
[Applicable] What do you think about investing 10 million yen of your retirement savings in a per...	8W6HBmQdw18
【お金のニュース】フリーランスを守る法律が11月からスタート！内容を分かりやすく解説【リベ大公式切り抜き】	uraPsxENvMc
配当金＆売却益を両方GET！？おいしい高配当株の見つけ方【株式投資編】：（アニメ動画）第482回	zghleRDu_Yw
【情報過多な時代の泳ぎ方】学長に「悪い情報にダマされない方法」について聞いてみた【学長ラジオ】	yIzJrjqh4HE
【再放送】【働き方の新トレンド】「静かな退職」「アンチワーク」について解説【quiet quitting】【稼ぐ 実践編】：（アニメ動画）第336回	9nlViUHicEE
[Money News] Will the "1.03 million yen barrier" be eliminated? A review of the basics and the pr...	DdgS77NrhRk
【お金のニュース】10月から児童手当が大幅拡充！対象者や増額幅について解説【リベ大公式切り抜き】	B1j9uRxWiyg
【再放送】【老後は安泰？】エリートの年金額と「末路」について解説【お金の勉強 初級編】：（アニメ動画）第55回	Y8m-080ShXM
What to do if your stocks crash? [Stock Investment Edition]: (Animated Video) Episode 481	ffM8Een3cUM
【再放送】驚異の高利回りを叩き出す! 【ブログ・サイト売買】のメリット・デメリット【稼ぐ 実践編】：（アニメ動画）第338回	hprBeNjQkAw
[Social Security Quiz] What happens to your salary during reduced working hours? Explaining essen...	tx7F_MtosOw
第117回 【知ると役立つ】2024年10月　学長が選ぶ「お得」「トレンド」お金のニュース Best8【トレンド】	wVX6JQOhdOs
[Money News] TSE Employee Under Investigation for Suspicion of Insider Trading. Will Market Fairn...	_kwnZApwhwQ
【お金のニュース】再び人気の「毎月分配型投信」、意外と知らない重大なリスクを紹介【リベ大公式切り抜き】	mgcmHSc0N78
[Rerun] The Results of Buying Money Trees for Over 10 Years [Why Doesn't Everyone Do It?] [Princi...	_4ugY6ILhcE
【知らないと損】医療費控除を使って税金を安くする方法【不妊治療・インプラント・レーシックもOK】【お金の勉強　初級編】：（アニメ動画）第480回	js0X4VJpW3c
【お金のニュース】約850億円集めたエクシアが破産！ポンジスキームの危険性を詳しく解説【リベ大公式切り抜き】	cP71Qv1oY9U
【間違えると詰む】働き方改革で生まれた時間のGoodな使い方・Badな使い方【稼ぐ 実践編】：（アニメ動画）第479回	b1wd9NtVXws
[Rebroadcast] [If you miss this, you won't make money] Two points that talented people keep in mi...	y4doP659bAk
【お金のニュース】『独身男性は寿命が短い』って本当？「数字のトリック」に注意しよう【リベ大公式切り抜き】	J07YRtilhbE
[Money News] Why? A super-rich influencer with an annual income of 2 billion yen fails rental pro...	m6xS8WYSLRU
[Rebroadcast] What is "living within your means" in the Reiwa era? The fate of those who continue...	YNrQgNUtmIk
What is an Employee Stock Ownership Plan? The big drawbacks that are often overlooked due to ince...	TQql32EqPl8
[Rerun] Asset Management and Retirement Planning for People in Their 50s! How to Live Securely to...	RGddbMtmIuA
【お金のニュース】「IPO投資」ってどうなの？東京メトロIPOが個人投資家に大人気【リベ大公式切り抜き】	8XB9lCJHjxg
[Rerun] 5 Mistakes to Know When Choosing Your Home to Avoid Regrets [Real Estate Investment Editi...	QT_iXwxGk4Y
[For a prosperous retirement] Cases where it is better to receive pension benefits early [Liberty...	Z0ZwBCxUlvs
【超キホン！】経済的自由に必要な「5つの資産所得」の特徴を徹底解説【リベ大公式切り抜き】	weWyRh7ZpmI
【お金のニュース】石破首相、「金融所得課税」でも手のひら返し。株価への影響は？【リベ大公式切り抜き】	MoLbUseNgKs
【キャッシュレス決済の便利アイテム】「Kyash」の利用で家計管理がさらに効率的に！【ノウハウ図書館】	S8JG0VRQomU
【再放送】アフィリエイトやブログは今後も稼げる？【稼ぐ 実践編】：（アニメ動画）第272回	8FNc638Qly8
How to receive unemployment insurance for 2 years and 6 months [saving money]: (animated video) E...	odLzgSZXTs8
【再放送】原因自分論で考える【人生論】：（アニメ動画）第323回	5ftHlkdTQjc
[Don't mix them!] Three reasons why you should keep your "household" and "business" accounts sepa...	6HYnNn09PhI
【お金のニュース】貯金やりすぎ注意！石破首相、「利上げ」は見送りでインフレが続く？【リベ大公式切り抜き】	STKeyxG3gWs
【隠れた有益情報】『AI×YouTubeで月5万円稼ぐ方法』を見て学長が感じたこと【リベ大公式切り抜き】	0Ykpc1kA3kY
【副業のリスク5選】迷っているサラリーマンは要チェックの副業体験談【稼ぐ 実践編】：（アニメ動画）第476回	T4Au8MWCBBE
[Rerun] Lowering Your Fixed Costs Will Make Your Life Easier [Money Lessons for Beginners]: (Anim...	HLOp9KTK7tw
【税金地獄】年収3000万円のスーパーフリーランスが1億円貯めるのに何年かかるのか？【お金の勉強 初級編】：（アニメ動画）第475回	Axw4YAeYyaE
【再放送】【経費最高】「好き」を仕事にすると貯金が増える理由【お金の勉強 初級編】：（アニメ動画）第332回	l8W6p2jIgbE
【社会保障クイズ】老齢年金だけで生活している世帯はの割合は？平均受給額は○○円【リベ大公式切り抜き】	EkCi_GzJY-U
[Quick Explanation] 5 Reasons Why Solar Power Investment is a Bad Idea [Official Clipping from Li...	erTNFjrxL_E
第116回 【知って得する】2024年9月　学長が選ぶ「お得」「トレンド」お金のニュース Best7【トレンド】	BLXWFuF3wZA
[Money News] Will social security be reviewed? High-income seniors will become "supporters" [Offi...	bhqcwGBXBRM
[Rerun] [Real-life Case Study] "Dreams" or "Stability"? Which will make you rich? [Life Philosoph...	bqwj-eNhvQI
[Creating an environment for becoming wealthy] Get rid of unnecessary items in your home! Explain...	GBBA2VmEsyc
【再放送】起業で失敗しないためのコツ【お金の勉強 初級編】：（アニメ動画）第321回	oAcIyIXEHA4
【お金のニュース】利回り11%でもトータルで損？超高利回りファンドの実態＆注意点【リベ大公式切り抜き】	P_O7NLourkU
[For those who compare themselves to others] Should you climb the mountain of the wealthy as fast...	CWSPRlU7aG8
【再放送】【意外と知らない】資産運用とビジネス「真逆の成功法則」5選【お金の勉強 初級編】：（アニメ動画）第324回	zoil8R6duWw
The success rate of starting a business is only 6%. How to ensure success in starting a business ...	mgM0FEn0oAY
[Must-See!] 5 Reasons Why You Should Create a Business Plan to Earn ¥50,000 a Month as a Side Hus...	UK0W-lcTTlU
【すぐに家計がラクになる】即効性のある住宅ローン見直しで毎月の返済額ダウン！【ノウハウ図書館】	qLoPKJRh3GA
[Rebroadcast] [You'll have trouble if you don't know] Explaining "5 Cases Where It's Good to Buy ...	fLhl_WQrdWw
[Money News] What will happen to stock prices? The end of the US inverted yield curve creates a "...	p7ksLOAr74M
【お金のニュース】オルカンでも「7年」の含み損。インデックス投資に必要なのは○○【リベ大公式切り抜き】	RKByOa_qmzQ
[Rebroadcast] [Don't be stingy with home appliances] Top 3 recommended time-saving home appliance...	Tm1JGzZO5Oo
[Yes!] A clear explanation of the new fund "Rakuten SCHD" that aims for high dividends and stock ...	VWuVod5VzXg
【再放送】初心者向けアフィリエイト・ブログの始め方【ざっくり解説】【稼ぐ 実践編】：（アニメ動画）第286回	yTGde3pikw0
[Attracting Money and Happiness] The Difference Between Good and Bad Money Use [Good Money Use Ed...	Fe4TTWGje_A
【再放送】【改訂版】新しい「ほったらかし投資術」について解説【株式投資編】：（アニメ動画）第292回	td3uNiuPovQ
[Money News] Mr. Kono's "Everyone should file tax returns" - pros and cons! The president's thoug...	mQEURTnfkf0
【お金のニュース】米国人の株式比率が過去最高に。景気好調時に注意すべきバフェットの格言【リベ大公式切り抜き】	xAf3fztpT1g
【再放送】【年功序列が崩壊中の日本】大損するのは30代!?対策ナシでは怖い時代【お金の勉強 初級編】：（アニメ動画）第316回	J_nbIXq3lKY
How to receive 900,000 yen per year from age 65 until death with a capital of 8.6 million yen [Pe...	C0NGPunR2Rg
【お金のニュース】「金融所得課税」が自民党総裁選の争点として話題に【リベ大公式切り抜き】	EvzsScLNghA
【まだ足りない？】1億円あっても不安でセミリタイアできない3つの理由【人生論】：（アニメ動画）第471回	49asnA736xo
【再放送】【将来損します】「インデックス投資家は経済ニュースを見なくて良い」という誤解について語る【見るメリット5選】【増やす編】：（アニメ動画）第314回	bcMar18eZWs
【医療費控除だけじゃない】社会保障クイズで学ぶ「セルフメディケーション税制」【リベ大公式切り抜き】	oUcW9jC-5-U
小金持ちを目指すために「人に会おう」おすすめのタイミング5選【リベ大公式切り抜き】	zb9VOe8RmNU
[Rerun] [Did you know?] Why you can't become rich if you focus on "reproducibility" [Earning mone...	23DkgyqnF2w
[3 Patterns Introduction] Explaining "Awesome Ways" to Set Your Aim for Annual Income [Money Lear...	qdc3EZOVcSc
[Rebroadcast] [Best Value for Money] How to Set Up and Use a Virtual Office That Anyone Can Do [E...	deeagUVCL4w
第115回 【注目ニュース多数】2024年8月　学長が選ぶ「お得」「トレンド」お金のニュース Best7【トレンド】	i8j4yZFgvbQ
【再放送】【新1万円札の顔】日本の資本主義の父に学ぶ「お金稼ぎの本質」について解説【論語と算盤】【人生論】：（アニメ動画）第311回	8RbNMFgruo0
[Eternal Question] What should I do with the stocks and real estate I've been holding onto? [Answ...	Ekc7IS-wf40
【お金のニュース】億り人はもはや金持ちじゃない？米国の富裕層の基準値がヤバい【リベ大公式切り抜き】	4r9C_jJKuwY
【お金のニュース】S&P500に投資して勝率を上げるシンプルな方法【リベ大公式切り抜き】	nGJHIPAv1KI
国際分散投資って意味あるの？「有効性」と「落とし穴」について分かりやすく解説【株式投資編】：（アニメ動画）第469回	3PQf0Ub0QRU
【再放送】お金が貯まらない人の悪い「質問」5選【いくつ当てはまる？】【貯める編】：（アニメ動画）第312回	a5QZJRIWvjk
【再放送】【これが本質】時間を作る「最強の解決策」について解説【人生論】：（アニメ動画）第318回	YofCbPfjvhM
[Rebroadcast] [How to Earn 30,000 Yen a Month] A Thorough Explanation of the "Appeal" and "Pitfal...	AKJzeDeZZ3I
[What is true wealth?] Buying high-value assets will bring you closer to becoming wealthy [Offici...	EaNE8_nXaFs
[Protecting your assets] Japan is a disaster-prone country...Basic knowledge to protect your asse...	pS6dCe9_QkQ
[Strengthen your savings] The ultimate guide to household finances! "Expense Management + Life Pl...	CmVoh31ApB8
【年収アップしたい人必見】転職サイトではなく転職エージェントを使うべき理由【稼ぐ 実践編】：（アニメ動画）第468回	txpWy-2Rmt8
【お金のニュース】実質賃金、2年3ヶ月ぶりプラス転換！インフレ率を上回れる資産形成の考え方も解説【リベ大公式切り抜き】	XswTABOx47w
【勘違い多発】平均寿命と健康寿命に関する2つの罠【お金の勉強 初級編】：（アニメ動画）第467回	HP9y1fskBIs
[Rebroadcast] 5 illusions held by people whose salaries are not increasing [Break it] [Earning mo...	N7kYYv21QpM
【お金のニュース】日経平均株価暴落に学ぶ、暴落時に落ち着いて確認すべきもうひとつのこと【リベ大公式切り抜き】	qeQbaOPDFY8
[Money News] Unable to withstand the stock market decline? Funds flow out of Orkan and the S&P 50...	PIf6lmaK94U
[Rerun] "My side hustle isn't going well!" 5 salaryman mindsets that prevent you from succeeding ...	ejG9mUKUq50
FIREを実現するために「本当に大切な」たった1つのこと【書籍紹介】【人生論】：（アニメ動画）第466回	sBS4noOMsoM
【お金のニュース】史上最悪の暴落日、個人資産800億円の伝説の投資家が必死にやっていたこと【リベ大公式切り抜き】	8LxWLpu4yBA
Shady Side Hustle vs. Legitimate Side Hustle [Earning Money in Practice]: (Animated Video) Episod...	I3wKvH6MrNc
【再放送】貯金もせず、投資もせず経済的に豊かになる方法【稼ぐ 実践編】：（アニメ動画）第310回	ewhpTqLSWBM
【インデックス投資の心構え】不安定な相場で「株価暴落前に売り抜けよう」と思っている人へ【リベ大公式切り抜き】	nB2RimeycO0
【お金のニュース】日銀の利上げで株価急落！8年ぶりの下落率で大パニック？【リベ大公式切り抜き】	DcJQmWr0u5g
【再放送】【コレを磨け！】資産価値の高い「不動産」を買うために今すべきこと【マイホーム含む】【不動産投資編】：（アニメ動画）第268回	xEO1Kt5JDh8
ファイナンシャルプランナーは意味なし？FP資格が使えない7つの理由【教養としては最高の資格】【お金の勉強　初級編】：（アニメ動画）第464回	wpYS4rxpMGA
[Rebroadcast] [Pension Planning] The ultimate longevity risk countermeasure! 5 options for prepar...	XFou9G2tQEg
【2024年版】節約したい人必見！本当におすすめできる火災保険2選【お金の勉強 初級編】：（アニメ動画）第463回	ytEX9cvk6h4
第114回 【知らないと損】2024年7月　学長が選ぶ「お得」「トレンド」お金のニュース Best7【トレンド】	pT9eHGIi4FM
[No need to cut spending] Introducing "3 steps" to increase your life satisfaction while maintain...	6GNewUOZVGU
【悩んでる人多数】転職と副業はどちらから始めるべき？3つの理由を踏まえて解説【リベ大公式切り抜き】	baUGtsxurVM
【再放送】【知らないと大損】リフォームに関する知識が超重要な3つの理由【お金の勉強　初級編】：（アニメ動画）第113回	zl0sc1EgSKg
【残酷な現実】退職金をアテにした人生設計が時代遅れな理由【お金の勉強 初級編】：（アニメ動画）第462回	6jnIBKEw8x8
[Money News] Cases of losses of over 10 million yen from structured bonds. Stay away from complex...	ll-qkj5wTkg
お金がないサラリーマンでもバッチリ自己投資できる具体的な方法【稼ぐ 実践編】：（アニメ動画）第461回	kpiGHJFyNgI
【再放送】【人生のゴール】学長の言う「お金がいらない」の意味を解説します【人生論】：（アニメ動画）第267回	f_RbgJhkve0
[Improve your usage skills] Introducing "5 tips" to increase your happiness in life [Liberty Univ...	2iBeVGhPcfk
[Money News] Financial Services Agency raises concerns about "foreign currency-denominated indivi...	tchNe_7RBxM
[Rerun] [No surprise?] Top 5 common worries of the wealthy [Learn about money, beginner level]: (...	GF_i8IVJPzs
[Honest Thoughts] When do managers ask their employees to change jobs? [Principles of Life]: (Ani...	9HvEh1bZyJQ
[Money News] New apartments built to avoid inheritance tax are on the rise, but "amateurs shouldn...	ixRtjFpfzog
【夢と金】キングコング西野氏の著書について解説【書籍紹介】【稼ぐ 実践編】：（アニメ動画）第459回	10xHqRiY_Uo
[Rebroadcast] [Caution] "Three Side Effects" that Attack People Who Have Made Massive Profits fro...	RjdudqekInE
[Money News] Why? The Ministry of Land, Infrastructure, Transport and Tourism releases a "practic...	2eA3WzFju5E
[Money News] Learn about the latest real estate trends! Why you should regularly check the value ...	Tah__ZUbpKk
[Rebroadcast] Adults can make life easier by studying (reading) [Principles of Life]: (Animated V...	XQ8EiDAJKpI
[For Beginners] Five Prerequisites of Liberia University's "High Dividend Stock Investment" [Offi...	psJfC3hQXY0
【再放送】【ボスマネジメント】仕事がデキる人の上司付き合いのポイント5選【稼ぐ 実践編】：（アニメ動画）第300回	BpKSCSvS9X0
【投資の神は肯定派】「一生貯金し続ける人」が考えていること3選【お金の勉強 初級編】：（アニメ動画）第458回	kW9mhdc3pag
[Rebroadcast] [Misconception] Is it true that "rich people make more money the easy way"? 4 Costs...	KvJj-_eF-Ag
【売り時はいつ？】高配当株「売却のタイミング」5つ紹介【リベ大公式切り抜き】	TUKtLBuO2fs
[Money News] What else should you invest in besides stocks? Liberia University's basic strategy [...	LmF1q52qpC8
[Rebroadcast] [You can improve starting tomorrow] 2 reasons why company employees and civil serva...	x9YRhzoL_ag
【これが現実】「会社に残れるから大丈夫」は甘すぎる【お金の勉強 初級編】：（アニメ動画）第457回	2RySO9r-dX0
【お金のニュース】ふるさと納税、ポイント付与が禁止に？最新事情3点について解説【リベ大公式切り抜き】	klgmPhMF-x0
【車の見直し】車の選び方とリセールバリュー【お金の勉強 初級編】：（アニメ動画）第456回	Y42MXWR9-mY
[Rebroadcast] [Living a relaxed life] Three conditions for aiming for semi-retirement by investin...	7N02jVpIass
【学長流】高配当株ポートフォリオの育て方【リベ大公式切り抜き】	CMYNnBHdcmk
[Important Theme] Why do we earn money? Explaining 5 reasons why "earning power" is necessary [Of...	EYbtzrCDlOc
【再放送】【永遠にくる質問】貯蓄型保険を解約すると元本割れします。それでも解約した方が良いですか？【回答】解約しなはれ【永遠シリーズ】：（アニメ動画）第281回	M1EW9yY8OCo
【お金のニュース】「高卒人材」の需要が増加中。大学進学は小金持ちになるための必須の選択肢ではない【リベ大公式切り抜き】	b76xfzCod6g
[For Beginners] An Easy-to-Understand Explanation of the Impact of Share Buybacks on Stock Prices...	kS9BRK62onA
第113回 【知ると差がつく】2024年6月　学長が選ぶ「お得」「トレンド」お金のニュース Best7【トレンド】	g5pjlPfPbNE
[Maybe your electricity bill will go down?] How to find the "best price plan" from the many new p...	QPO45nzV4Tg
[Rebroadcast] [My Wealth Confession] A Japanese Billionaire Teaches the "Quarter Deduction Saving...	c5r5L7sY8jM
[Money News] Should I do it? 60% of new and second-time graduates want a side job [Official Liber...	BnqR3YloKaY
【お金のニュース】社会保険が適用されるパート労働者が増えるかも？給与＋副業で稼ごう！【リベ大公式切り抜き】	H-amYwRG_oI
【再放送】【七転び八起き】失敗から立ち直るための7つのポイント【モチベアップ】【人生論】：（アニメ動画）第299回	tfiIN2XeVhE
[Surprisingly difficult to make money] Differences between developed and emerging countries & pit...	otKaeN_95zs
[Money News] The turning point between a couple's financial ruin and their "how to spend their ho...	d5BM_CqlJKo
[Rebroadcast] [Love Wins] A Manager with Over 1,000 Employees Discusses the Key Points of Develop...	SveBUEnCLEg
【税金払え】FIREした人は「社会のお荷物」なのか？【勘違い】【人生論】：（アニメ動画）第453回	axIGdxb3SWw
[Money News] Inflation slowed in May... Two interest rate cuts expected in the US this year [Libe...	0zuSZnxtA2s
【お金のニュース】生保業界のビッグモーター？「FPパートナー株」連日のストップ安【リベ大公式切り抜き】	PZXfz7sL3Fs
[High Dividend Stock Investing] A Review of the Prerequisites and the President's Recommended Way...	Y2zpbU13D6M
【お金のニュース】訪問販売によるリフォーム工事トラブルが増加中！【リベ大公式切り抜き】	VX2S-VUiRQA
[Rebroadcast] [Super Basics] "Slow Words" and "Fast Words" that Attract Money: What People Who Wa...	nOC5RUB-5sc
【今すぐチェック】コスパ最強の中古車を選ぶためのポイント7選【ノウハウ図書館】	CaKHQYXV-kc
【貯金が貯まる】家計管理の大敵「特別費」の管理方法を分かりやすく解説【リベ大公式切り抜き】	PsZ5xWuHJr8
High-yield stocks are the "never-skinny" chickens that lay "golden eggs" [Money Tree] [Stock Inve...	JNTWMK096pA
[Rebroadcast] [Featured] 5 Tips for Choosing a Side Hustle to Avoid Failure [Earning Money Practi...	Swn0DQImi_k
もしも銀行が倒産したら預金はどうなるの？ペイオフ対策3選【リベ大公式切り抜き】	utWeIXNLWdI
[Straightforward Answer!] Which is more advantageous for index investing: daily or monthly saving...	rcyUXRABMPI
【よくある質問】高配当株の「定額積立投資」はアリ？インデックス投資との違いも解説【リベ大公式切り抜き】	TYKk8EPrBaA
[Rebroadcast] [A path we've taken before?] Will freelancers end up with the same fate as part-tim...	BoMvIrBuMO0
[Common Concerns] What is the best way to fill the New NISA quota? [Official Liber University Cli...	O6sHISA28PU
[Rebroadcast] [How to Train] 5 Portable Skills to Generate Money [Earn Money in Practice]: (Anima...	ah3KuKJADSg
【8つの質問】この質問に対する答えが「はい」なら転職を考えるべし！【自分を無駄にするな】【稼ぐ 実践編】：（アニメ動画）第451回	ocZ0i1as5TQ
【超優秀ツール配布】必携！高配当株ポートフォリオの管理シートを紹介【ノウハウ図書館】	9JDrrFMwwqo
[Money News] Another hack? Large amounts of DMM Bitcoin leaked [Official Liberal Arts News]	MS0N2NZtVI0
[Savings? Investments?] What should I do about the cancellation fee for savings-type insurance? [...	ny0OLCahfdo
【再放送】株式投資で絶対にしてはいけない8つの投資法【儲からない】【株式投資編】：（アニメ動画）第283回	C6BALhIBKzw
[The Illusion of Unearned Income] Stock trading and real estate rental are "hard-earned income" [...	DaiRfktygJ0
[Rebroadcast] For those who don't know their dreams or strengths [Philosophy of Life]: (Animated ...	cBxe6i1exHg
[Earn smartly] 3 reasons why earning 1 million yen from a side job will give you a much higher ta...	E5nouExN1dM
第112回 【知ると役立つ】2024年5月　学長が選ぶ「お得」「トレンド」お金のニュース Best7【トレンド】	4LH7Ca6tgPA
【お金のニュース】高齢者の定義「5歳引き上げ」でプチ炎上？【リベ大公式切り抜き】	hCUWgsXQgP4
【経済的自由に繋がる家賃】家を借りる前に正しい予算を認識しよう【リベ大公式切り抜き】	eA5jQqKxal8
【節約ノウハウ】4月～6月は残業代のもらいすぎに注意！？【リベ大公式切り抜き】	NjGwpHMWBqA
【再放送】【金融リテラシーが上がる】お金について学べる映画12選【人生論】：（アニメ動画）第288回	gLn32USrw6U
How to meet the person you want to meet [What happens after you meet] [Philosophy of life]: (Anim...	1R_UDZeoKL4
たった一度の設定でず〜っと時短！LINE便利機能5選！【ノウハウ図書館】	d0VH3H8BtQk
[Rerun] How to Decide on a New Business and Points to Note [Start Small by Copying] [Earning Mone...	vVq7jNASTio
[Rebroadcast] [Which one are you?] Three crucial differences between money-grubbers and frugal pe...	xEAlcd4nA4E
収入アップに繋がる自己投資をしよう【リベ大公式切り抜き】	kZu50XSKEco
[Money News] Explaining the surprising details of the "flat-rate tax cut" that will begin in June...	nUv1WLS8NLs
[Comparison of Smartphones and Credit Cards] Cashless payment is super convenient for paying taxe...	4x8jxnKgBN0
【お金のニュース】老後2000万円問題、インフレのせいで「老後4000万円問題」に【リベ大公式切り抜き】	2_70GVakz5s
【再放送】【これを止めればうまくいく】成功しにくい人の特徴7選【人生論】：（アニメ動画）第273回	_PnwoIOoOJs
なんのために稼ぐのかとトレードオフの考え方【お金の勉強 初級編】：（アニメ動画）第448回	IgHldOLADAE
【再放送】【心配無用】インデックス投資家が「老後破産しない」5つの理由【お金の勉強 初級編】：（アニメ動画）第217回	qBzHI79Bi7k
【お金のニュース】新卒・入社数年の若手社員の早期退職が増加中【リベ大公式切り抜き】	gst-Ry6170c
【お金のニュース】主要ネット証券5社の純利益が過去最高レベルに。理由はなに？【リベ大公式切り抜き】	5xG8uEqWjUk
[Rebroadcast] [For Beginners] An easy-to-understand explanation of the difference between mutual ...	gM1QW-qvJDY
【人生の無駄】関わってはいけないヤバい上司5選【人生論】：（アニメ動画）第447回	o6PP2guT1m4
【お金のニュース】「日本がダメなら海外で稼げばいいじゃない」高収入ワーホリの現状【リベ大公式切り抜き】	FLhs_flVvtk
【お金を牢屋へ】日本人の預金1,100兆円が残念すぎる3つの理由【良いお金の使い方】：（アニメ動画）第446回	FhZThCoWU_M
[Rerun] Leaders Who Want to Follow vs. Leaders Who Want to Keep Their Distance [Subordinates' Tru...	p26LBg-VoPo
【お金の不安が消える】コレが基本！老後資金の作り方【リベ大公式切り抜き】	wwU4ux4MnII
【お金のニュース】個人投資家の意識に変化？20代の36%が給料の2割以上を投資に【リベ大公式切り抜き】	eqT8ONwLG6A
【再放送】【世界では少数派】「お金」が増えれば増えるほど「幸せ」になる2つの理由【貯める編】：（アニメ動画）第269回	_Hw104ppXYM
失敗や嫌な過去を変える方法【人生論】：（アニメ動画）第445回	QikpCpl4T0E
【使わない手はナイ】株式はフツウの人が自身の努力で買える「特権」【リベ大公式切り抜き】	1q2gkZ7LXWM
[For Beginners] Explaining "US Treasury Bond Investment" - Low Risk and 4% to 5% Interest [Stock ...	jy-_WYRIzJ4
[Rerun] [Different from you?] Two things that wealthy people place great importance on when choos...	9Hf0j9F6YXo
【知らないと家計に大ダメージ】社会保険料は人生の「最も大きな支出」のひとつ【リベ大公式切り抜き】	XBitCkPxiFc
【お金の講義】インデックス投資の果実を得るための合言葉「暴落は友達」【リベ大公式切り抜き】	IWndG-wy5zg
No. 111 [You're missing out if you don't know] Top 7 "Great Deals" and "Trending" Money News Sele...	XfaAm02jzwA
【お金のニュース】金融所得がある人の社会保険料アップ検討へ   新NISAは政府の陰謀だった？【リベ大公式切り抜き】	ztmY1Bx9Q4g
あなたの身近にいる人生で関わってはいけない人5選【人生論】：（アニメ動画）第443回	Hw3OnT8mhac
[Rebroadcast] [5 Differences] Explaining the "Crucial Differences" Between Beginners and Intermed...	BXtEfBjsJJA
【再放送】【必見】同じ失敗を繰り返す人の特徴5選【当てはまったら要注意！】【お金の勉強 初級編】：（アニメ動画）第271回	Oioc5zv9D3w
【まずは支出の把握から】「4つの敵」の解説と年間支出を簡単に算出する方法を伝授【ノウハウ図書館】	FGH0P7zfRdM
【保険vs新NISA】今「契約したい保険」は？生保商品ベスト＆ワーストランキング【お金のニュース】	VBQwzlxMYEg
[Money News] Orkan's total net worth is increasing. Is it worth investing in both the S&P 500 and...	WYRmMx6f9hM
【再放送】【計画倒れにサヨウナラ】超・具体的に解説！「良い目標」の立て方【人生論】：（アニメ動画）第266回	ZrbWVjYoAB0
【お金のニュース】米国インフレ率が予想を上回る上昇！6月の利下げ観測は後退【リベ大公式切り抜き】	xQhA2phikFE
[For Beginners] First-time high-yield stock investment! How to get started and key points explain...	pTJI1jWcZrg
【再放送】【資産増の秘訣】お金を生みだす「2つのポートフォリオ」について解説【お金の勉強 初級編】：（アニメ動画）第234回	vGP6I5QWodQ
【金融庁が注意喚起！】レバレッジ型ETFの「よくある勘違い5選」について解説【株式投資編】：（アニメ動画）第441回	fbEKn-IsSt8
【再放送】【失敗回避法】インデックス投資の魅力と「失敗させないためのコツ」5選【株式投資編】：（アニメ動画）第239回	gxvsRqKPxCE
[Invitation to the Valley of Poverty] Stay Away from Debt and Insurance [Official Clipping from L...	-LZo6zx48w0
[Money News] Fiscal 2024 Recruitment Plan: Mid-Career Hiring Ratio Hits Record High [Official Cli...	gSGQ-3SxH5s
【再放送】【日本人だけじゃなかった！】FIREに関する世界共通の悩み7選とその対応策【人生論】：（アニメ動画）第263回	RmFnmwU9LPU
[Money News] How much will your assets decrease when the yen appreciates? [Official Liberal Arts ...	r9raGHl3kXE
【知らないと沼にハマる】頑張りが「報われる人」と「報われない人」の違い5選【人生論】：（アニメ動画）第440回	2T2biJIXx2s
[Verifying the pros and cons] Is it necessary to sign up for free insurance? [Official Liberal Ar...	4x5TV7WZIR4
チャレンジして失敗したらどうすれば良いか？【人生論】：（アニメ動画）第439回	EzLaA8C-X7g
【再放送】【会社からの緊急脱出】年収100万円未満でも心豊かに暮らす方法【人生論】：（アニメ動画）第255回	SoNHX55AeNM
【お金のニュース】日本の年金制度の罠「働きすぎると年金が減る」【リベ大公式切り抜き】	aBzRmva2ZRg
[Money News] In an era where "money seminars" are held on the first day of employment [Official L...	Yve0V45LQ8w
【再放送】【超・初心者向け】「稼ぐ力」を高めるための10カ条について解説【稼ぐ　実践編】：（アニメ動画）第186回	cG823mEB2n4
【ズルすぎ？】月3万円の配当金で出来るこれだけのこと【株式投資編】：（アニメ動画）第438回	uOXjjf7SQk0
【再放送】【薬が毒に？】複利の凄さを表す「面白エピソード」と、複利が壊す「生きるセンス」3つについて解説【お金の勉強 初級編】：（アニメ動画）第218回	iBBdAeznWMw
[They're actually right next to you] Beware of people who are desperate to get you into debt [Off...	1lunk7ZBBXY
年収1000万円でも確実に貧乏になる方法【お金の勉強 初級編】：（アニメ動画）第437回	PS7VQRzu3uE
【再放送】学校では教えてくれない「裕福さ」を測る3つのモノサシ【お金の勉強 初級編】：（アニメ動画）第71回	ZOXiEKrFFdo
[Money Lecture] The secret to climbing the mountain of small wealth: "Don't get into debt" [Offic...	Y1DIy5thEYY
[Iron Shackles] Will the lifting of negative interest rates make mortgages more difficult? [Offic...	fUCnxwf0nTw
No. 110 [Knowing Makes a Difference] March 2024: President's Choice: Top 8 "Best Deals" and "Tren...	uRZELFOLJmo
お金持ちへの道!確定申告を制するものは蓄財レースを制す【お金の勉強 初級編】：（アニメ動画）第436回	NX76cs9HLFI
【お金のニュース】iDeCo加入年齢の上限、70歳未満に引き上げ【リベ大公式切り抜き】	rFJBmjBMQoA
【再放送】【偏見のオンパレード！】経済的成功を邪魔する「思い込み」について解説【お金の勉強 初級編】：（アニメ動画）第261回	OL71OuQjfk0
What would your life be like if you earned more than 1 million yen a month? [The Case of a Univer...	LTMeFqcQhVg
[Rebroadcast] [This is the essence] 9 secret questions to start saving money starting tomorrow [S...	dyU4YFC7454
[Money News] End of Bank of Japan's "Negative Interest Rate Policy" and First Interest Rate Hike ...	frZT8FNlQYE
[Money News] Historically high wage increases! Is Japan finally breaking away from the "lost 30 y...	RyymReKN1S4
[Rebroadcast] [Must Watch] 5 Crucial Differences Between People with an Abundance Mindset and Peo...	QYKB9WfyyBY
【お金のニュース】住宅ペアローンが死亡時返済ゼロに！成功するマイホーム投資の条件は◯◯です【リベ大公式切り抜き】	Nc53TpFDlyo
[What to do when stock prices rise] Explaining index fund "profit taking" and "stop accumulation"...	38cPESkTU34
[Household finances hole] If you get stuck in the subscription swamp, you'll never save money [Li...	EYPfpe1if6U
"The History of Market Crashes" and How to Deal with Them - Animated Videos for Beginners in Stoc...	_TUkbyo0nYU
【再放送】ワークライフバランスにこだわる人がお金持ちになれない3つの理由【お金の勉強 初級編】：（アニメ動画）第236回	-q_aidmnAGA
【お金のニュース】残酷な現実   史上初の日経平均4万円超えも、株高は庶民に恩恵ナシ？【リベ大公式切り抜き】	vN0DVtbZ0UQ
[Rerun] [Is Money Really the Strongest?] Explaining the 9 Benefits of Spending Money [How to Use ...	2Ta7rsbMkSg
【お金のニュース】投資信託のクレカ積立上限額「月10万円」に引き上げ【リベ大公式切り抜き】	0-KwwvV1zjo
「強い家計のメンテナンス法4選」について解説【お金の勉強 初級編】：（アニメ動画）第432回	L7w1TALeTQg
[Rerun] [Debt] The only reason why a mortgage is acceptable among all the other debts [Money Stud...	5L4mZIm94e0
投資経験の浅い人が長期投資を継続できないたった１つの理由【株式投資編】：（アニメ動画）第431回	JNimt1j0_3Q
【お金のニュース】買ってはいけない？新NISAの人気買付ランキング【リベ大公式切り抜き】	gAaH_eJyU8g
【再放送】【S&P500最高値更新】今こそ聞くべき戒めのお話「七匹の太った牛と七匹の痩せた牛」【お金の勉強 初級編】：（アニメ動画）第77回	HzrLdGUGEdA
[Don't do this] Tips for "suffering" with a side job [Official clipping from Liberal Arts Univers...	swx9jG8KbkU
【お金のニュース】小学生が記念メダル詐欺？被害額93万円【リベ大公式切り抜き】	HXYS0olRK3c
[Rebroadcast] [I want to be taught in compulsory education] Common to all humanity! Explanation o...	apA_uwfnwhE
【営業マンは教えてくれない】がん保険に加入する前に知っておきたい5つのこと【お金の勉強 初級編】：（アニメ動画）第430回	E-Ivat6oZrA
[Rebroadcast] [For Beginners] Start here! Get a complete understanding of your assets and liabili...	Xg-l-jLnxE0
[Surprisingly unknown] Social Security Quiz: "Leaving work to care for a family member" [Libere U...	Dp6Sd3Z1NUw
[It will make you money] 5 benefits of maintaining and strengthening your "health assets" [Philos...	7HlaYHQI2L0
【再放送】【意外と知らない】人間が貯金する理由8選【貯める編】：（アニメ動画）第251回	uLl6RbqatzY
【米国がオワコン化？】インデックス投資は暴落を全力で受け止める投資法【リベ大公式切り抜き】	PMjyQ_7MA3E
[Medium-term financial preparation] How should you prepare for the education expenses you will ne...	c9rGOFizjnA
[Rebroadcast] How to think about the hourly rate to become rich [Philosophy of life]: (Animated v...	kYmBLTiCUmo
Will a 300,000 yen annual dividend change your life? The world 30 years from now with dividend gr...	wUsyutRHoys
【99％は毒キノコ？】広告を打ってる金融商品への投資はおすすめしません【リベ大公式切り抜き】	T6fYW_7ytfA
【再放送】【初心者向け】高配当株の「分析ツール」の使い方をカンタン解説【株式投資編】：（アニメ動画）第130回	Puu4fIqr8d8
Which is more economical: renting or owning a home? [Money Lessons for Beginners]: (Animated Vide...	9FuS7lk1F2Y
第109回 【知って得する】学長が選ぶ「お得」「トレンド」お金のニュースBest7【トレンド】	45ToTylNWc8
【お金のニュース】34年ぶり！日経平均株価がバブル時の最高値を更新【リベ大公式切り抜き】	mK292mxjJ_w
[Money News] "I'm worried about my retirement, so I plan to work even after I turn 70" is on the ...	Fk8mrIdUQzM
【意外と知らない】ナゼ株主や社長が一番儲かるのか？「最大の理由」を解説【お金の勉強 初級編】：（アニメ動画）第426回	D3Y8msb8f_w
【再放送】今すぐ辞めるべきブラック企業の特徴3つ【人生論】：（アニメ動画）第227回	sFUxOB6MWpA
Which is better to invest in: high-dividend stocks or growth stocks? [Money Learning: Stock Inves...	UVg8tcLMp2Q
【お金のニュース】オルカンの投資対象に変化「バブル崩壊中の中国株減少&インド株は増加」【リベ大公式切り抜き】	Lvt1rcUJ_sA
【再放送】【知らないと損】「5つの年齢」との付き合い方について解説【人生論】：（アニメ動画）第244回	GKESuW3ODEQ
【お金のニュース】労働者の夢は実現するのか？メキシコ大統領が「年金を現役時並み給付」【リベ大公式切り抜き】	et4r2Iu9jbc
[Relieve your worries with a proper understanding] When to save and when to spend money in life [...	ICuldKu2ZPc
[Rerun] [Are you being tricked?] The pitfalls of homeowners' belief that "it's more profitable th...	AhI_YFVcRHk
People who are paralyzed by anxiety vs. people who control their anxiety [Life Philosophy]: (Anim...	SHquRPrO0Pg
【お金のニュース】2026年度から「子育て支援金」の徴収がスタート【リベ大公式切り抜き】	r8XhfHs_qN0
【再放送】【一番大切なものはどれ？】お金・スキル・道徳・愛 なにか一つ足りない社長の話【人生論】：（アニメ動画）第231回	OwL2qZqK6Eo
【あなたもしてる!?】転職活動で明らかになる勘違い11選【稼ぐ 実践編】：（アニメ動画）第423回	4DiPuMDEjII
【再放送】【凹みやすい人でも大丈夫】インデックス投資や高配当株投資が「繊細さん」向けな3つの理由【株式投資編】：（アニメ動画）第142回	kTIrxxvAhVQ
【資産形成の鉄則】あなたは本当の意味で「収入の範囲内」で暮らせていますか？【リベ大公式切り抜き】	WP7k-a66bqM
[Index Investing] Remember, "Someone's Black Monday is someone else's Black Friday" [Liberty Univ...	hDrZ6HYS7-A
[Rebroadcast] [A Negative Example] Explaining the 5 Commonalities Between "People with Little Sav...	o51MOnOA84g
【お金のニュース】順調です！日本の公的年金の運用、過去最高収益を更新【リベ大公式切り抜き】	q_OUV3d4gEE
もうだまされない！個人年金保険の節税効果を考慮した「正しい保険の見極め方」【お金の勉強 初級編】：（アニメ動画）第422回	aZoAawKlVl4
【再放送】【人生を変えられない】情報収集がヘタクソな人の「残念な勘違い5選」【ゼロから学ぶITスキル】：（アニメ動画）第174回	nPo5-SCOnAA
[For Beginners] Explaining the "Contents" and "Strengthening Methods" of the Global Equity Fund O...	yD7ccEO9X24
[Rerun] [Is a 1 million yen monthly income a sign of decline?] 5 common financial mistakes made b...	lT-phDMAh7A
【お金のニュース】あおぞら銀行が大減配！高配当株投資はやっぱり危険なのか？【リベ大公式切り抜き】	vA1ft4348U0
[Which is more advantageous?] Explaining the tax differences between NISA and iDeCo and which one...	KGZGhm5kGiw
[Money News] Should you invest? The new European high-yield stock fund "SBI European High Dividen...	4bwVpd4XXcY
[For some reason, everyone is doing it] 6 techniques that will definitely make you fail the inter...	tpiu9glEGWo
[Rebroadcast] [It's obvious to those who can make money] The "one difference" that separates thos...	4_yJwvUGtlU
生活防衛資金はいくら貯めれば良いか？【お金の勉強 初級編】：（アニメ動画）第419回	iQ6wGnz9Iy8
[Rebroadcast] [Two Pitfalls] I tried answering the question "How much money do I need to become i...	L9zmCGprYho
【お金のニュース】20数年に1度の方向転換。いよいよ日本に「金利のある世界」が戻ってくるかも【リベ大公式切り抜き】	MLvd6cPb0bk
Buy high-quality J-REIT stocks [Official Liberal Arts Clippings]	Zff3AKpNujA
第108回 【貯金が増える】学長が選ぶ「お得」「トレンド」お金のニュースBest7【トレンド】	WvJRMy-6cp8
[Rebroadcast] [To avoid being left with nothing] 6 strategies to avoid failure in self-investment...	hcZe-osssjc
[Money News] Japanese stocks are becoming more popular. Attention is focused on the move of overs...	dEmYV3YLfbc
[Beginners Must-See] Is it a bad idea to start index investing in 2024? [Stock Investment Edition...	ncM-KetNHNM
Mastering Touch Typing [Learn IT Skills from Scratch]: (Animated Video) Episode 417	zMmHUZw1HfU
[Rebroadcast] [Taught by a Millionaire] The Difference Between Those Who Succeed Even When They G...	LqJCDmhoPTo
【お金のニュース】S&P500、史上最高値更新【リベ大公式切り抜き】	L0QTasR0S5E
小金持ちになりたい！と願っている人必見「よい暮らしの定義」【リベ大公式切り抜き】	Nv11Nj2hrOs
【お金のニュース】高配当株に投資するなら知っておきたい「GDP」と「EPS」の相関関係【リベ大公式切り抜き】	-yBa93DTjgo
【再放送】【合法】家賃は自分で払うな！家賃負担を30％カットする最強の方法【稼ぐ 実践編】：（アニメ動画）第52回	ik4FcsW9OWg
How to tell the difference between trustworthy people and liars [Life Philosophy]: (Animated Vide...	nSSVWBbYPSk
【再放送】【ゼロで死ね】死ぬときに「資産をゼロ」にするのは正しいか？【お金の勉強 初級編】：（アニメ動画）第207回	1HUAq8WYk5M
【働き方改革】変われない会社で働き続けるってどうなの？【稼ぐ 実践編】：（アニメ動画）第415回	Sg-Qrbk5E-Y
【再放送】波乱万丈を乗り越えた経営者が教える！自己肯定感をアップさせる4つの方法【人生論】：（アニメ動画）第206回	iV2YaNyg0fs
「悪いこと」に備えていると「良いこと」ばかりが訪れる【リベ大公式切り抜き】	ZcPok9-8lHs
[Money News] The proportion of defined contribution pensions and investment trusts exceeds 50% fo...	mmnyiM2LaVM
【再放送】【人生が変わる】20代の間に身につけておきたいスキル7選【人生論】：（アニメ動画）第196回	eQfJP0kU0G0
[Money News] Bitcoin ETF launched in the US. What is the appropriate distance? [Liberal Universit...	nVo_zVgm89I
リスクを取らずに経済的自由になる方法はあるか？【お金の勉強 初級編】：（アニメ動画）第414回	GnmCEIQJhXA
【再放送】【超おすすめ】印税20億円の作家が語る「お金の減らし方」【書籍紹介】【良いお金の使い方編】：（アニメ動画）第63回	qUcLsmyBwtk
[For Beginners] 3 Points to Avoid Getting Rid of Investment Trusts [Stock Investment Edition]: (A...	Y44MviBigps
Shocking fact: People become stupid when they have no money [Official Liberal Arts Clipping]	uctQKhWbTNE
[Rebroadcast] [The President Teaches] 10 Conditions for Successful Independence [Philosophy of Li...	_UZ418v4IDo
新NISA  オルカン投資で勝てる人と勝てない人の違い。誘惑に負けるな【リベ大公式切り抜き】	LAqU-6VFptg
通貨は死んでいく運命にある。未来のためにわたしたちがやるべきこと【リベ大公式切り抜き】	ZTATZfU3Qj4
【再放送】【説明の極意】あなたの説明を聞いてもらえない理由【お金の勉強 初級編】：（アニメ動画）第200回	Hgp5Ej2KiO8
How to Change Others [You can't change others, but you can sow the seeds of awareness] [Philosoph...	lkfenV5qaOY
[Rebroadcast] [Fatal Trap] 3 Reasons Why a 10 Million Yen Annual Income Doesn't Increase Your Hap...	3wIfU9oyXAw
[Money News] Famous companies are announcing wage increases one after another! [Official clip fro...	enjmtzK1x-k
[Average Income is 5.46 million yen] Why it's not "bad" if your income is below this amount [Begi...	94q8H1tyJyo
【再放送】【真実】効率の良い稼ぎ方を求める人が絶対に成功しない理由【人生論】：（アニメ動画）第184回	1TCfszEBI58
【お金のニュース】7月から紙幣3種類が新しくなるよ！でも...顔を見ずにキャッシュレス決済を使おう【リベ大公式切り抜き】	kXkUwW3sNUs
【リベ大公式切り抜き】節約ばっかりで楽しくない！というあなたへ伝えたい「正しいお金の使い方」	5PZFX0lPhno
No. 259 [Year Summary] A summary of investment topics for December 2023 that will be useful for s...	qwc-aoStV6M
第107回【2023年分最後のお得な話】学長が選ぶ「お得」「トレンド」お金のニュースBest8【トレンド】	2IV8VaIvfgQ
ネット検索力がないとあなたは生涯損をする【検索力の鍛え方】【ゼロから学ぶITスキル】：（アニメ動画）第410回	2P686J90syE
【再放送】【ハマりがち】成功を遠ざける「時給思考」の5つの罠【稼ぐ 実践編】：（アニメ動画）第185回	bAuoThfJIEQ
To students, studying will increase your options in life [Philosophy of Life]: (Animated Video) E...	2gNCJbMroGU
[Rebroadcast] [Surprisingly common] 5 characteristics of people who "ignore" the good fortune tha...	E043LSHUJqQ
【歴史が変わる】新NISAのココがスゴイ5選【株式投資編】：（アニメ動画）第408回	V-Yf9DEZW6Y
【再放送】【誤解してたら致命的】相続対策に関して「よくある3つの誤解」を解説【お金の勉強 初級編 】：（アニメ動画）第171回	UN7YSQqPiZY
ネットワークビジネスMLMをおすすめしない理由【人生論】：（アニメ動画）第407回	BUqu7gLEdGg
[Rebroadcast] [Increasing] What is the "Sparrow with a Golden Crown" that you should never become...	cL1Y6PHHyqw
[Rebroadcast] [Money Mistakes] 5 Things People Who Handle Money Well Never Do [Money Studies Begi...	TIQtz7Vu2Ks
【残酷な現実】お金持ちがますますお金持ちになる理由5選【格差は広がる】【お金の勉強 初級】：（アニメ動画）第406回	sR2W9JM6IUI
[Rerun] [From Dreams to Despair] "Restaurant Management" is More Dangerous than a Deathmatch [Boo...	tF9sLMUt60E
起業して失敗したらどうなる？【借金なんて抱えない】【稼ぐ 実践編】：（アニメ動画）第405回	qZStBgbNFcI
【再放送】【5つの批判】FIRE批判に対して思うことをつらつらと述べます【人生論】：（アニメ動画）第164回	QaQ_z-9IBhw
[Rebroadcast] [Living on Asset Income] 3 Secrets to Successfully Using the 4% Rule [Stock Investm...	id42vrEnNlQ
【さらば億り人】あなたをお金から遠ざける「悪しきお金のマインド3選」について解説します【お金の勉強 初級編】：（アニメ動画）第404回	F0SweUTBYvM
【再放送】【インデックス出口戦略】貯めた資産を最高効率で活用する「4％ルール」について解説【株式投資編】：（アニメ動画）第91回	8x0lKXwXVl0
人生の羅針盤(価値観マップ)を作ろう！作り方解説【人生論】：（アニメ動画）第403回	ECaWPK9fZkI
【再放送】【攻略法を伝授】副業で月5万円稼ぐための9つのポイント【稼ぐ 実践編】：（アニメ動画）第153回	Ow3t-e-TVeo
第258回 【家計は厳しいのに   】株式投資に役立つ2023年11月の投資トピック総まとめ【インデックス・高配当】【株式投資編】	-50XWu5_bbc
少額からの資産運用は意味がないのか？意味ない派・意味ある派の3つの主張【株式投資編】：（アニメ動画）第402回	gQzhEnsgnUk
[Rebroadcast] [How to think about household finances] Explaining "3 things you absolutely must un...	W4KTv2nPhgo
【永遠にくる質問】副業したいけど副業禁止です。どうすれば良いですか？【回答】ビビらずうまいことやれ【永遠シリーズ】：（アニメ動画）第401回	awYtaJqvU54
No. 106 [Knowing makes a difference] Top 8 "Great Deals" and "Trending" Money News Selected by th...	sBYRVPMC6C8
[Rebroadcast] [TOP 5] Why is it so difficult to achieve the ideal marriage? Explaining the sad si...	tYIFQrqMEgc
[This is the conclusion] Explaining the most profitable "safe assets" right now [Money Learning B...	gDkrQTTX20s
【再放送】【有料級】独立のための完璧な「家計ノウハウ」を解説【会社辞めたい人必見】【稼ぐ 実践編】：（アニメ動画）第73回	XcM7BNLMkv4
How to get more work for freelancers [Earning money practical edition]: (Animated video) Episode 399	iKXUKA2C9Kk
【再放送】学長の人生に影響を与えた言葉13選【人生論】：（アニメ動画）第146回	Qp1JwURMQMg
【再放送】【軽視しがち】「信頼口座」の残高を増やすアクション5選【人生論】：（アニメ動画）第157回	ghzAiHmGf2Q
[The man who changed America] Learn from Naval! How to acquire wealth without relying on luck [5 ...	FBEpCcgIFOM
【再放送】【5つのアドバイス】時間をかけてお金持ちになることに耐えられない人に、全力で伝えたいこと【人生論】：（アニメ動画）第149回	ZR0qa4YIpms
【違いは何？】インデックス投資と投資詐欺・ぼったくり商品は特徴がソックリ？【株式投資編】：（アニメ動画）第397回	DJ3Ji_Ec_mo
[Rebroadcast] [Must-see for those who are not connected with money] Explanation of the "Savanna T...	Tpsa9CJ6e-A
【再放送】【なぜそうなる】お金持ちの「非常識な行動」7選と、「お金を呼ぶ非常識」3選について解説【人生論】：（アニメ動画）第150回	x-VOVY4eMjk
【3割引で購入可能】家電を安く買うコツ5選【貯める編】：（アニメ動画）第396回	JzmNU7ZMdHw
【再放送】学長が父から教わった子供の教育方法3選【人生論】：（アニメ動画）第114回	MYc3_voXLNY
[Introduced by genre] 4 recommended term insurance plans with good cost performance [carefully se...	Vp_J69yccXo
【再放送】【違い3選】「目標を立ててゴールできる人」と「挫折する人」の決定的な違いについて解説【人生論】：（アニメ動画）第147回	sAOm-OiSfqg
【再放送】【誰でもできる！】目指せ+3万円！「貯まる家計簿」カスタマイズを紹介【貯める編】：（アニメ動画）第132回	EL5J5GJDaUk
【超初心者向け】ゴールドの基本と「3つの使い道」について解説【お金の勉強 初級編】：（アニメ動画）第394回	5vptKi1HB2k
第257回 【警戒度を高めよ】株式投資に役立つ2023年10月の投資トピック総まとめ【インデックス・高配当】【株式投資編】	TQPIhXv8A8o
Which should you prioritize: a job that earns you money or a job you want to do? [Depending on yo...	-QnKHAGdU4I
【再放送】【精神科医に学べ】「3つの幸せ」と「幸福になりにくいお金の付き合い方」5選【お金の勉強】：（アニメ動画）第145回	FdU9PUm47-A
【再放送】【効果アリ】小金持ちを目指す人のための「ニュース・ダイエット」について解説【人生論】：（アニメ動画）第137回	8UwQgGNWsRo
お金持ちに学ぶ運気を上げる方法【人生論】：（アニメ動画）第392回	dLiMEGFVW3s
[Rebroadcast] [People Who Don't Lose Know] 3 Strengths of Individual Investors [Stock Investment ...	hdPpKGAc1FY
第105回 【知らないと損する】学長が選ぶ「お得」「トレンド」お金のニュースBest9【トレンド】	f8T5jjUB_Y0
[Learning from Rich Dad] Explaining the "7 Levels" of Investors [Learn Money Beginner's Edition]:...	NP4_K65gGt0
【再放送】【言ってはいけない】お金持ちになりたい人が絶対に言ったらダメなフレーズTOP3【お金の勉強　初級編】：（アニメ動画）第112回	_5zd8FOjVkA
[You're doing it without even realizing it] 7 ways to ask questions that will cost you in life [P...	r-Z2LNhD2Dc
【再放送】【2択問題】あなたが「賢いキツネ」か「愚かなキツネ」かが分かる、タルムードの小話【お金の勉強 初級編】：（アニメ動画）第102回	x49y5npGALI
【貯金額の平均はいくら？】日本国民の「2022年のお金事情」を振り返る！【貯める編】：（アニメ動画）第389回	FcaTKVs-ca8
[Rebroadcast] [Enjoyable even for children] A must-listen short story for anyone who wants to bec...	xTrzEWMd52I
[Rebroadcast] [7 Decision Criteria] Is it better to buy or rent a house or car? Explaining the "d...	Y04VzJTFHpg
5 Side Jobs the President Doesn't Recommend [Earning Money Practical Edition]: (Animated Video) E...	hQWyEacqfyU
【再放送】【違い3選】ミニマリズムで「貧乏になる人」と「金持ちになる人」の決定的な違いとは？【人生論】：（アニメ動画）第127回	j-FtG-Q6KlA
【究極のほったらかし】「ターゲットイヤー型ファンド」について解説【株式投資編】：（アニメ動画）第387回	8Sd6E4a_Yq4
【再放送】【人生を無駄にしないために】学長が「絶対にやらない」と決めている25のことを公開します【人生論】：（アニメ動画）第133回	Pz_1Cp18_is
【再放送】【インターネットの基本】知らないと恥ずかしい7つの用語について解説【ゼロから学ぶITスキル】：（アニメ動画）第84回	v0sR9oOF0hM
[For Beginners] Is a Foreign Currency MMF with an Annual Interest Rate of 4.8% Good? Explaining t...	24mU7p_YxnE
[Rebroadcast] [3 Features] A simple explanation of how to distinguish between good and bad luxury...	4WisCvO4v8o
【取り扱い注意！】夫婦でペアローンのメリット＆デメリット5選【住宅ローン】【不動産投資編】：（アニメ動画）第385回	NrAPLOHpZTM
[Rerun] [This is a bit vague] 3 reasons why switching to high-yield stocks after increasing your ...	MDsb5YarmcE
What makes life happy? The importance of having multiple communities [Philosophy of Life]: (Anima...	Ivnd2mRaHkk
【再放送】【いつか泣く】リスク許容度を無視して投資する人の末路【株式投資編】（アニメ動画）：第27回	nnND6UwuxdQ
第256回 【世界的に株安の気配？】株式投資に役立つ2023年9月の投資トピック総まとめ【インデックス・高配当】【株式投資編】	3dnyFCYz2DU
【知らないとヤバい】新NISAで「アクティブファンド」を買うべきではない3つの理由【株式投資編】：（アニメ動画）第383回	mdNilXAt4nc
【再放送】【金持ちだけが重視】財産リストにのらない「目に見えない3つの資産」について解説【稼ぐ 実践編】：（アニメ動画）第109回	XqZKPjFXlYQ
第104回 【超重要】学長が選ぶ「お得」「トレンド」お金のニュースBest8【トレンド】	GgnTwMKBaog
How to Win at Investing for Beginners: Avoiding Ponzi Schemes [Beginner's Guide to Money]: (Anima...	DeaMhucwP4I
[Rebroadcast] [Must-See] The Ultimate Way to Solve All the Worries of an Office Worker in One Go ...	xn7u-2HBupM
正義について【人生論】：（アニメ動画）第381回	bGW0ouNCSXY
[Rebroadcast] [An old story even a child can understand] 5 ways of thinking and recommended actio...	OC9uHzawPOo
[Rebroadcast] [Super Important] What's More Important Than Increasing Your Income or Investing [P...	ZD5qSj3YroQ
「株は怖い！でも気になる！」という人がボッタクられる3つの理由【株式投資編】：（アニメ動画）第380回	nrpZk54Cncg
[Rerun] The Right Distance from Asset Management to Become a Happy Small Rich Person [Stock Inves...	0nXTEYiY0wY
【99％の人が知らない】会社の評価がおかしいのか、自分がおかしいのかを判定する方法【稼ぐ 実践編】：（アニメ動画）第379回	S2avJw5VR94
[Rebroadcast] [President's Secret Series] 5 Tips to Increase Persistence [Philosophy of Life]: (A...	Sc3Q7_Si21k
【再放送】幸せなお金持ちになりたいなら知っておくべき「腐るお金」と「旬なお金」の話【良いお金の使い方編】：（アニメ動画）第107回	6R7i8Lxco68
【金融資産に価値無し？】「真の富」と「富を失わずに活かす方法」を解説【お金の勉強 初級編】：（アニメ動画）第378回	iS5RnSqv9XM
[Rebroadcast] [Good News] Why anyone can become "moderately wealthy" even if they can't become su...	PHFWep17tfA
【ダメ出し7選】国が「注意喚起」している投資商品を分かりやすく紹介します【守る編】：（アニメ動画）第377回	ODZHf_NBXOk
[Rebroadcast] [Conclusion: Anyone is suited to starting a business] An entrepreneur who has shut ...	7JwuXEyYBvo
[Rebroadcast] [Teaching to Junior High School Students] What is Human Capital? Why Parents Recomm...	iXcevtek8Ek
Improving your questioning skills will benefit you in life [Philosophy of Life]: (Animated Video)...	UnDs2pO9MEI
【再放送】お金を使わずに生きる人たち【お金の勉強 初級編】：（アニメ動画）第72回	HVgx8U9A2bM
第255回 【止まらない円安】株式投資に役立つ2023年8月の投資トピック総まとめ【インデックス・高配当】【株式投資編】	OSb8_o7l1HQ
【これで解決】夫嫁ブロック突破「絶対にやってはいけないこと」「やるべきこと」を分かりやすく解説【お金の勉強 初級編】：（アニメ動画）第375回	zqzZdFGNoC8
【再放送】【禁止している宗教あり】金利のパワーについて詳しく解説【お金の勉強　初級編】：（アニメ動画）第20回	K69Z3Bc8_Rs
第103回 【お金が増える】学長が選ぶ「お得」「トレンド」お金のニュースBest8【トレンド】	YgAstWLeneg
Two Important Things to Know to Increase Your Money Through Investments [Beginner's Guide to Mone...	PUEjfFTETw4
[Rebroadcast] [Too bad] 5 bad ways of thinking of people who can't delegate work [Philosophy of l...	M2otEt6AWO8
学長はどこから情報を仕入れているのか？【稼ぐ 実践編】：（アニメ動画）第373回	h2u4sOw_3II
学長が学生時代に稼いだ方法【稼ぐ 実践編】：（アニメ動画）第372回	XKoLi70dq_4
#41 [7 Changes] Explaining the "Disastrous State of the Rakuten Economy" Over the Past Year [Savi...	1_djSiC1nx4
【再放送】【重要】資産が少ないうちは「集中投資で増やせ！」は正しいか？【株式投資編】：（アニメ動画）第93回	HJsQSZ0ZQG0
【AIが選定⁉】新NISAでも買えるイーマクシスネオについて解説【eMAXIS Neo】【株式投資編】：（アニメ動画）第371回	k_xWMP7RovQ
第158回 【お知らせ】YouTubeの「更新頻度の変更」と「3つの理由」について【人生論】	m3YEWZ3iEZ4
【情強はこれを買う】ネット証券の「買付手数料無料」ファンドを徹底解説【株式投資編】：（アニメ動画）第370回	h27czJI4r4I
第314回 【超基本】人生の明暗を分ける「5つのお金のIQ」について解説【金持ち父さん貧乏父さん】【お金の勉強 初級編】	0noZw0uNk3s
[Rebroadcast] [Turn unwanted items into cash] 7 tips for selling your belongings at a high price ...	OVug9NSVt6A
年利3.68％保証の「貯蓄型保険」は良いもの？悪いもの？【米国利上げ影響】【貯める編】：（アニメ動画）第369回	MpeSMxNrreQ
No. 313 [Hard to hear] Are they actually the same? 5 commonalities between asset building and die...	qPqzV-DW_2g
【超キホン】親の預金口座が凍結されて「生活費・介護費が引き出せない！」に備えてできること5選【守る編】：（アニメ動画）第368回	qbUDQWJ1sx4
No. 312 [Realize it early] One reason why you don't feel comfortable in your household finances n...	RaiXdnOrjKQ
[Rebroadcast] "5 Tips for Saving Money" to Save 10 Million Yen by the Age of 30 [Beginner's Guide...	OLboS-VyMQw
【稼ぎ方の本質】米億万長者の「11の金言」について解説【学長流解説】【稼ぐ 実践編】：（アニメ動画）第367回	kEgUjod9H0o
第254回 【サプライズあり】株式投資に役立つ2023年7月の投資トピック総まとめ【インデックス・高配当】【株式投資編】	qNJBLrrIG6E
[Once a month is enough] Explanation of "KPI meetings" to prevent unhappy investors and small-tim...	pelITHsN-lc
第102回 【知って得する】学長が選ぶ「お得」「トレンド」お金のニュースBest8【トレンド】	piYoCegpw94
[Rerun] Three Skills Anyone Interested in a Side Hustle Must Acquire [Earning Money in Practice]:...	ua2x9Z7HwEs
Can you become rich with average investments even with an average annual income and household exp...	KGtN1hRrPuU
第134回 【お金持ちを目指す人へ】お金持ちを目指す投資家が「一番聞きたくないアドバイスNo1」について解説【稼ぐ 実践編】	hoklKxG2jgg
Why your asset management isn't going well [Because you don't have a core] [Learn about money: St...	9rtjwEOf0v4
No. 253 [What to do when stock prices rise] Explaining index fund "profit taking" and "stop accum...	IwSEczMSFCw
[Rebroadcast] [True Story] Rich Brother, Poor Brother [Life Philosophy]: (Animated Video) Episode 3	Jm46lCq8_WY
[This is the only thing I don't like] Explaining the only complaint about the Tsumitate NISA "S&P...	4r5DVphC3VI
第5回 【永遠のテーマ】今日よりも貧乏にならないための2つのポイント【守る編】	IGZkkAKhLig
【副業反対派も必見】副業で月5万円稼げることのメリット5選【政府が後押し】【お金の勉強 初級編】：（アニメ動画）第362回	RkNIGqNI9tI
第252回 【月3万円の配当金を目指して】「高配当株投資」の最新トレンドについて解説【株式投資編】	2Nw_gAeYiQ0
【再放送】【秘密道具】タイムバケットって何？3つのメリットと作り方を解説【人生論】：（アニメ動画）第98回	mAtehQ95cW0
何かを始める時の不安との向き合い方、稼ぐマインドとは？【人生論】：（アニメ動画）第361回	Y6rMFKMczfY
No. 251 [For Beginners] Explaining "US Treasury Bond Investment" - Low Risk and 3.5% to 5% Intere...	rJIm5FtBs3A
あなたに最適な投資手法の見つけ方 分散投資と集中投資どちらの投資法が良いか？【お金の勉強　株式投資編】：（アニメ動画）第360回	7hgfOxzebzo
第20回 【ガチで厳選】学長が最近食べて美味しかったもの24連発【お中元にも最適】【良いお金の使い方編】	Lz5Dd8x8MRs
[Rerun] People with Good Sense vs. People Without Sense [5 Simple and Decisive Differences] [Phil...	YdGa72CYslw
[With anecdotes] Do all rich people think the same? 7 ways of thinking common to the wealthy [Boo...	36BT8bzqwsg
第311回 【FP＝稼げないは嘘？】上場1年経たずに時価総額1000億円突破のマネードクターについて解説【お金の勉強 初級編】	nCS5JXF1M3E
【初心者も必見】簿記3級の次に「簿記2級・1級」を学ぶ5つのメリット【お金の勉強初級編】：（アニメ動画）第358回	UDLDRi88QP0
No. 250 [Stock Prices Rise Too Much?] A Summary of Investment Topics for June 2023 Useful for Sto...	W8CW2_iC6mo
[Rebroadcast] [What Company Employees Don't Know] Explaining the "Banks" That People Who Aim for ...	xPffZosbxRs
【ブラック企業の見分け方】ヤバい会社を避けるための注意点3つ【お金の勉強 初級編】：（アニメ動画）第357回	WzZ6JauQ_7Q
第101回 【知って得する】学長が選ぶ「お得」「トレンド」お金のニュースBest8【トレンド】	NF_t9fj3HKc
Is it true that "side jobs cause you to neglect your main job"? [6 ways that side jobs affect you...	zH9awp4TMAI
第157回 学長が2023年前半やった事と、後半やりたい事&皆さんにやって欲しいこと【人生論】	HUlm3qyNdH8
[Rerun] [Can anyone actually do it?] How to become a part-time consultant and the seven benefits ...	7RyIy_hI45g
【聞けば納得】お金が増えない人が忘れがちなことBest1【稼ぐ 実践編】：（アニメ動画）第355回	IKSd3g6CkMY
Episode 156 [Stop saving!] Explaining the easy "COAST FIRE" [Philosophy of life]	rQbovh5oQfY
【2023年上期】7つの投資手法の概要と、学長の「雑感」【お金の勉強 初級編】：（アニメ動画）第354回	9mX5UEjKfWY
No. 249 [The Strongest Dividend Stock?] First appearance in Japan! What is "iFreePlus US Dividend...	9pc3faG-dYk
[Rebroadcast] A must-listen Talmudic story for those who want to become rich: "The Honest Tailor"...	s_LFUVcfMlk
必ず知っておくべきリスクとリターンの考え方【お金の勉強 株式投資編】：（アニメ動画）第353回	tgvsz-b8V68
第248回 【アメリカは本当に大丈夫?】今だからこそ必ずおさえておきたい「バフェットの名言」5選【株式投資編】	Zk_twsbUq3s
「ウェルスナビ」をおすすめできる人・できない人【株式投資編】：（アニメ動画）第352回	Y1ph31FXCsE
第100回 【SNSで怒りの声】巷で話題の「退職金増税」について分かりやすく解説【トレンド】	uh32PHwDDAU
[Rebroadcast] [You'll Never Know This If You Don't] The One Thing More Important Than "Annual Inc...	CfyjngLmWS8
「効率的な情報収集」を目指す人がハマる5つの罠【お金の勉強 初級編】：（アニメ動画）第351回	TndTdbG0fqE
第247回 【知らないともったいない】SBIの「11本の新ファンド」について徹底解説【株式投資編】	LmUHNWt8i6E
[3 Reasons You Shouldn't Do This] With the yen so weak, dollar deposits with interest rates of ar...	ZpFN88Hatkc
第310回【フツウの人でもできる】億のカネを作るシンプルな手順3STEP【覚悟は必要】【お金の勉強 初級編】	XQZZA9VLKFw
【再放送】【たったの3ステップ！】誰でも簡単にお金が貯まる予算の組み方を解説【お金の勉強 初級編】：（アニメ動画）第47回	A1z9NwBPB08
人生を豊かにする、学長おすすめの趣味26選【人生論】：（アニメ動画）第349回	KxEtr4lrk3I
第246回 【日本株の時代くる？】株式投資に役立つ2023年5月の投資トピック総まとめ【インデックス・高配当】【株式投資編】	I-hlcgv8eQE
【2022年最新】日本人の「お金のレベル」は高い？低い？徹底解説【金融リテラシー調査】【お金の勉強 初級編】：（アニメ動画）第348回	kXca8J-r4YI
No. 155 [2023 Latest] Commentary on the "Interesting Remarks" Made by Investment God Warren Buffe...	TBb1HfWP4-g
【再放送】【真理】不幸になりたくない人が最重視すべきたった1つのこと【人生論】：（アニメ動画）第31回	49m7y8_saZA
ギャンブルと投資の境界線【違いはどこ？】【株式投資編】：（アニメ動画）第347回	NxTTQ5PO3J0
第99回 【貯金が増える】学長が選ぶ「お得」「トレンド」お金のニュースBest10【トレンド】	rHnrin68dbY
[Just know this] You don't need to be too scared about money after age 65. Here's why! [Beginner'...	R0g2mXOGPQI
第133回 【8つの質問】この質問に対する答えが「はい」なら転職を考えるべし！【自分を無駄にするな】【稼ぐ 実践編】	u90MFmp1GQY
【再放送】【平均年収は？生活レベルは？】実はみんなが知らない中小企業の社長の「お金の話」【稼ぐ 実践編】：（アニメ動画）第95回	kDq-KUhEYUc
仕事が早い人vs遅い人【あなたはどっち？】【稼ぐ 実践編】：（アニメ動画）第345回	KMrLc4OkS_I
第309回 【超キホン！】投資の話は誰を信じれば良いのか？「4人のプレイヤー」を紹介【お金の勉強 初級編】	qdykWI-Dens
【最後はどうする？】つみたて投資で増えたお金の取り崩し方【株式投資編】：（アニメ動画）第344回	LOpRbUvzwi8
Episode 308: [3 Patterns Introduction] Explaining "Awesome Ways" to Set Your Target Annual Income...	qukb6C8O2ws
【再放送】【無意識】ついついお金を払ってしまう「5つの罠」【行動経済学】【貯める編】：（アニメ動画）第50回	WLMxtNi4JIE
Knowledge will be your greatest asset [Learn about money, beginner level]: (Animated video) Episo...	YcgwtxclPWA
Episode 132 [Dreams and Money] Commentary on King Kong Nishino's new book [Book Introduction] [Ea...	cPvVgjYmRC4
【分散強化】米国株・全世界株インデックスに「非上場株投資」を組み合わせるべきか解説【FUNDINNO】【株式投資編】：（アニメ動画）第342回	kqOo6hbK1F0
第131回【即効性アリ】できるだけ早く稼ぎたい人に捧げる究極アドバイス【稼ぐ 実践編】	qH7dG774-jw
[Rerun] How to Use Your Bank Account to Increase Your Happiness in Life, as Taught by a Jewish Mi...	hDNCDK0LDo8
[What are stock options?] Is it okay to change jobs to a venture company for stock options? [Earn...	hIb7YdTTF-0
No. 154 [Is it cheating?] Everyone is actually economically free! Legendary economists [Adam Smit...	2Wz9Q6S8LA0
[Reading it will add depth to your life] 5 Manga that will have an impact on your life [Philosoph...	675Lzr6mozI
第245回 【嵐の前の静けさ？】株式投資に役立つ2023年4月の投資トピック総まとめ【インデックス・高配当】【株式投資編】	cc_7P5RhqvU
[Rebroadcast] [You Can Do It Too] 7 Things I've Learned Since Living on Passive Income [Philosoph...	zOCuUcVihdc
[Save 1 million yen!] 6 tips for bargaining on a used home [Learn about money, beginner level]: (...	tn5-sJWUjh8
第98回 【ガチで役立つ】学長が選ぶ「お得」「トレンド」お金のニュースBest８【トレンド】	1GmnO6JYz68
驚異の高利回りを叩き出す! 【ブログ・サイト売買】のメリット・デメリット【稼ぐ 実践編】：（アニメ動画）第338回	7xuxuWp64FE
第97回 【話題の2つ！】「Tracers オールカントリー」と「楽天証券の投信積立てクレカ還元率改定」について解説【トレンド】	2U1HiVRIO8E
【再放送】【後悔しない5つのポイント】社会人1年目でおさえておくべきお金の話【お金の勉強 初級編】：（アニメ動画）第208回	TJLnyYiVCUE
【一生役立つ】おトクに活用！「健康保険・国民健康保険まるわかりクイズ」15選【お金の勉強 初級編】：（アニメ動画）第337回	KxYABYKP45k
第153回 FIREを実現するために「本当に大切な」たった1つのこと【書籍紹介】【人生論】	vYDEwE4DPaM
【働き方の新トレンド】「静かな退職」「アンチワーク」について解説【quiet quitting】【稼ぐ 実践編】：（アニメ動画）第336回	w2npCkkanMk
No. 40 [Good to know] How to get a bonus unfairly! The advantages and disadvantages of "pre-deter...	SNTH1QRHnyE
【再放送】【投資の時給は100円？！】「元手が少ない人は投資しても無意味」は正しいか？【株式投資編】：（アニメ動画）第80回	Vp6RjSI1jUQ
【990円で7GB！】最もコスパの良い格安SIM3選【2023年4月最新版】【貯める編】：（アニメ動画）第335回	niWkxeduPL0
No. 39 [Surprisingly Unknown] Explaining Insurance Premiums and Medical Expenses in Retirement [S...	u_TKbaLw6Xw
「給料少ない」と感じる人に知ってほしい3つのこと【給料アップは意外に簡単!?】【稼ぐ 実践編】：（アニメ動画）第334回	sonJl0SsogY
Part 4: [You'll regret it someday] 7 Warning Signs You'll Lose Your Money [Protection Edition]	nHFJD7WOLMs
【再放送】【ここで差がつく】自己投資を「成功に結びつける人」と「時間のムダにする人」の違い【良いお金の使い方】：（アニメ動画）第39回	4kwyTtEx6cI
【資産家には常識？】資産運用するなら必ずおさえておきたい「米国株の魅力7選」【株式投資編】：（アニメ動画）第333回	trJK8cGt1Qk
第307回 【投資の神は肯定派】「一生貯金し続ける人」が考えていること3選【お金の勉強 初級編】	O0yXEfkFm3o
[Best Expenses] Why you can save more by doing what you love [Beginner's Guide to Money]: (Animat...	-YnrfwLp-YI
第244回 【大事件続発】株式投資に役立つ2023年3月の投資トピック総まとめ【インデックス・高配当】【株式投資編】	wswsxId20ZI
【再放送】 サラリーマンの9割が豊かな老後を迎えられない理由と解決策【お金の勉強 初級編】：（アニメ動画）第22回	PrMigO43K6A
[Real-life example] "Dreams" or "Stability": Which will make you rich? [Life Philosophy]: (Animat...	GwqlK5HHrJw
第96回 【知って得する】学長が選ぶ「お得」「トレンド」お金のニュースBest8【トレンド】	PQL_So6r5H8
[If you miss this, you won't make money] Two points that talented people keep in mind [Earning mo...	zVithHagl-U
第152回 【税金払え】FIREした人は「社会のお荷物」なのか？【勘違い】【人生論】	WyJ0sOt6kcE
[Rebroadcast] [Misconceptions] 5 Misconceptions of People Who Are in Financial Trouble [Learn Abo...	b-OuL-yotxY
【認識してますか？】「再現性」にこだわると大金持ちになれない理由【稼ぐ 実践編】：（アニメ動画）第329回	NnrgzCHdekM
No. 95 [The number of rich people is increasing!] What percentage of people are you in the top? E...	1gQusBZl1as
投資を始めて資本家になろう【お金の勉強 初級編 】：（アニメ動画）第328回	HvTZB-EiYD0
No. 306 [The middleman's skimming is disgusting] How do taxpayers' money disappear? 3 ways to was...	jMJCBpWCRZU
No. 305 [Almost Free] How to Reduce Moving-Out Costs for Rental Properties [Beginner's Guide to M...	LEQGGZ_FuiQ
支出(固定費)を下げれば人生が身軽になる【お金の勉強 初級編】：（アニメ動画）第327回	5E0pQhd5tr0
No. 304 [Average Income is 5.64 million yen] Why it's not "bad" if your income is below this amou...	0OeBW5lFl5g
投資が不安なあなたへ【お金の勉強 初級編】：（アニメ動画）第326回	d0hPBXnkxFU
第243回 【新サービス】楽天証券の1株投資「かぶミニ」ってどうなの？完全解説【株式投資編】	VB4ATPlNTog
[Rerun] Are you a sucker? Or an information expert? Asset management for the common people and yo...	68P73shGTYQ
【月収100万円も狙える】ブログ起業のために買うべきもの6選【これで全部です】【稼ぐ 実践編】：（アニメ動画）第325回	aymFX1cUZWo
第303回 【さらば億り人】あなたをお金から遠ざける「悪しきお金のマインド3選」について解説します【お金の勉強 初級編】	IekXr36u1AQ
【意外と知らない】資産運用とビジネス「真逆の成功法則」5選【お金の勉強 初級編】：（アニメ動画）第324回	jlhAN_A742U
第242回 【初心者向け】年利4％の外貨建てMMFってアリ？メリット＆デメリットを解説【株式投資編】	dTlP3BIGQK8
【再放送】 【解決のヒントあり】決断力がない人の特徴5選【人生論】：（アニメ動画）第66回	uMYphgixhf4
原因自分論で考える【人生論】：（アニメ動画）第323回	r6jwyhMKX3g
第241回 【高配当株に追い風】株式投資に役立つ2023年2月の投資トピック総まとめ【インデックス・高配当】【株式投資編】	zZSzxnEojAc
大企業が働きにくい5つの理由と「じゃあどうすれば良いのか」を解説【稼ぐ 実践編】：（アニメ動画）第322回	WGihhzlBiNI
No. 94 [Good to know] The President's Top 9 "Great Deal" and "Trending" Money News [Trending]	fYISbfDApdM
[Rebroadcast] [Enjoyable even for children] A must-listen short story for anyone who wants to bec...	8-FFxXEjtnI
起業で失敗しないためのコツ【お金の勉強 初級編】：（アニメ動画）第321回	JujWlxIeJas
第151回 【お金になります】「健康資産」を維持・強化するメリット5選【人生論】	vGrTPSG5sj4
世界の終わりに備える方法【13STEP】【お金の勉強 初級編】：（アニメ動画）第320回	ct5CN61nFDs
第302回 【意外と知らない】ナゼ株主や社長が一番儲かるのか？「最大の理由」を解説【お金の勉強 初級編】	0k_yrqBVP-w
[Rebroadcast] [Very Important] "Two Truths" You'll Realize When You Start Investing Your Assets [...	L8P35jmCQ3w
【家計管理に貢献】超・実用的な「住民税まるわかりクイズ」15選【貯める編】：（アニメ動画）第319回	NhIDFWqKa4U
No. 301 [For Beginners] Explaining the Basics of Gold and "Three Ways to Use It" [Money Learning ...	pBq_crErSEc
[This is the essence] Explaining the "best solution" to making time [Philosophy of life]: (Animat...	as7aBCTd0Ys
Episode 150: [If you don't know, you'll fall into a trap] 5 differences between people whose hard...	1_uEeNMar-0
[Rebroadcast] [Reproducible] 7 Rules for Becoming a Millionaire [Money Studies Beginner's Edition...	iytR1vJKBQs
【親の老後】おカネの心配を解決！家計改善の具体的な３つのステップ【お金の勉強 初級編】：（アニメ動画）第317回	oQCNh-BJH0E
No. 38 [What is the average amount of savings?] Looking back at the financial situation of Japane...	VYIY-HGDVpw
【年功序列が崩壊中の日本】大損するのは30代!?対策ナシでは怖い時代【お金の勉強 初級編】：（アニメ動画）第316回	VeIstjXiiYg
第300回 【残酷な現実】お金持ちがますますお金持ちになる理由5選【格差は広がる】【お金の勉強 初級編】	UDPXZJHz6yM
【再放送】おすすめの貯金方法とコツ【お金の勉強 初級編】：（アニメ動画）第8回	nQQZRv0rB1Q
【FIREの悩み】米国株ではなく「全世界株」で4％取崩しは成立するのか解説【株式投資編】：（アニメ動画）第315回	tDznC88HSX0
第240回 【面白い年になりそう】株式投資に役立つ2023年1月の投資トピック総まとめ【インデックス・高配当】【株式投資編】	eyqkafwH-no
[You will lose money in the future] Discussing the misconception that "index investors don't need...	1B71-EW6Ets
第93回 【知れば差がつく】学長が選ぶ「お得」「トレンド」お金のニュースBest8【トレンド】	MaC7mBluTNc
[Rebroadcast] [Successful people answer immediately] "Only two" questions that can determine whet...	_Lr4vwuzuEA
良い情報を見つける方法【ネットの嘘の見分け方】【ゼロから学ぶITスキル】：（アニメ動画）第313回	uZVUCdWYUls
No. 239 [Aiming for a monthly dividend of 30,000 yen] 5 basic assumptions for choosing stocks for...	Uz3PwW5L9w4
お金が貯まらない人の悪い「質問」5選【いくつ当てはまる？】【貯める編】：（アニメ動画）第312回	OIn1_wa5RR4
第238回 【知らないとヤバい】新NISAで「アクティブファンド」を買うべきではない3つの理由【株式投資編】	jwSG3utdvXY
[Rebroadcast] 7 Things to Do When You Think You're Just an Ordinary Person [Philosophy of Life]: ...	CR2Qky7j0XY
[The face on the new 10,000 yen note] Learning from the father of Japanese capitalism: "The essen...	Q5-vJp4kFn8
第30回 【固定金利vs変動金利】住宅価格・住宅ローンの最新事情について解説【不動産投資編】	MrzjFiGMWkI
貯金もせず、投資もせず経済的に豊かになる方法【稼ぐ 実践編】：（アニメ動画）第310回	2F1kv5BhZ4k
第130回 【取り残されるな】いまアツい「働き方」と「職種・業界」について解説【稼ぐ 実践編】	jo_Rr-5iOcE
【再放送】【事実】お金持ちになれる人となれない人の決定的な違い【お金の勉強　初級編】（アニメ動画）：第7回	dD5RLiBDBV0
「副業がうまくいかない！」成功を邪魔するサラリーマン・マインド5選【稼ぐ 実践編】：（アニメ動画）第309回	a22GH3Xf-1I
第3回 【永遠にくる質問】副業したいけど副業禁止です。どうすれば良いですか？【回答】ビビらずうまいことやれ【永遠シリーズ】	Qazp0gyZH54
How much can you save on taxes? An easy-to-understand explanation of the changes and calculation ...	ObzuBTRcbLA
第299回 【金持ち父さんに学ぶ】投資家の「7つのレベル」について解説【お金の勉強 初級編】	TpI-BQzxPG0
【再放送】 【シンプルです】生涯賃金が増えない決定的な理由＆「稼げる人」になるための5つの質問：（アニメ動画）第86回	NHmh53deQ7Y
[Many people are wondering] "Should I wait to invest in the S&P 500 or global stocks now that the...	ncfl1LFBRMo
第237回 【2023年はどうなる？】株式投資に役立つ2022年12月の投資トピック総まとめ【インデックス・高配当】【株式投資編】	-S0Vv5HiuU4
[My Wealth Confession] A Japanese Billionaire Explains the "Quarter Deduction Savings Method" [Sa...	jXqKfPQTI7w
No. 236 [This is a good idea] Explaining "Rakuten VXUS" that people who invest in the S&P 500 and...	1FAVajGHGf0
[Rebroadcast] [Actually, everyone does it] 5 things people who don't want to be rich do [Money St...	Wowp7ptvHeQ
つみたてNISA・iDeCo・小規模企業共済どれから始めるべき？【お金の勉強 株式投資編】：（アニメ動画）第305回	MBN8g2iUZNA
第149回 【資産5,000万円到達のために】2023年学長がやりたいこと5選＆皆にやって欲しい「ただ1つ」のこと【人生論】	K2JSv_KNlns
No need for education insurance [Beginner's guide to money]: (Animated video) Episode 304	xdFwZqwZOhg
第92回 【知らないと損】学長が選ぶ「お得」「トレンド」お金のニュースBest7【トレンド】	D06w2g1qe2o
【再放送】「不幸な歳のとり方」をしないためのお金のキホン【データあり】【お金の勉強 初級編】：（アニメ動画）第65回	lKFOvXqJqiU
Dividend investing and index investing: which are better for you? [How to choose when you're unsu...	zqYldD4ozTs
Episode 298 [Super Important Topics on Money] Top 5 Hit Videos of 2022 [You'll Miss Out If You Do...	y-PyMt7bxRo
【幻想です】不動産投資で「年間家賃収入」に目を奪われてはいけない理由【不動産投資編】：（アニメ動画）第302回	yh--Z14dwd8
No. 235 [Changing History] 5 Amazing Things About the New NISA [Stock Investment Edition]	mEQDotS9Bp8
【再放送】【転職初心者必見】転職エージェントを利用する”前”に知っておくべき重要ポイント8選【稼ぐ 実践編】：（アニメ動画）第26回	QJ7WwZdhm0Q
【注目】失敗しないための副業選びのポイント5選【稼ぐ 実践編】：（アニメ動画）第301回	qPyvKi-KbBM
第3回 【ダメ出し7選】国が「注意喚起」している投資商品を分かりやすく紹介します【守る編】	oAU5Zx72CVo
[Boss Management] 5 Key Points for Good Workers in Dealing with Their Bosses [Earning Money Pract...	x8rSa2LlZIk
第148回 【月1回でOK】幸福度の低い投資家・小金持ちにならないための「KPI会議」について解説【人生論】	PkYMggV64Do
[Rebroadcast] [Household Accounting for Freedom] Six Levels of Financial Freedom and Managing You...	9Z81CHd9f9M
【七転び八起き】失敗から立ち直るための7つのポイント【モチベアップ】【人生論】：（アニメ動画）第299回	9uWBruVnqMo
第2回 【倒産はありえる？】「楽天証券の現状」と「証券会社の倒産時にお金を守る方法」について解説【守る編】	VTS9naxJT9k
[Eternal Question] Should I invest this money in a lump sum? Is it better to invest in installmen...	lRh9b0HAHYo
No. 129 [The man who changed America] Learn from Naval! How to acquire wealth without relying on ...	Q0rV2lRcagw
[Rebroadcast] [Peace of Mind] 7 Benefits of Living a Minimalist Lifestyle Without Raising Living ...	wcZDxckIImQ
[100% Benefits] Explaining how to save time and money with your My Number Card [Earn points worth...	B8KlyxnISpQ
No. 234 [Stock prices bottomed out?] A summary of investment topics for November 2022 that will b...	NtyKeGwLfIU
Dream Real Estate Investment: 5 Realities You Should Know [Real Estate Investment Edition]: (Anim...	dA_44KNLTMM
第91回 【知らないと恥ずかしい】学長が選ぶ「お得」「トレンド」お金のニュースBest9【トレンド】	_iZvHAC-7kM
[Rebroadcast] [Real Experience] A Simple Path to Saving 10 Million Yen in Assets [Savings Edition...	BtUedneARPU
【絶対に知っておくべき】配偶者控除「よくある誤解3選」について徹底解説【貯める編】：（アニメ動画）第295回	CaZZIaP8opw
第233回 【初心者向け】全世界株ファンド・オルカンの「中身」と「補強法」について解説【株式投資編】	xU3ap5b0wfs
【これだけはNG】こんなところで働くと「終わりの始まり」【お金持ちから遠のきます】【稼ぐ 実践編】：（アニメ動画）第294回	P30eSwkkTGc
第37回【990円で7GB！】最もコスパの良い格安SIM3選【2022年11月最新版】【貯める編】	SEbZ9Ed-faA
【再放送】【資産が少なくてもリタイア可能】「サイドFIRE」の3つの魅力と追い風について【人生論】：（アニメ動画）第14回	nhbGoIsgX50
5 illusions held by people whose salaries are not increasing [Break it] [Earning money in practic...	BAOGGM2SpUU
第297回 【初心者も必見】簿記3級の次に「簿記2級・1級」を学ぶ5つのメリット【お金の勉強初級編】	fxrgADjMWk4
【改訂版】新しい「ほったらかし投資術」について解説【株式投資編】：（アニメ動画）第292回	HxJoNjbJHjY
第90回 【ブーム終了か】「FIRE卒業」のトレンド入りと「FIREを維持する3つの条件」について解説【トレンド】	jLHqc55yiLk
【再放送】【すぐに実践できる】90年以上語り継がれている大富豪の7つの教え【お金の勉強  初級編】：（アニメ動画）第43回	MnidWhcxboU
[Misconception] Is it true that "rich people make money easily"? 4 Costs of Investing [Money Lear...	eFt7GttIx-s
第232回 【話題です】S&P500配当貴族指数の「新ファンド」が誕生したので分かりやすく解説【株式投資編】	TtJTR2KFzoQ
【老後が怖くて会社員を辞められない人へ】フリーランスの老後シミュレーションを紹介【大企業にも匹敵】【お金の勉強 初級編】：（アニメ動画）第290回	L9fmvwuuwAI
第231回 【重要度高】新NISAの「①基本」「②最新事情」「③重要Q&A６選」【初心者向け】【株式投資編】	gS-xHImbRFU
【再放送】サラリーマンの年収にまつわる３つの残酷な真実【年収アップ戦略アリ】【稼ぐ　実践編】：（アニメ動画）第101回	35ZNVC_kBbU
【値下がりしないマイホーム？】タワーマンションのメリット・デメリット7選【不動産投資編】：（アニメ動画）第289回	5WpTjdxkfY0
第230回 【GAFAM崩れた】株式投資に役立つ2022年10月の投資トピック総まとめ【インデックス・高配当】【株式投資編】	IYq2r50Lh0Y
【金融リテラシーが上がる】お金について学べる映画12選【人生論】：（アニメ動画）第288回	5xOcVEdUXlk
No. 29 [Handle with care!] 5 pros and cons of couples taking out a joint loan [Mortgage] [Real es...	epMB2boqgx8
[Rebroadcast] [Applicable to almost everyone from 2022] Is iDeCo a solution to retirement funding...	3J9Piu8nTCc
【今どうなってるの？】「老後2000万円問題」の最新事情について分かりやすく解説【お金の勉強 初級編】：（アニメ動画）第287回	lFDR9qdC9W4
第89回 【生活がキツいのも当然】学長が選ぶ「お得」「トレンド」お金のニュースBest8【トレンド】	CsIxvF0o04Y
初心者向けアフィリエイト・ブログの始め方【ざっくり解説】【稼ぐ 実践編】：（アニメ動画）第286回	9BK1_q3MjrM
第88回 【またしてもネット炎上】年金の「納付期間45年に延長」と「厚生年金で穴埋め」について解説【トレンド】	t6Ow_5XxjX4
[Rerun] You won't save money if you're fooled by this! 3 Expensive Keywords That Are Money-Eating...	qflwNW4pZOQ
自分の夢や強みがわからないあなたへ【人生論】：（アニメ動画）第285回	OdFaw-TaE7M
第87回 【最新情報アリ】電気料金値上げの「原因3つ」と「家計防衛策4選」について解説【トレンド】	CnOwqL44rKg
[Which one are you?] Three crucial differences between money-grubbers and frugal people [Philosop...	mRTe_dywX_E
Part 1 [Very Basic] 5 things you can do to prepare for your parent's bank account being frozen an...	3SUMmydwZIo
[Rebroadcast] [Assured] You can't become rich without knowing this. Five skills that the wealthy ...	McRq6RvPTNg
8 Investment Methods You Should Never Use When Investing in Stocks [Not Profitable] [Stock Invest...	DVilEy4oQsg
No. 296 [Internet Outrage] Is it true that the "High-Cost Medical Care System" will be abolished?...	GkKGtMKX3KE
【実例5選】iDeCoとつみたてNISAの「次にやる投資」について解説【株式投資編】：（アニメ動画）第282回	4EhTP9KdHc4
第86回 【国民vs国税庁 勝ったのは？】「通達改正の重要ポイント3選」と「副業で節税する正しい方法」について解説【トレンド】	1ehC1_hoUOY
[Rerun] What is the first skill that people who want to become rich should develop? [Money Studie...	zCzNNGYN1gc
【永遠にくる質問】貯蓄型保険を解約すると元本割れします。それでも解約した方が良いですか？【回答】解約しなはれ【永遠シリーズ】：（アニメ動画）第281回	GM-6_bMcfqw
第295回 【これだけは知っておいて】65歳以降の「お金」にビビりすぎなくても良い「納得！」の理由【お金の勉強初級編】	sw5o6Gxknwk
【リベシティ東京オフィス】ダイジェストムービー	_1lyzFFNcz0
How to decide on a new business and points to note [Imitate and start small] [Earn money in pract...	G2aMIS329OY
第85回【S&P500年初来安値】色々な投資が「終わっている」らしいので解説します【債券バブルも崩壊】【トレンド】	TBNtoZ4etqw
[5 Differences] Explaining the difference between those who can use their bookkeeping and financi...	6Gdys2JAh5k
第229回 【暴落は続く？】株式投資に役立つ2022年9月の投資トピック総まとめ【インデックス・高配当】【株式投資編】	9yx4hY3hpbo
【新たな選択肢】FIREと「パラレルインカム」の3つの違いについて徹底解説【お金の勉強 初級編】：（アニメ動画）第278回	fIQ84ACV4YI
第84回【2倍に急騰】アメリカの住宅ローン金利最新事情について解説【日本版の対策アリ】【トレンド】	s63gwKYdgE0
第83回【知らないと損】学長が選ぶ「お得」「トレンド」お金のニュースBest8【トレンド】	Qdvb025e1Jo
ついていきたいリーダーvs距離をとりたいリーダー【部下たちの本音】【人生論】：（アニメ動画）第277回	Cd5s3WNZCyc
第294回 【絶対アカン3つの理由】超円安で金利1～3％前後のドル預金に人気殺到中！でも？【お金の勉強初級編】	CJgNvgSvKLE
[Learn from the World's Top University] Harvard University Portfolio Explained [Stock Investment ...	H0AuCQ-sy8E
【保険、不動産、投資信託】大切なお金を守るための「危険な営業トーク」撃退思考法【9選】【お金の勉強 初級編】：（アニメ動画）第275回	HvK9Wm1AkAM
No. 293 [With anecdotes] Do all rich people think the same? 7 ways of thinking common to the weal...	Nayq7iDb6Jw
【5選】経営者・幸せなお金持ちだけが知っている「バランスシートにまつわる金言」を徹底解説【稼ぐ 実践編】：（アニメ動画）第274回	ffhFC-L8R40
No. 147: 26 Hobbies Recommended by the President to Enrich Your Life [Philosophy of Life]	Zq29TUPcs0s
【これを止めればうまくいく】成功しにくい人の特徴7選【人生論】：（アニメ動画）第273回	eLFAxW-d0HE
Will affiliate marketing and blogging continue to be profitable? [Earning Money in Practice]: (An...	KBzjMLZW3Kc
第128回 【99％の人が知らない】会社の評価がおかしいのか、自分がおかしいのかを判定する方法【稼ぐ 実践編】	krmabaIvVLU
[Must-See] 5 Characteristics of People Who Repeat the Same Mistakes [Beware if this applies to yo...	b9RaQ2YH78E
Episode 228 [What to do in the end?] How to withdraw the money gained through investment [Stock i...	9zcVhe1cv4o
【圧倒的事実】よくある年収アップ法4つのうち「最速の選択肢」について解説【稼ぐ 実践編】：（アニメ動画）第270回	qniYZvJmZbg
【世界では少数派】「お金」が増えれば増えるほど「幸せ」になる2つの理由【貯める編】：（アニメ動画）第269回	pPOk-8-duV4
第146回 最近、学長がやっていること【人生論】	tXYa7mxXImg
【コレを磨け！】資産価値の高い「不動産」を買うために今すべきこと【マイホーム含む】【不動産投資編】：（アニメ動画）第268回	kby2vhO-qWc
第227回 【2番底は来るのか？】株式投資に役立つ2022年8月の投資トピック総まとめ【インデックス・高配当】【株式投資編】	39KtVZlrjHs
【人生のゴール】学長の言う「お金がいらない」の意味を解説します【人生論】：（アニメ動画）第267回	-TVOR5G_P34
第127回 【働き方の新トレンド】「静かな退職」「アンチワーク」について解説【quiet quitting】【稼ぐ 実践編】	XzSi2v3D7Gw
[Say goodbye to failed plans] A detailed explanation! How to set good goals [Philosophy of life]:...	IthEJFtZGvQ
第82回 【話題のテーマ多数】学長が選ぶ「お得」「トレンド」お金のニュースBest8【トレンド】	Oc4RP4NTGa0
学長流「儲かるサイト」「稼げるサイト」の作り方 【稼ぐ 実践編】：（アニメ動画）第265回	xYh6S65NSWc
第226回 【ココだけはダメ】つみたてNISA「S&P500連動ファンド」唯一の不満について解説【株式投資編】	7Ozyp0Da5iA
【強い味方】結局いくらもらえる？「遺族年金」について分かりやすく解説【お金の勉強 初級編】：（アニメ動画）第264回	1HEHs8soku4
第126回 【聞けば納得】お金が増えない人が忘れがちなことBest1【稼ぐ 実践編】	Y9vxJBDcgBg
【日本人だけじゃなかった！】FIREに関する世界共通の悩み7選とその対応策【人生論】：（アニメ動画）第263回	N2BUg9-WFho
第36回 【効果抜群の節約】コスパ最強格安SIM「mineo」の魅力3選【これが今の最適解】【貯める編】	Q9JwryaBSCs
【あなたと違う？】お金持ちが仕事を選ぶ際に超重視している２つのこと【人生論】：（アニメ動画）第262回	tBl9a9kZXdg
【偏見のオンパレード！】経済的成功を邪魔する「思い込み」について解説【お金の勉強 初級編】：（アニメ動画）第261回	Mrs79F2iJ4s
No. 292 [Lifelong Useful] Useful and Effective! 15 Quiz Questions to Understand Health Insurance ...	lkiWvFVrCWQ
ほとんど貯金せずに「一生安心して暮らしていく方法」【お金の勉強 初級編】：（アニメ動画）第260回	HVyfX0NMO2U
第145回 【これが本質】時間を作る「最強の解決策」について解説【人生論】	YtmlAZ0jdtQ
【月3万円の稼ぎ方】副業Webライターの「魅力」「落とし穴」を徹底解説【稼ぐ 実践編】：（アニメ動画）第259回	6-0sNffTYmE
No. 28 [Very Popular] Is "Minnade Oyasan" a good investment that can provide a stable annual inte...	ZzV8SDx5P6E
[Illustrated & Easy!] Comparing "Life Planning for Average People" vs. "Life Planning for the Wea...	cLwiPwfs-44
【誰でもできる！】仕事を好きになる「極意」3選【人生論】：（アニメ動画）第257回	9vRmn3zp1jQ
第291回 【意外と知らない】資産運用とビジネス「真逆の成功法則」5選【お金の勉強 初級編】	VGKfQSV2w1U
[Must-See] 5 Crucial Differences Between People with an Abundance Mindset and People with a Scarc...	kieEeVJJtDw
[Emergency Escape from Corporate Life] How to Live a Rich and Fulfilling Life on Less Than $7,000...	IyHw4_WkO_k
第225回 【不景気始まってる？】株式投資に役立つ2022年7月の投資トピック総まとめ【インデックス・高配当】【株式投資編】	Y99FbtC7Tq4
[They Should Teach This in School] A Universal Guide to "How to Spend Money Wisely" [Money Manage...	2TSUqyAa76E
No. 35 [Yields are rising sharply] Is the "Savings Insurance" with a guaranteed annual interest r...	kTr5CGC_AOs
[A path we've taken before?] Will freelancers end up with the same fate as part-time workers? [5 ...	IZu2nVralv4
第81回 【人気企画】学長が選ぶ「お得」「トレンド」お金のニュースBest9【トレンド】	76gEJUcoqnY
【断言】こんな人は年収上がります【3つの特徴】【稼ぐ 実践編】：（アニメ動画）第252回	P9f97wCVRtU
Episode 125 [For Beginners] Earn 50,000 yen a month through web development! A very specific meth...	bKnz78YnJts
8 Surprising Reasons Why People Save Money [Savings Edition]: (Animated Video) Episode 251	zfdSje91aeE
Episode 144: [Reflections] The Principal’s Top 5 Accomplishments [First Half of 2022] [Life Lessons]	Xg2nwJ9wixQ
[You'll have trouble if you don't know] Explaining "5 Cases Where It's Good to Buy Information Pr...	feUdULkDqvU
第290回 【これで解決】夫嫁ブロック突破「絶対にやってはいけないこと」「やるべきこと」を分かりやすく解説【お金の勉強 初級編】	mMOEWT6pRc8
[For Beginners] Start here! Get a complete understanding of your assets and liabilities [Money St...	zdyqXasmPUk
No. 289 [2022 Latest] Is the "Financial Level" of Japanese People High or Low? A Thorough Explana...	F0qfifuJ6tA
How to think about the hourly rate to become rich [Philosophy of life]: (Animated video) Episode 248	G21QOvWk9sw
第124回 【稼ぎ方の本質】米億万長者の「11の金言」について解説【学長流解説】【稼ぐ 実践編】	xE6DW4s9k58
5 Characteristics of People Who Succeed in Side Hustle [With Personal Experiences] [Earning Money...	ml9na9j9K7s
第288回 【副業反対派も必見】副業で月5万円稼げることのメリット5選【政府が後押し】【お金の勉強 初級編】	44rFwWd56N4
【常識を疑え】支出を「消費・浪費・投資に分けろ」は正しいか？改善方法を伝授！【お金の勉強 初級編】：（アニメ動画）第246回	nazDQkTBYcM
No. 287 How to prepare for the end of the world [13 steps] [Beginner's guide to money]	n2yQ-jaDDPA
Adults can make life easier by studying (reading) [Principles of Life]: (Animated Video) Episode 245	2kND54nAXZ8
第5回 【将来損します】「インデックス投資家は経済ニュースを見なくて良い」という誤解について語る【見るメリット5選】【増やす編】	fU_cmZpWofs
[Don't Miss Out] Understanding the "5 Ages" You Need to Know: A Guide to Life (Animated Video) Ep...	oFjlZ8NTxH0
第224回 【逃げ場なし？】株式投資に役立つ2022年6月の投資トピック総まとめ【インデックス・高配当】【株式投資編】	nIAe99_MGCI
【有名エピソード】FIREしたい人は必ず考えておくべき「究極の問題」【人生論】：（アニメ動画）第243回	TWr9fjdgmtA
【富裕層は買ってる！】ヘッジファンドの基礎知識と買ってはいけない3つの理由を解説【株式投資編】：（アニメ動画）第242回	K4b9i5qBtgg
第34回 【家計管理に貢献】超・実用的な「住民税まるわかりクイズ」15選【貯める編】	gA-xTH6cjMw
"What I think about on a daily basis" and "How to spend money" of a business owner who has achiev...	BNiJHB9aiPY
第80回 【知らないと損】学長が選ぶ「お得」「トレンド」お金のニュースBest9【トレンド】	FYTM3b7eh4o
【年収アップ】プロ直伝！転職がうまくいく人の特徴5選と、明日から役立つ即効テクニック3選【稼ぐ 実践編】：（アニメ動画）第240回	8UBAmgWbDvU
第223回 【ご利用は計画的に】優良インデックスファンドの「ナンピン方法」について解説【株式投資編】	xwJMxwabdJQ
No. 33 [Highest Efficiency] A Must-See for Long-Term Asset Building! Explaining the Benefits of t...	f2z-m_BNz34
【失敗回避法】インデックス投資の魅力と「失敗させないためのコツ」5選【株式投資編】：（アニメ動画）第239回	eAeNUo1QgL4
第79回 【20％下落でも】S&P500がまだ割安に見えない8つの理由【トレンド】	6anZQPPH5o8
[What You Won't Find in Investment Textbooks] Should You Reinvest Your Dividends? A Guide to the ...	N5pmRvvwWcY
第78回 【異例の謝罪】「日銀総裁発言」と「強い家計のメンテナンス法4選」について解説【トレンド】	YgeINcKiXRk
[Tax Savings for Salarymen] Explaining Two Key Points That Helped Me Save Over 300,000 Yen in Tax...	v6hhyy8AJ5M
ワークライフバランスにこだわる人がお金持ちになれない3つの理由【お金の勉強 初級編】：（アニメ動画）第236回	oNDQW6R3HHg
No. 27 [How much can you save on taxes?] An easy-to-understand explanation of the changes and cal...	XkLamy_qhT8
[Love Conquers All] Key Points of Subordinate Development from an Executive Who Has Hired Over 1,...	NLfbk8zt5i8
【資産増の秘訣】お金を生みだす「2つのポートフォリオ」について解説【お金の勉強 初級編】：（アニメ動画）第234回	4VMqxyweuD8
第222回 【FIREの悩み】米国株ではなく「全世界株」で4％取崩しは成立するのか解説【株式投資編】	1beP1-ENfWs
【未来は明るい】「お金持ち」の資産構成と「小金持ち」のその後の進路について解説【お金の勉強 初級編】：（アニメ動画）第233回	CxZ6MQFuCNg
【ハメられてるかも？】持ち家派が信じる「家賃を払い続けるよりもおトク」の落とし穴【お金の勉強 初級編】：（アニメ動画）第232回	_Qep0eEhuRs
#221 [Is it still falling?] May 2022 Investment Topics Roundup for Stock Investors [Index & High ...	3H1WfGPTKss
[What is the most important thing?] Money, skills, morals, love - The story of a CEO who is lacki...	lkmC8WgWZYI
Part 4: [For Beginners] What is a Recession? How Should You Prepare? A Simple Explanation [Mental...	er8hLMtnAag
【意外性なし？】お金持ちのよくある悩みTOP5【お金の勉強 初級編】：（アニメ動画）第230回	CxouBKdHoxw
第77回 【重要ニュース多数】学長が選ぶ「お得」「トレンド」お金のニュースBest8【トレンド】	sViih1OeTyQ
No. 220 [Many People Are Concerned] "Should I wait to invest in the S&P 500 or global stocks now ...	Po836Nt_d1s
【5つの理由】給料日にATMに「並んではいけない理由」を解説：（アニメ動画）第229回	LTazL_9dqIw
第286回 【100％トクする】マイナンバーカードでできる「時間とお金」の節約法について解説【2万円相当のポイントも貰える】【お金の勉強 初級編】	Z5VHps5mBWM
[Improve Starting Tomorrow] 2 Reasons Why Employees and Civil Servants Are Bad at Self-Investment...	SDSJIyE4TPk
第32回 【悲報】楽天モバイル「月額0円」終了！継続か？解約か？「次の一手」について解説【貯める編】	s6wq-2IokSo
今すぐ辞めるべきブラック企業の特徴3つ【人生論】：（アニメ動画）第227回	lnmJHqa96jI
[Health is the greatest wealth] Secret health tips that the rich practice [How to spend money wis...	uR0k3P1jv4Y
第123回 【これだけはNG】こんなところで働くと「終わりの始まり」【お金持ちから遠のきます】【稼ぐ 実践編】	gIomo4Ke4Oo
[This will become increasingly important in the future!] A thorough explanation of how to identif...	l84fGSIF3T0
第285回 【2022年最新】投資の神様ウォーレン・バフェットが年次総会で語った「興味深い発言」について解説【お金の勉強 初級編】	kyC9xvLo3dk
【月5万円は誰でも届く】独自アンケートで判明！「副業プチ成功者の特徴」と「稼げるようになったその後」を解説【稼ぐ 実践編】：（アニメ動画）第224回	EtIrsG1AGpM
【大富豪に教わった】GIVEしても成功する人としない人の違い【人生論】：（アニメ動画）第223回	4T8EeauUK9s
Episode 284: [What's happening now?] A clear explanation of the latest developments regarding the...	rnjXXcrv0Co
【やっぱりお金は最強？】お金を使うことで得られる9つの特典について解説【良いお金の使い方編】：（アニメ動画）第222回	d1kZQyvjKkU
Part 2: [Eternal Question] Should I invest this money in a lump sum? Is it better to invest in in...	7AVtzE37Jy8
【コロナがきっかけ】「働かない自由」が保証されるベーシックインカムの世界に変わるのか【社会・トレンド】：（アニメ動画）第221回	-qp2b2ILIpI
[For Beginners] An Easy-to-Understand Explanation of the S&P 500 [Stock Investment Edition]: (Ani...	ucqsP_NFW0Q
第219回 【リーマンショック以来の下落】株式投資に役立つ2022年4月の投資トピック総まとめ【インデックス・高配当】【株式投資編】	Fh_x7KEWHkc
[Even with a monthly income of 1 million yen, you're on the road to ruin?] 5 common financial mis...	4SViEnzDAjc
#31 [Must Know] A thorough explanation of three common misconceptions about spousal deductions [S...	eNXDkv2j0vo
【薬が毒に？】複利の凄さを表す「面白エピソード」と、複利が壊す「生きるセンス」3つについて解説【お金の勉強 初級編】：（アニメ動画）第218回	BwVj68mWAeM
[Thank You] A Note of Gratitude for Reaching 2 Million Subscribers on the Libe-Dai YouTube Channel	jemY1iuHwFk
第283回 【違い5選】簿記・FPの知識を資産形成に「活かせる人」と「活かせない人」の違いを解説【お金の勉強 初級編】	WYf0lUaVAWs
【心配無用】インデックス投資家が「老後破産しない」5つの理由【お金の勉強 初級編】：（アニメ動画）第217回	q-ndHiC6qzI
第76回 【知らないと損】学長が選ぶ「お得」「トレンド」お金のニュースBest8【トレンド】	N8D7N-HVrsM
【絶対やるな】年収を上げたい人が「やってはいけない交渉」5選【稼ぐ 実践編】：（アニメ動画）第216回	1jncjSIrq7U
#282 [Money Talk] The Age of Majority Lowered! What New 18-Year-Old Adults Should and Shouldn't D...	rTidXOeG5D0
[Super Basics] "Slow Words" and "Fast Words" that Attract Money: What People Who Want to Build As...	yfl-ZJqHLL0
第19回 【リピート確定！】学長が選ぶ大阪の美味しい飲食店25選【良いお金の使い方編】	AgMTMvI7caQ
[Very Important] Top 5 Characteristics of People Who Bank Employees Dislike [Money Studies Beginn...	TaOSTCOfg20
No. 281 [New Option] A Thorough Explanation of the Three Differences Between FIRE and "Parallel I...	YaWo6JIT2tA
【廃止決定】それなのに、ジュニアNISAをおすすめする理由【株式投資編】：（アニメ動画）第213回	jaoHrMgtWEE
Episode 218: [Revised Edition] A Guide to the New "Hands-Off Investment Strategy" [Stock Investme...	or7rnEYvsDg
【2つの落とし穴アリ】サラリーマンの「いくらあれば独立できるか問題」に答えてみた【稼ぐ 実践編】：（アニメ動画）第212回	Uqr7nfKMkyc
第143回  【新1万円札の顔】日本の資本主義の父に学ぶ「お金稼ぎの本質」について解説【論語と算盤】【人生論】	AZY-g4Hnd9k
[Measures Required] Explaining the "Income Cliff" that Office Workers Are Being Pushed Off of [Mo...	e0xjrcpbb8c
第1回 【永遠にくる質問】貯蓄型保険を解約すると元本割れします。それでも解約した方が良いですか？【回答】解約しなはれ【永遠シリーズ】	1tsEw_wwpf8
[How to Avoid Ending Up with Nothing] 6 Strategies for Successful Self-Investment [Practical Guid...	ksGV9qlx1B8
第217回 【情強はこれを買う】ネット証券の「買付手数料無料」ファンドを徹底解説【株式投資編】	ta4FrqqZEVQ
【鍛え方も伝授】お金を生むポータブルスキル5選【稼ぐ 実践編】：（アニメ動画）第209回	w8jOan2dbmg
第216回 【油断するな】株式投資に役立つ2022年3月の投資トピック総まとめ【インデックス・高配当】【株式投資編】	F1tdobBHXNA
【後悔しない5つのポイント】社会人1年目でおさえておくべきお金の話【お金の勉強 初級編】：（アニメ動画）第208回	FuOaGeNrpBk
[Die with Zero] Is it right to have zero assets when you die? [Learn about money, beginner level]...	PamN9kTp3tY
第75回 【知れば差がつく】学長が選ぶ「お得」「トレンド」お金のニュースBest9【トレンド】	YiiNyQ1c45c
No. 74 [First time in 6 years] Warning! The current state of the weak yen that people who only sa...	ascpA5Ndjkk
A business owner who has overcome many ups and downs shares four ways to boost self-esteem [Life ...	BVzxG3Ye5rE
第122回 【5選】経営者・幸せなお金持ちだけが知っている「バランスシートにまつわる金言」を徹底解説【稼ぐ 実践編】	J50cNNd_Iow
第142回 【これを止めればうまくいく】成功しにくい人の特徴7選【人生論】	-coodz8flTs
[Counterexamples] 5 Common Traits of People with Little Savings and Broke CEOs: Money Lessons for...	AImEIPbW_GA
[Media Topic] Which is the right goal? A thorough explanation of the four FIRE methods [Money Lea...	CIcQmMEJGEE
第215回 【実例5選】iDeCoとつみたてNISAの「次にやる投資」について解説【株式投資編】	Q83z9q_5xCM
[Pension Planning] The ultimate longevity risk countermeasure! 5 options for preparing a "lifetim...	5m7gNTvYNnI
第214回 【使える？使えない？】「SBI・i シェアーズ・米国バランス（2 資産均等型）（愛称：まるっと米国）」について解説【株式投資編】	y1VsTHzgN1g
【20～40代の老後対策はムダ】老後対策が失敗するたった1つの理由【お金の勉強 初級編】：（アニメ動画）第202回	yn9HJkWyNbM
第18回 最近、学長がもらって美味しかった食べ物13選【お取り寄せ可】【良いお金の使い方編】	A-tveUPGXu8
【要注意】年収の下がる転職は後悔のモトです【稼ぐ 実践編】：（アニメ動画）第201回	UJd0gzG-eRI
No. 30 [My Wealth Confession] A Japanese Billionaire Explains the "Quarter Deductible Savings Met...	1mZzye1ly9g
【説明の極意】あなたの説明を聞いてもらえない理由【お金の勉強 初級編】：（アニメ動画）第200回	EbZ4pO-ibEU
No. 29 [What's the average?] A thorough explanation of the financial situation of Japanese people...	Ok5cLGSunl8
[This is the essence] 9 secret questions to start saving money starting tomorrow [Savings Edition...	zp1tSRftsyM
第26回 【コレを磨け！】資産価値の高い「不動産」を買うために今すべきこと【マイホーム含む】【不動産投資編】	FRJfy2I73vQ
【これが結論】日本版セミリタイアの教科書を徹底解説【米国株で始めるセミリタイア投資術】【書籍紹介】【お金の勉強 初級編】：（アニメ動画）第198回	7NeCfUkgUVE
No. 213 [The world is in chaos] A summary of investment topics for February 2022 that will be use...	UzmNybb8UdM
[Brother Channel] The latest edition of "Money Talk" by Atsuhiko Nakata and the President [Second...	o8Ziq6_HLdc
[Obvious to High Earners] The "One Single Difference" Between Those Who Make Money and Those Who ...	U8sE3GBHwGE
[Life-Changing] 7 Skills to Master in Your 20s [Life Philosophy]: (Animated Video) Episode 196	8gvLre2lMCU
No. 73 [Knowing is Good] The President's Choice of Top 8 "Great Deals" and "Trending" Money News ...	tL_2m8N6MDk
【今なら言える】起業して辛かったことBest３【人生論】：（アニメ動画）第195回	8rhJ13QXisc
[President's Recommendation] 21 Items to Improve Your Life [How to Use Money Wisely]: (Animated V...	H7QTrlbbZZw
第280回  【金融教育、4月に必修化】高校生は学校の「お金の教育」で何を学ぶのか？【お金の勉強 初級編】	oj1HiP71Xq0
[For Beginners] Traditional Index vs. Smart Beta: Which is the Smarter Investment? [Stock Investm...	tASFryRHyYQ
【超便利】これがあるから稼げる「副業おすすめツール」12選【稼ぐ 実践編】：（アニメ動画）第192回	jQLBiRbhvh4
No. 278 [Information experts know] Introducing 8 graphs that will help you build your assets [Lea...	bZKxETMID9Y
[Modern New Assets] Social Media Followers are an Asset Comparable to Land, Money, and Stocks: (A...	EeWPTJD4qZY
第277回【勘違いです】「お金持ちはラクしてお金を増やす」は本当か？投資の代償4選【お金の勉強 初級編】	tpV6C8lZ3A8
[Paid] A complete explanation of "How to receive money wisely" with the complicated and mysteriou...	nrGjDSBQeug
[This is just a recruitment video] Recruiting creators for Liber University [This is different fr...	atiNSww4KjE
第276回 ほとんど貯金せずに「一生安心して暮らしていく方法」【お金の勉強 初級編】	VvcLQ1Sga5Y
[20 Selections] Introducing 20 "Important Numbers" that Financially Smart People Have Memorized [...	4XQDnvMtk24
No. 28 [A minority in the world] Two reasons why the more money you have, the happier you become ...	J_u9nF8ZhH8
[Surprisingly common] 5 characteristics of people who "ignore" the good fortune that is right in ...	6j2yA4-Pk08
第275回 【悲報】またまた超改悪！楽天証券の「2つの改悪」と「対処法」について解説【お金の勉強 初級編】	n4AhUoYzICA
【最悪の働き方】「自由」も「安定」も失うNGゾーンとは【稼ぐ 実践編】：（アニメ動画）第187回	tNaxMxswX_8
第212回 【知らないと危険】株式投資に役立つ2022年1月の投資トピック総まとめ【インデックス・高配当】【株式投資編】	BzAWl6PJUSc
【超・初心者向け】「稼ぐ力」を高めるための10カ条について解説【稼ぐ　実践編】：（アニメ動画）第186回	quWk9XQ1YtU
第72回【知らないと損】学長が選ぶ「お得」「トレンド」お金のニュースBest9【トレンド】	HLbPd23lVJo
【ハマりがち】成功を遠ざける「時給思考」の5つの罠【稼ぐ 実践編】：（アニメ動画）第185回	ZGHKWTAONkc
[The Truth] Why People Who Seek Efficient Ways of Earning Money Will Never Succeed [Life Philosop...	qPl9tStXM9s
No. 141 [Say goodbye to failed plans] A detailed explanation! How to set good goals [Philosophy o...	ttG8NgNiRCc
【必見】あなたが会社に「イライラする理由」とその「対処法」【稼ぐ 実践編】：（アニメ動画）第183回	jHpPbt0pyHA
第140回【必見】「豊かさマインドを持つ人」と「欠乏マインドを持つ人」の決定的な違い５選【人生論】	uAjFkG6Z2WI
[Fatal Trap] Three Reasons Why a 10 Million Yen Annual Income Doesn't Increase Your Happiness [Ph...	v8F3PX0qg2Q
第139回【日本人だけじゃなかった！】FIREに関する世界共通の悩み7選とその対応策【人生論】	Y_OcF_KY8Vw
【超お得】住宅ローンに関する「よくある質問20」にすべてお答えします【貯める編】：（アニメ動画）第181回	7R-x1nK0wyk
No. 211 [Good to Know] Lessons from the SPYD Dividend Cut: 3 Fundamentals of ETFs and Investor Mi...	uRIEBMRSYrs
Three things I want to tell people who believe that investing in the S&P 500 will definitely make...	KjB7q-sGSsg
第121回 【圧倒的事実】よくある年収アップ法4つのうち「最速の選択肢」について解説【稼ぐ 実践編】	XIHenPLX5fA
第27回【ついにここまで】楽天銀行＆楽天証券が超改悪！別サービスに乗り換えるべきか解説【貯める編】	5nQUUGm7sls
[The President's Teaching] 10 Conditions for Successful Independence [Philosophy of Life]: (Anima...	LTrE3VsKHLo
#120 How to Earn $200 a Month: A Comprehensive Guide to the Pros and Cons of Side-Hustle Web Writ...	o0wybeqyL-w
【違い5選】資産運用初心者と中級者の「決定的な違い」を解説【お金の勉強 初級編】：（アニメ動画）第178回	bwn2PWlhHak
Part 17: [Things You Wish You Were Taught in School] Universal Rules for Spending Money Wisely! E...	qtMGzrQa-8U
【とにかくラク】コストをできるだけおさえて『S&P500』や『全世界株』に投資する裏技【株式投資編】：（アニメ動画）第177回	szB21ciQQ0w
第119回 【断言】こんな人は年収上がります【3つの特徴】【稼ぐ 実践編】	I6GN3HumsQI
【知るだけで得する】これに完答できたら未来は明るい！お金のレベルを測るマネークイズ20選【お金の勉強 初級編】：（アニメ動画）第176回	ZysHlpajaX8
第138回【資産5,000万円到達のために】2022年学長がやりたいこと7選＆皆にやって欲しい「ただ1つ」のこと【人生論】	x3JZCrKR2EQ
【お金の失敗】お金とうまく付き合う人が、絶対にやらない5つのこと【お金の勉強 初級編】：（アニメ動画）第175回	GDUNqsOsBsw
第137回【大事なことだけ凝縮】2021年おすすめのヒット動画を8つ厳選して紹介・解説します【人生論】	PHxoh6FUtB0
【人生を変えられない】情報収集がヘタクソな人の「残念な勘違い5選」【ゼロから学ぶITスキル】：（アニメ動画）第174回	SNHY5vdjK-E
第210回【日本株つぶす気？】株式投資に役立つ2021年12月の投資トピック総まとめ【インデックス・高配当】【株式投資編】	EZq3XQayG5U
Two reasons why your annual income will not go wrong [Tips on how to earn money] [Earning money i...	CloxDT8I9-U
第71回【知らないと損】学長が選ぶ「お得」「トレンド」お金のニュースBest7【トレンド】	zlkVOJeJczo
【レジェンドの教え】投資の大原則に則った「KISSポートフォリオ」について解説【株式投資編】：（アニメ動画）第172回	XoEpn954GAw
第209回【業界初】楽天証券の米株積み立てとポイント投資について解説【株式投資編】	fcx2UnQR5mk
[Fatal If Misunderstood] 3 Common Misconceptions About Inheritance Planning Explained [Financial ...	Yy2lBtX8wh4
第70回【話題】「2023年にサラリーマンの手取り給与が50％になる」というニュースは本当なのか検証【トレンド】	ECzFxUyuweA
【コミュ力低めの人用】職場の人間関係を良くするたった1つの方法【人生論】：（アニメ動画）第170回	B3byicK7WBo
[From Dreams to Despair] "Restaurant Management" is More Dangerous than a Deathmatch [Book Introd...	U_Hp1C22XxE
[FIRE Friends] Jason Atsugiri and the President Talk About Money [Conversation]	WMQV1F3_IyA
第274回【話題の新刊！】「ジェイソン流お金の増やし方」を徹底解説【誰でもできる】【お金の勉強 初級編】	Z6J5R2svfyU
【最強コンビ？】楽天モバイル＋mineoでコスパ最強を実現する方法【貯める編】：（アニメ動画）第168回	PlLOArz__98
第16回【知らないと苦労する】「情報商材を買っても良いケース5選」と「情報投資の原則」について解説【良いお金の使い方編】	zKauWI47nw0
[Economic War] Explaining the three economic zones that will become rivals to the Rakuten economi...	bvMtE5uJG8o
第118回 【月5万円は誰でも届く】独自アンケートで判明！「副業プチ成功者の特徴」と「稼げるようになったその後」を解説【稼ぐ 実践編】	9wUo-La6QFo
[Increasing] What is the "golden crowned sparrow" that you should never become? [Money Learning B...	gmGepHRaarM
No. 273 [Easy with Diagrams!] Comparing the Life Plans of Average People vs. the Wealthy [Money S...	TqdbpBaOzwg
[Debt] The Only Reason Why a "Mortgage" Is the Only Acceptable Form of Debt [Money Study: Beginne...	raAxUsOjYlg
【ゆるアニメ】ペットと一緒に鬼退治とか絶対正気じゃない【大人の日本昔ばなし】	-CjvhwHG5o4
第208回【知らないと怖い】株式投資に役立つ2021年11月の投資トピック総まとめ【インデックス・高配当】【株式投資編】	_AI3Jcw-Io0
[5 Criticisms] My Thoughts on FIRE Critics: Life Lessons (Animated Video) Episode 164	atk2c7sVbXU
第272回【金融資産に価値無し？】「真の富」と「富を失わずに活かす方法」を解説【お金の勉強 初級編】	PlJzayop-QI
【2021年版】月5万円の副収入を手に入れよう！おすすめ副業9選【稼ぐ 実践編】：（アニメ動画）第163回	_hoMbjn8eM4
第69回【知らないと損】学長が選ぶ「お得」「トレンド」お金のニュースBest8　2021年11月【トレンド】	sxwA-vIsoOw
【アフターコロナを生き抜くために】未来のある会社・ない会社「特徴3選」【お金の勉強 初級編】：（アニメ動画）第162回	cLZwsaFMJME
第15回 【2021年11月版】最近、学長が買ってよかったもの15選【良いお金の使い方編】	3pBd8rLgA2w
【知らないとソン】年金法の改正ポイント4つを分かりやすく解説【お金の勉強 初級編】：（アニメ動画）第161回	OP4BOQIRfGI
第136回 経済的自由を手に入れた経営者の「ふだん考えていること」と「お金の使い方」【人生論】	mns3NQeAWHU
[Yearly income depends on the address!] Five conditions for where to live if you want to increase...	lgYPUtswOhk
5 Credit Cards Loved by Executives (That Might Actually Help You Get Dates) [Life Lessons]: Episo...	XpQMsXkiFl8
Episode 207: [Learn from the Pros] Stop Relying Only on the S&P 500! Explaining 3 Other Key Theme...	NpLQZz5xhAc
[Important] 5 points that are often overlooked in financial "life planning" [Money Studies Beginn...	lpbP098HOz4
Episode 135: [Don't Miss Out] How to Manage Your "5 Ages": A Life Theory	hOkQP2YZ5kA
[Often Overlooked] 5 Actions to Increase Your "Trust Account" Balance [Life Philosophy]: (Animate...	8IgFld8cnYw
【不安解消！】今の日本で子育てするための「基本戦略」と「ファイナンス法8選」【お金の勉強 初級編】：（アニメ動画）第156回	IqJIuKFPQrE
第117回 【年収アップ】プロ直伝！転職がうまくいく人の特徴5選と、明日から役立つ即効テクニック3選【稼ぐ 実践編】	Z_dHqiBuWeM
【〇％が貧困】「今の日本」が良く分かる統計データ10選【お金の勉強 初級編】：（アニメ動画）第155回	w-uxifO_cNM
第116回 【明日から改善できる】会社員・公務員の自己投資がへたっぴな理由2選【稼ぐ 実践編】	YfBntOtq0OI
【超お得】配当金の手取り金額を最大15％増やす「配当控除」について解説【株式投資編】：（アニメ動画）第154回	4XxBfq1ZQro
第271回 【今後ますます重要に！】良い税理士の見分け方・探し方を徹底解説【お金の勉強 初級編】	HQfluGiUNDQ
[Teaching you the secret] 9 points to earn 50,000 yen a month with a side job [Earning money in p...	GDxzly7zOVc
Episode 206: Aiming for $30,000 in Monthly Dividends – Finding High-Yield Stocks! Dividend Yield ...	kqa8HPF5ykI
[Can't see the view you want to see anymore?] Explaining the historical background behind the gra...	wOgMMXzZk1g
第205回【日本株ビミョーに？】株式投資に役立つ2021年10月の投資トピック総まとめ【インデックス・高配当】【株式投資編】	l6puojXPXaY
[Chill Anime] Found a Jizo Statue That Doubles Your Offerings [Adult Japanese Folktales]	SLJcuWUnO5M
第270回 【初心者向け】まずはココから！自分の「資産」「負債」を完全把握しよう【お金の勉強 初級編】	4WNvQ64xqPc
【小金持ちはどんな人？】資産5,000万円以上の準富裕層の「典型例」を3つ解説【稼ぐ 実践編】：（アニメ動画）第151回	V-kdzDmCdxo
No. 68 [You're missing out if you don't know] The President's Top 9 "Great Deal" and "Trend" Mone...	UWvx89Tf1aI
[Why does it happen?] 7 "Unconventional Habits" of the Wealthy and 3 "Unconventional Methods" Tha...	Hft_pOHSX8I
第269回 【常識を疑え】支出を「消費・浪費・投資に分けろ」は正しいか？改善方法を伝授！【お金の勉強 初級編】	EsJq5l-RLns
【5つのアドバイス】時間をかけてお金持ちになることに耐えられない人に、全力で伝えたいこと【人生論】：（アニメ動画）第149回	LhfVPo_ojqo
第26回 【意外と知らない】人間が貯金する理由8選【貯める編】	jtl1SuWrv10
[If it's too high, it's not good] What is the most cost-effective annual income? Explaining 3 pat...	4vl6nVMpYnk
第134回 【誰でもできる！】仕事を好きになる「極意」3選【人生論】	mPbnk6CpBOo
[3 Differences] Explaining the crucial differences between "people who set goals and reach the go...	7c7pfYl_V-0
13 Words from the President that Influenced His Life [Philosophy of Life]: (Animated Video) Episo...	Q4aGjML1F3Y
No. 268 [Increasing in popularity!] Will reverse mortgages be a new solution to the "shortage of ...	HHvakrk0ShU
[Learn from a Psychiatrist] "Three Happinesses" and "Five Ways to Deal with Money That Don't Make...	vjCxxN9uroE
第267回 【5つの理由】給料日にATMに「並んではいけない理由」を解説【お金の勉強 初級編】	eIsDBSzjSbk
[Best Value] How Anyone Can Set Up and Use a Virtual Office [Practical Guide to Earning]: (Animat...	UpL3oJtYg0s
第133回 【有名エピソード】FIREしたい人は必ず考えておくべき「究極の問題」【人生論】	HzhwiMKnTPE
【資産所得で生きていく】4％ルールを成功させるための秘訣3選【株式投資編】：（アニメ動画）第143回	rg72vpxYr0M
第266回 【心配無用】インデックス投資家が「老後破産しない」5つの理由【お金の勉強 初級編】	m0WSX1TES8c
【凹みやすい人でも大丈夫】インデックス投資や高配当株投資が「繊細さん」向けな3つの理由【株式投資編】：（アニメ動画）第142回	RbUk5ssns8A
第204回 【火種がいっぱい】株式投資に役立つ2021年9月の投資トピック総まとめ【インデックス・高配当】【株式投資編】	Zj_76eddRe4
No. 265 [Are you being tricked?] The pitfalls of homeowners' belief that "it's more profitable th...	BaCWJsnZsOE
【老後がヤバい】「後期高齢者医療制度」の改悪と老後の医療費対策について解説【お金の勉強】：（アニメ動画）第141回	RZsa_cBif40
No. 67 [You're missing out if you don't know] The President's Top 9 "Great Deal" and "Trending" M...	urfJoLoIQBk
[3 Features] A simple explanation of how to distinguish between good luxury and bad luxury [Philo...	9QtnXd06hvc
第264回 【未来は明るい】「お金持ち」の資産構成と「小金持ち」のその後の進路について解説【お金の勉強 初級編】	MRt4niabo4c
「仕事なんて頑張っても報われない」そう思うとき試してほしい５つのこと【人生論】：（アニメ動画）第139回	6roxtwZwzFk
Episode 263 [A Parade of Prejudices!] Explaining the "Misconceptions" that Get in the Way of Fina...	4jrKDTT8iiQ
[Enjoyable even for children] A must-listen story for anyone who wants to become rich: "The Shipw...	GbvXFtdUp2M
No. 262 [Secret to increasing assets] Explanation of the "two portfolios" that generate money [Mo...	MFEznGHWlnI
【効果アリ】小金持ちを目指す人のための「ニュース・ダイエット」について解説【人生論】：（アニメ動画）第137回	xgtNWiuEqYA
【知らないと恥ずかしい】SDGsのキホンと、SDGsを取り入れて生活を豊かにするコツ2つ【人生論】：（アニメ動画）第136回	yrSqkz57u9w
第203回 【全員が含み益】つみたてNISAの「現状」と「対策」について解説【株式投資編】	tLiorU0EgxE
【誰でもできる】やれば必ず得する小さな節約法20連発【最大で年間約50万円の節約】【貯める編】：（アニメ動画）第135回	8JI42sXl-M4
第66回 【税率20％→30％？】増税の背景と「乗り切る方法」について解説【社会・トレンド】	URrejyFhiDI
[Applicable to almost everyone from 2022] Is iDeCo a solution to retirement funding problems? Ans...	uGblfw4SVBI
[To not waste your life] The president reveals 25 things he has decided "never to do" [Philosophy...	RW0beH-_8jg
[Easy for Everyone!] Aim for +$300/Month! Introducing the "Money-Saving" Budget Customization [Sa...	uhQtn05BEAs
第261回 【超基本】資産形成したい人が知っておくべき、お金を呼ぶ「遅い言葉」と「速い言葉」【お金の勉強 初級編】	yrMbdYllTWA
【必ず使い切れ】ポイントを「絶対に貯めずに使い切るべき」5つの理由【お金の勉強】：（アニメ動画）第131回	t1OpmVfcbX4
第202回 【配当金生活】高配当株を探そう！配当利回りランキング【2021年8月31日時点】【株式投資編】	RmHr3daI2No
第201回 【トレンド転換か】株式投資に役立つ2021年8月の投資トピック総まとめ【インデックス・高配当】【株式投資編】	QDf3u0aEziw
No. 260 [New Book Introduction] Commentary on the Mook Book "Absolute FIRE!" and "Three Things to...	3NmM5hxxNTs
【初心者向け】高配当株の「分析ツール」の使い方をカンタン解説【株式投資編】：（アニメ動画）第130回	CzPo5enC73Y
No. 65 [You're missing out if you don't know] The President's Top 8 "Great Deal" and "Trending" M...	4ayIB8hPfeU
【要注意】当てはまったらヤバイ、リストラ候補の特徴5選【対策アリ】【稼ぐ 実践編】：（アニメ動画）第129回	p2ryGnJoRUw
第115回 【鍛え方も伝授】お金を生むポータブルスキル5選【稼ぐ　実践編】	zWi2H8aFuog
【20年間Webで食べている学長が解説】ブログのメリット・デメリットと始め方【稼ぐ 実践編】：（アニメ動画）第128回	GEP65Gvedqc
第114回 【絶対やるな】年収を上げたい人が「やってはいけない交渉」5選【稼ぐ 実践編】	skPH5U-fKjw
[3 Key Differences] The Decisive Gap Between People Who Get Poor vs. Rich Through Minimalism [Lif...	W6QKp82LlVA
第25回 【値下がりしないマイホーム？】タワーマンションのメリット・デメリット7選【不動産投資編】	WJEFJFmqwlw
第259回 【いつか来た道？】フリーランスはフリーターと同じ末路を辿るのか？【違いと共通点5選】【お金の勉強 初級編】	9v4kAuU9PjI
[Guaranteed to be profitable!] 3 reasons to throw away your bookshelf and recommended e-readers [...	INns-ftvzzU
第200回 【金融庁が注意喚起！】レバレッジ型ETFの「よくある勘違い5選」について解説【株式投資編】	E3D5DrSHtE4
【日本はアメリカ化する？】終身雇用崩壊後の世界の「歩き方」について解説【稼ぐ 実践編】：（アニメ動画）第125回	ufI2SRk4S9I
Ep. 258: [Save $10,000!] 6 Tips for Negotiating the Price of a Used Home [Money Lessons for Begin...	pRrTIaopq0M
[TOP 5] Why Is the Ideal Marriage So Hard!? Explaining the Sad Commonalities Between Marriage and...	0GoTz3_hSH8
第199回 「今から投資」が遅くないたった1つの理由【株式投資編】	BIWx3-mkRyw
【お金に縁がない人必見】お金を呼ぶ「サバンナ思考」について解説【人生論】：（アニメ動画）第123回	5iG5hAw7qds
第25回 【これが本質】明日からお金が貯まるようになる秘密の質問9選【貯める編】	xNyX-OKajqo
【本当に儲かる？】お金に強くなりたい人におすすめのマネー系資格を解説【10選】：（アニメ動画）第122回	oCAaxHcM1nA
[Rich Style] 3 Reasons to Have Two or More Securities Accounts, and the Pros and Cons [Stock Inve...	cWPi6Xf8-fY
第198回 【誰でも月3万円】高配当株を探そう！配当利回りランキング【2021年7月30日時点】【株式投資編】	11slW4gG2LU
[President's Secret Series] 5 Tips to Increase Persistence [Philosophy of Life]: (Animated Video)...	TSMi11gtbQw
No. 197 [Is the US the only strong player?] A comprehensive summary of investment topics for July...	EN8tkJp-8pU
[Trends come with traps] 3 reasons why wealthy people move to rural areas [Learn about money, beg...	eNl1rGami7Y
【 7つの判断基準】家や車、買うのと借りるのどっちがおトク？実は知らない「判断基準」を解説【お金の勉強 初級編】：（アニメ動画）第118回	xMgQfLSBB2g
第64回 【知らないと損】学長が選ぶ「お得」「トレンド」お金のニュースBest8【社会・トレンド】	ymp_qFPw8ZM
【お金が超貯まる】「クレカ2枚+スマホ」で快適キャッシュレス生活を送る方法【お金の勉強 初級編】：（アニメ動画）第117回	HvKJW54vrHI
第257回 【メディアで話題】どれを目指すのが正解？4つのFIREについて徹底解説【お金の勉強 初級編】	YbT8ts7N1tY
3 Advantages Only Individual Investors Know (Stock Market Edition): Episode 116 (Animated Video)	vPxBOtcdFk0
[Conclusion] Should beginner investors invest in "global stocks" or "US stocks"? [Stock Investmen...	AvEycgKuPH8
第256回 【違い5選】資産運用初心者と中級者の「決定的な違い」を解説【お金の勉強 初級編】	fBpxUXb8AmQ
3 Parenting Methods the Principal Learned from His Father [Life Lessons]: (Animated Video) Episod...	4-hKKbTwtFA
第255回 【これが結論】【新刊紹介】日本版セミリタイアの教科書を徹底解説【米国株で始めるセミリタイア投資術】【お金の勉強 初級編】	QmY9i_ha-o0
【知らないと大損】リフォームに関する知識が超重要な3つの理由【お金の勉強　初級編】：（アニメ動画）第113回	TX__hRWB5CY
第196回 【分散強化】米国株・全世界株インデックスに「非上場株投資」を組み合わせるべきか解説【FUNDINNO】【株式投資編】	UV8ak1o5YeA
[Don't say it] Top 3 phrases that people who want to become rich should never say [Learn about mo...	UNVw6T9yumo
第254回 【これが結論】今、一番おトクな「安全資産」について解説します【お金の勉強 初級編】	pjQWRYlkGOk
【ジョブ型雇用の光と闇】従業員は得なの？損なの？どうすればいいの？【稼ぐ 実践編】：（アニメ動画）第111回	JYcJjyFEFsA
第253回 【受給額はいくら増える？】GPIFの2020年度爆益報告について解説【最新】【お金の勉強 初級編】	AcnS3kopzww
第195回 【富裕層は買ってる！】ヘッジファンドの基礎知識と買ってはいけない3つの理由を解説【株式投資編】	Mv_YX8Slabc
[For Beginners] 10 Steps to Start YouTube and Earn $1,000/Month Explained! [Practical Guide to Ea...	XMaTE9P7cdA
第194回 【月3万円の配当金を目指して】高配当株を探そう！配当利回りランキング【2021年6月30日時点】【株式投資編】	aphH0_Ce1SA
【金持ちだけが重視】財産リストにのらない「目に見えない3つの資産」について解説【稼ぐ 実践編】：（アニメ動画）第109回	bEbsdoh1CvA
第193回 【お祭りはいつまで？】株式投資に役立つ2021年6月の投資トピック総まとめ【インデックス・高配当】【株式投資編】	f4n3mvkOI1I
[It's a bit tricky] 3 reasons why switching to high-yield stocks after increasing your investment...	49k_tXaZsmI
第24回 【最強コンビ？】楽天モバイル＋mineoでコスパ最強を実現する方法【貯める編】	ZSHSTj6DvXI
If you want to be a happy, wealthy person, you should know about "rotten money" and "seasonal mon...	4sowsCQOoKg
第63回 【必見】学長が選ぶ「お得」「トレンド」お金のニュースBest8【社会・トレンド】	9-24ACcU9Ts
センスのある人vsセンスのない人【単純で決定的な違い5選】【人生論】：（アニメ動画）第106回	jwJe3ouGPtc
【価値ある資格】簿記3級・2級の学習を始めるのに「最適な時期」とその理由【お金の勉強 初級編】：（アニメ動画）第105回	3xhWX50TF5g
第252回 【薬が毒に？】複利の凄さを表す「面白エピソード」と、複利が壊す「生きるセンス」3つについて解説【お金の勉強 初級編】	JeqIBamvYpM
[One step to earning 30,000 yen in monthly dividends] How to start investing in high-yield Japane...	yTLCASxLX34
第132回 【やるやる詐欺？有言実行？】学長が2021年「超・やりたいこと」14選の現状を報告します【人生論】	Qf0WlUy8-Bc
No. 131 [Surprisingly common] 5 characteristics of people who "ignore" the good fortune that is r...	kWohRsrsKqM
【コロナで破綻急増】住宅ローンで困窮している「実例」と「やってはいけない5つのこと」【お金の勉強 初級編】：（アニメ動画）第103回	dCALjaWUkJA
[Multiple Choice Question] A Talmudic Short Story to Determine Whether You Are a "Wise Fox" or a ...	jUX5BPc4Dlg
No. 192 [Is Rakuten Completely Defeated?] Should You Switch to "SBI V Series"? [US Stock Index] [...	iTd1qruS_os
サラリーマンの年収にまつわる３つの残酷な真実【年収アップ戦略アリ】【稼ぐ　実践編】：（アニメ動画）第101回	-T4kcG2T03E
No. 23 [Purchase at a 30% discount] 5 tips for buying home appliances cheaply [Savings Edition]	2g4_BllBuo8
[For beginners] An easy-to-understand explanation of the difference between mutual funds and ETFs...	UFW7XdMvdOc
Episode 191 [Paid] A complete explanation of how to receive money wisely with the complicated and...	7paaXBrt3qs
[Must-Know] The One Thing More Important Than "Annual Income" for Early Retirement [Want to Quit ...	DlkOHnB6doA
No. 62 [5 Case Studies] Tips for Surviving in a Cruel Society Where You Only Have Two Choices: Wi...	wTRcpOyi01Q
[Secret Gadget] What is a Time Bucket? Explaining its 3 Benefits and How to Make One [Philosophy ...	2wYHlBF93K4
No. 190 [Easy as it gets] Tips for investing in the S&P 500 and global stocks while keeping costs...	CcCPAE6gdkE
No. 189 [Aiming for a monthly dividend of 30,000 yen] Find high-dividend stocks! Dividend Yield R...	rDL6EDBdzVk
[An old story that even a child can understand] 5 ways of thinking and recommended actions to ove...	xhBhKBaO-jg
Episode 188: [Beware of Market Drops!] A Comprehensive Summary of Investment Topics for May 2021 ...	YzPZ1K_Uxh4
【日本人と全然違う？】貯金がほとんどゼロのイギリス人。老後が怖くない理由【お金の勉強 初級編】：（アニメ動画）第96回	zVUJ29EU5LI
第61回 【商品実名アリ】学長が選ぶ「お得」「トレンド」お金のニュースBest8【社会・トレンド】	QFvkj_vozBA
【平均年収は？生活レベルは？】実はみんなが知らない中小企業の社長の「お金の話」【稼ぐ 実践編】：（アニメ動画）第95回	xE2ZPOy_ntw
Episode 113 [For Beginners] Explaining 10 Rules to Increase Your Earning Power [Earning Money Pra...	wCaS4wzWO44
【残念過ぎる】仕事を振れない人のダメな考え方5選【人生論】：（アニメ動画）第94回	_x2gBgWFhzY
第14回 【2021年5月版】最近、学長が買ってよかったもの8選【良いお金の使い方編】	9nAopQCGmAA
【重要】資産が少ないうちは「集中投資で増やせ！」は正しいか？【株式投資編】：（アニメ動画）第93回	vbZIPBqj7jU
第112回 【超便利】これがあるから稼げる「副業おすすめツール」12選【稼ぐ　実践編】	rA-8SSZPO54
【不用品を現金に】金持ちは必ずおさえている「持ち物を高く売るコツ」7選【お金の勉強 初級編】：（アニメ動画）第92回	pyhP_3kNntw
No. 111 [2021 Edition] Earn a monthly side income of 50,000 yen! 9 Recommended Side Jobs [Earning...	epsGsinWEGI
第110回 【必見】あなたが会社に「イライラする理由」とその「対処法」【稼ぐ　実践編】	kQQlzr_qn7s
【インデックス出口戦略】貯めた資産を最高効率で活用する「4％ルール」について解説【株式投資編】：（アニメ動画）第91回	9haZc-UBF50
第22回 【経済圏戦争】楽天経済圏の「ライバル」になる3つの経済圏について解説【貯める編】	aOPa5qJv_6Y
【実は誰でもできる？】副業コンサルタントになる方法と、コンサル事業の7つのメリットについて解説【稼ぐ　実践編】：（アニメ動画）第90回	cKW4l_oqOdE
Episode 130 [Five Criticisms] My thoughts on the criticism of FIRE [Philosophy of Life]	YSzfu6Xvn5c
[Introducing 20 Recommended Funds] 5 Checkpoints for Reviewing iDeCo & Tsumitate NISA [Stock Inve...	T6gsGo4uFfI
第251回 【〇％が貧困】「今の日本」が良く分かる統計データ10選【お金の勉強 初級編】	yFzqkck4yXw
[Caution] "Three Side Effects" that Affect People Who Have Made Massive Profits from Stock Invest...	cb0tqSkKn3c
第187回 【月3万円の配当金を目指して】高配当株を探そう！配当利回りランキング【2021年4月30日時点】【株式投資編】	iTfklR3dPZ8
金持ちになりたい人が絶対に聞くべきタルムードの小話「正直な仕立て屋」【お金の勉強 初級編】：（アニメ動画）第87回	0sSlWNMcrwE
第186回 【買い増し注意！】株式投資に役立つ2021年4月の投資トピック総まとめ【インデックス・高配当】【株式投資編】	27lMMdYFOwE
【シンプルです】生涯賃金が増えない決定的な理由＆「稼げる人」になるための5つの質問：（アニメ動画）第86回	ZEGn_KlmV1Q
[Data Included] 62-Year-Old Senior Blogger Publishes Book! 3 Reasons for Success [Earning Money i...	zT3hVxRWyzU
No. 60 [April 2021 Edition] The President's Top 9 "Great Deals" and "Trending" Money News [Societ...	DoiFrArIuj0
【インターネットの基本】知らないと恥ずかしい7つの用語について解説【ゼロから学ぶITスキル】：（アニメ動画）第84回	8FSO4VVQ_tk
第250回 【不安解消！】今の日本で子育てするための「基本戦略」と「ファイナンス法8選」【お金の勉強 初級編】	MA0YCtVf0iI
[REIT Explained] Real Estate Investment for Anyone Starting from 10,000 Yen [4x in 18 Years?!] [B...	ucCu1wVJ0-c
Episode 185 [For Beginners] An Easy-to-Understand Explanation of the S&P 500 [Stock Investment Ed...	Rp2G_nWfe20
No. 184 [The Ultimate Hands-Off] Explaining "Target Year Funds" [Stock Investment Edition]	szSS1HOe534
第21回 【ジャンル別に1位だけを紹介】コスパが良いおすすめの掛け捨て保険4選【厳選】【貯める編】	k2cc3nBq5kc
【中学生にも教えたい】人的資本とは何か？親が子供に「会社員」や「公務員」をすすめる理由【稼ぐ 実践編】：（アニメ動画）第82回	VubqdjOK4TY
#249 [Important] 5 Common Mistakes in Your Financial Life Plan [Financial Education for Beginners]	qyKC5Ftv8Vk
第129回 【経営者も愛用】モテる（かもしれない）クレジットカード5選【人生論】	KaBtnQ-ogOo
[Fact] The Root Cause of Why Your Money Won't Grow Is Your __ [Life Philosophy]: (Animated Video)...	uUuAtMafMYA
No. 248 [A powerful ally] How much will you receive in the end? A simple explanation of "survivor...	E165zQ3JirQ
[Investing hourly wage is 100 yen?!] Is it true that "it's pointless for people with little capit...	pP198XKp8Ts
Episode 183 [Legendary Lessons] Explaining the "KISS Portfolio" Based on the Fundamental Principl...	6V9PEEEonRs
【いつか後悔する】「出世したくない」が招く最大のデメリットとは？【稼ぐ 実践編】：（アニメ動画）第79回	w0NH6C8MIvc
No. 247 [Learn from a Psychiatrist] "Three Happiness" and 5 Ways to Deal with Money That Don't Ma...	VAo01Fwc6Lw
Episode 246: [Don't Miss Out] 4 Key Changes to Pension Law Explained Simply [Money Lessons: Begin...	fuml2lsYW7E
【結論：誰でも向いてる】25コ事業をつぶした起業家社長が語る起業に向いている人の特徴5つ【稼ぐ 実践編】：（アニメ動画）第78回	JFs-MnjSXQA
第109回 【小金持ちはどんな人？】資産5,000万円以上の準富裕層の「典型例」を3つ解説【稼ぐ 実践編】	18cAPPFPKxI
[S&P 500 hits new record high] The cautionary tale "Seven Fat Cows and Seven Skinny Cows" is a mu...	SgvbvCpylYk
第182回 【月3万円の配当金を目指して】高配当株を探そう！配当利回りランキング【2021年3月31日時点】【株式投資編】	XfeQcnRBzPQ
[What company employees don't know] Explaining the "banks" that people who seek freedom should de...	0SSckGzTk_c
第181回 【重要ニュース多数】株式投資に役立つ2021年3月の投資トピック総まとめ【インデックス・高配当】【株式投資編】	eyb1dnt5zME
幸せな小金持ちになるための資産運用との「ほどよい」距離感【株式投資編】：（アニメ動画）第75回	N-Id6X73gcY
Episode 245: [5 Tips to Avoid Regrets] Money Basics for First-Year Professionals [Financial Liter...	zJaJSnJOHqk
[Reproducible] 7 Laws to Become a Millionaire [Financial Literacy for Beginners]: (Animated Video...	dqbfMp_nvVM
第59回 【2021年3月版】学長が選ぶ「お得」「トレンド」お金のニュースBest9【社会・トレンド】	m-4wcFl67jM
#128 [5 Pieces of Advice] Everything I Want to Tell People Who Can't Stand Getting Rich Slowly [L...	r9fQQYvLSzk
第20回 【超お得】住宅ローンに関する「よくある質問20」にすべてお答えします【貯める編】	aMYlAsQ9VXo
[Paid] Explaining the perfect "household finance know-how" for independence [Must-see for those w...	zmulq35s1K0
第180回 【超お得】配当金の手取り金額を最大15％増やす「配当控除」について解説【株式投資編】	PwkUTZkXFps
People who live without money [Learn about money, beginner level]: (animated video) Episode 72	ePXT3sbgH1s
第244回 【知るだけで得する】これに完答できたら未来は明るい！お金のレベルを測るマネークイズ20選【お金の勉強 初級編】	5t9ZFKQBdlQ
Three Measures of Wealth That They Don't Teach You in School [Money Lessons, Beginner's Edition]:...	tUaLumN--rc
No. 108 [You're likely to fall into this trap] 5 traps of "hourly wage thinking" that keep you fr...	U6PKth3F_9o
【後悔する前に見て】資産運用　失敗を呼び寄せる3つの行動【株式投資】：（アニメ動画）第70回	IW_6FG8ZjIk
第179回 【有料級】「相場の現状」と「これからを乗り切る投資術」を解説【株式投資編】	v8sQ31T73DA
【まさかの73歳】住宅ローンの完済予定年齢がヤバイ。ローン破産しない対策を解説【お金の勉強 初級編】：（アニメ動画）第69回	whexEXQW_I8
#127 [Often Overlooked] 5 Actions to Boost Your "Trust Account" Balance [Life Philosophy]	tobtVkOEOBc
[Actually, everyone does it] 5 things people who don't want to be rich do [Money Studies Beginner...	uMps1aLrHkA
No. 107 [Tactics] 9 points to earn 50,000 yen a month with a side job [Earning money in practice]	bAwoXkzvwdU
[Enjoyable even for children] A must-listen short story for anyone who wants to become rich: "The...	DlA9lZq81DQ
第126回 【4つの企画】リベ大が「本当にやりたいこと」と「チャレンジしたいこと」について【人生論】	nmh_EzLjQQ4
[Solution Hints] 5 Characteristics of People Who Are Indecisive [Philosophy of Life]: (Animated V...	RBzmP4AzH2k
第178回 【凹みやすい人でも大丈夫】インデックス投資や高配当株投資が「繊細さん」向けな3つの理由【株式投資編】	NNqutEu3ias
「不幸な歳のとり方」をしないためのお金のキホン【データあり】【お金の勉強 初級編】：（アニメ動画）第65回	G3y98A3V7Tc
第58回 【裏技】大企業が続々と「中小企業化」する理由を徹底解説【JTB/大庄】 【社会・トレンド】	y5npgntC6OY
第243回 【年収は住所で変わる！】年収アップしたい人が住むべき場所の「5つの条件」【お金の勉強 初級編】	15Jk7dYoyvo
【意外？】転職“未”経験者の評価が低くなる3つの理由【稼ぐ 実践編】：（アニメ動画）第64回	aFwiAVqOI1w
Episode 19 [Anyone can do it!] Aim for +30,000 yen! Introducing customizations for the "Savings H...	PYDDCkcGl34
【ありがとう】リベ大YouTubeチャンネル100万人突破のお礼	_v8KKldmULk
【超おすすめ】印税20億円の作家が語る「お金の減らし方」【書籍紹介】【良いお金の使い方編】：（アニメ動画）第63回	jrVONkG2YG8
第125回 学長の人生に影響を与えた言葉13選【人生論】	HmrEifDfnLE
[Must-See] The Ultimate Way to Solve All the Worries of an Office Worker in One Go [Earning Money...	hIUgF7v10rI
第177回 【月3万円の配当は夢物語か】高配当株を探そう！配当利回りランキング【2021年2月26日時点】【株式投資編】	p-9KOg_O3HE
[Unexpectedly, two brother channels] Atsuhiko Nakata of Oriental Radio and the university preside...	CcFjtpJeEWI
第124回 【違い3選】「目標を立ててゴールできる人」と「挫折する人」の決定的な違いについて解説【人生論】	8WdabhjIQiM
第176回 【※重要ニュースあり】株式投資に役立つ2021年2月の投資トピック総まとめ【インデックス・高配当】【株式投資編】	N9zUQJkxwtY
サラリーマンがフリーランスになって驚く5つのこと【お金の勉強 初級編】：（アニメ動画）第61回	k__R0Uqhfek
Episode 123 [Why does it happen?] Explaining 7 "unconventional behaviors" of the rich and 3 "unco...	FpFP3DxCZFs
【実感】資産1,000万円を貯めるまでのシンプルな道筋【貯める編】：（アニメ動画）第60回	AhbNkIq_mEY
No. 57 [February 2021 Edition] Top 8 "Great Deals" and "Trends" Financial News Selected by the Un...	ZnUJCHLVUwY
第122回 【効果アリ】小金持ちを目指す人のための「ニュース・ダイエット」について解説【人生論】	dceBWWXyE68
Are you okay? 5 common patterns of thinking and behavior among people who spend too much money [S...	cfv_9gp7h_M
第121回 【人生のゴール】学長の言う「お金がいらない」の意味を解説します【人生論】	FtVRv2D12nQ
Three skills that anyone interested in a side job should definitely acquire [Earning Money in Pra...	RC6PAXpysCk
第24回 【最新版】賃貸派も知っておくべき、分譲マンションの市場動向【不動産投資編】	0ie2KzWm75c
【お金の教育】大切な子どもが「お金で苦労しない」ためにできること【お金の勉強 初級編】：（アニメ動画）第58回	WTU3YDwRf6o
第105回 【高すぎると不利】もっともコスパの良い年収は？「最適年収」3パターンについて解説【稼ぐ 実践編】	q9tkPLw6sEU
【転職術の新常識】年収アップの基本戦略「軸ずらし転職」について解説【稼ぐ 実践編】：（アニメ動画）第56回	yfeVaI57fGE
第242回 【超重要】銀行員に「嫌われる人」の特徴Best5【お金の勉強 初級編】	HVSuab0m018
第173回 【2022年からほぼ全員対象】iDeCoは老後資金問題の解決策になるのか？よくある質問6つに回答【株式投資編】	dneQII4ItpE
【老後は安泰？】エリートの年金額と「末路」について解説【お金の勉強 初級編】：（アニメ動画）第55回	tL6UIHndWRs
第241回 【反面教師】「貯金が少ない人」と「金欠社長」の5つの共通点について解説【お金の勉強 初級編】	C8cgiitb1nk
第13回 【学長おすすめ】人生を良くするアイテム21選【良いお金の使い方編】	E4uHGijpCNM
【300万円～1000万円】年収別の手取りと生活費を計算して気がついた5つの真実【お金の勉強 初級編】：（アニメ動画）第54回	yLjefWe221o
No. 56 [Is relief only available to those who filed lawsuits?] Explaining the pension "administra...	s8rTOpsLajk
第240回【本当に儲かる？】お金に強くなりたい人におすすめのマネー系資格を解説【10選】【お金の勉強 初級編】	VYqDFGDYEaI
第239回【 7つの判断基準】家や車、買うのと借りるのどっちがおトク？実は知らない「判断基準」を解説【お金の勉強 初級編】	DyhVhORTucQ
[Successful people answer immediately] "Only two" questions that can determine whether you can su...	GwoNtIt85hY
Episode 12 [Is money really the most powerful thing?] Explaining the 9 benefits of spending money...	ee4yuSSYljs
第55回 【裏では改悪だらけ】楽天モバイルの新プラン「Rakuten UN-LIMIT VI」と、「楽天経済圏の改悪7選」について解説【社会・トレンド】	7SvnkeFzLE4
【合法】家賃は自分で払うな！家賃負担を30％カットする最強の方法【稼ぐ 実践編】：（アニメ動画）第52回	HXFpcQDEW10
第175回 高配当株を探そう！配当利回りランキング【2021年1月29日時点】 【株式投資編】	bwmvUyqQ3eo
No. 54 [January 2021 Edition] The President's Top 9 "Best Deal" and "Trendy" Money News [Society/...	g4xezBtEOL0
第174回 【資産運用している人必見！】株式投資に役立つ2021年1月の投資トピック総まとめ【インデックス・高配当】【株式投資編】	hxOVHljKQ_w
【自由への家計簿】経済的自由の6つのレベルと、セミリタイアのための家計管理について【お金の勉強 初級編】：（アニメ動画）第51回	p-Rx-T2tl6c
第172回 【新時代到来か】過去最高値を更新し続ける「NYダウ」にも圧勝。イーマクシスネオについて解説【eMAXIS Neo】【株式投資編】	us7CsLFmDeM
【無意識】ついついお金を払ってしまう「5つの罠」【行動経済学】【貯める編】：（アニメ動画）第50回	uSwLgZs1l6g
第171回 【毎年恒例】「ファンド・オブ・ザ・イヤー2020」の結果について解説【株式投資編】	YzfMjHOh8dM
No. 238 [Survey of 1,000 people] How much savings do you have? What annual income would make you ...	rHlw1zdVFxw
[US Aggregate Bond Fund] AGG is a surefire bond ETF that is easy for beginners to invest in [Stoc...	tZRRpuXZCYM
第104回 【何も残らない人にならないために】自己投資で失敗しないための「攻略法」を6つ解説【稼ぐ 実践編】	dnjCQWXUNUk
No. 237 [Make sure to use it all up] 5 reasons why you should "never save up your points" and "us...	3kHkwFmFotk
What does "living within your means" mean in the Reiwa era? The fate of those who continue to liv...	JlauJgLZMG0
第120回 【特徴3選】良い贅沢と悪い贅沢の見極め方をシンプル解説【人生論】	11wBAJoJ7sQ
第119回 【知らないと恥ずかしい】SDGsのキホンと、SDGsを取り入れて生活を豊かにするコツ2つ【人生論】	ofimWFb3Yeg
[Only 3 steps!] How to create a budget that will help anyone save money easily [Money Studies Beg...	EPvap4h3Ghs
第103回 【日本はアメリカ化する？】終身雇用崩壊後の世界の「歩き方」について解説【稼ぐ 実践編】	Nxi3x9QMI9c
[The worst possible outcome] You lose credibility when you join a network marketing (MLM) busines...	R5HNRKxc39U
第236回 【2020年版資産ランキング】8資産の「成績順位表」から学ぶべきポイントを解説【お金の勉強 初級編】	6zXIBB7pH7s
No. 53 [Will there be mass cancellations?] Rakuten Gold Card gets worse! Should you switch to a r...	X49rBLcd9bk
Episode 235 [A rip-off for the uninformed] Rakuten Bank's "Real Estate Investment" Direct Mail is...	ClNenGtcUmI
[Very Important] "Two Truths" You'll Realize When You Start Investing Your Assets [Beginner's Gui...	WcV0pCIjnzY
第52回 【日本も見習うべき？】4人産んだら税金ゼロ！ハンガリーの少子化対策がスゴすぎる【社会・トレンド】	993ym4tkIYg
【見落としがち】本当の「安定」を生み出すたった1つのもの【稼ぐ 実践編】：（アニメ動画）第45回	hLlot_iJU-I
No. 170 [Learning from the World's Top University] Harvard University Portfolio Explained [Stock ...	-fWKZC8OHIg
第169回 【初心者向け】高配当株の「分析ツール」の使い方をカンタン解説【株式投資編】	M4UzCrFyS3o
「自分は凡人かも」と思ったらやるべき７つのこと【人生論】：（アニメ動画）第44回	CWjNQjRbVWw
No. 168 [People who never lose know] 3 strengths unique to individual investors [Stock investment...	a0hjwFWH99w
No. 167 [Rich Style] Three reasons why you should have two or more securities accounts, and the p...	YvwLePHyyfQ
[Put it into practice right away] 7 lessons from billionaires that have been passed down for over...	1WUvE54GY10
第102回 【誰でも月収10万円アップ】Amazon販売せどりのやり方を5ステップで完全解説【稼ぐ 実践編】	NdlSwO8N-5c
第166回 高配当株を探そう！配当利回りランキング【2020年12月30日時点】【株式投資編】	2dsN0n2w8aQ
[How to think about household finances] Explaining "3 things you absolutely must understand" [Lea...	aoBmdoOeBYc
No. 118 [President's Secret Series] 5 Tips to Increase Persistence [Philosophy of Life]	LvSHDIRU9ow
No. 117 [New Year] The President lists 14 things he "super wants to do" in 2021 [Philosophy of Life]	DSZs2zyfIp8
[Survey of 25,000 people] The shocking level of financial knowledge among Japanese people [Money ...	CaGV2AqJ0_8
第234回 【20選】お金に強い人が丸暗記している「重要な数字」を20コ紹介します【お金の勉強 初級編】	ArxYqP7Uh9k
第165回 【資産所得で生きていく】4％ルールを成功させるための秘訣3選【株式投資編】	eoHieTFpN1Y
5 Mistakes to Know When Choosing Your Home to Avoid Regrets [Real Estate Investment Edition]: (An...	5c1Hh-GexL0
第164回 【資産運用している人必見！】株式投資に役立つ12月の投資トピック総まとめ【インデックス・高配当】【株式投資編】	VX0I73A4rrc
No. 233 [Insurance, Real Estate, Investment Trusts] 9 Ways to Fight Dangerous Sales Pitches to Pr...	zmA5phRaltE
第51回 【あなたはどの階層？】「富裕層の最新調査レポート」について解説します【学長の感想3つ】【社会・トレンド】	MXQj2qeugjQ
第50回 【2020年12月版】学長が選ぶ「お得」「トレンド」お金のニュースBest9【社会・トレンド】	Zl9cI_0tZtQ
[Here's the Difference] The Difference Between People Who "Connect Self-Investment to Success" an...	3baYoUB-vIQ
第18回 【誰でもできる】やれば必ず得する小さな節約法20連発【最大で年間約50万円の節約】【貯める編】	a-6fxIMALq4
No. 23 [It's an illusion] Why you shouldn't be distracted by "annual rental income" when investin...	mkQ2EIAFcSY
[Anyone can do it] Specific ways to thoroughly save on living expenses with hometown tax donation...	vn8RdqwepN0
第101回 【20年間Webで食べている学長が解説】ブログのメリット・デメリットと始め方【稼ぐ 実践編】	lPgGU5fR5rs
第11回 【月収100万でも転落コース？】急に収入が増えた「ミニ成金」にありがちなお金の失敗5選【良いお金の使い方編】	lfWCVTj28nM
第232回 【コロナで破綻急増】住宅ローンで困窮している「実例」と「やってはいけない5つのこと」【お金の勉強 初級編】	XekUT7SHQZ8
【ゆるく生きる】高配当株投資のみでセミリタイアを目指すための3つの条件【株式投資編】：（アニメ動画）第37回	i6n-1XvopYM
Part 10: If you want to be a happy, wealthy person, you need to know about "rotten money" and "se...	hxl25iJnqkM
第100回 【要注意】当てはまったらヤバイ、リストラ候補の特徴5選【対策アリ】【稼ぐ 実践編】	D-vYn6hfdvw
第99回 あなたの年収がバグらない2つの理由【稼ぐヒントも伝えます】【稼ぐ 実践編】	M83xOFCZE3E
No. 49 [What will happen in 2021?] The latest "Tax Reform Outline" has been released, so we will ...	va1XdcSZ4qk
第98回 給料が上がらない人の抱いている幻想5つ【打ち破れ】【稼ぐ 実践編】	LdQ3ZhKBwUk
What is the first "power" that people who want to become rich should develop? [Learning about mon...	v7mdERpzfIM
第116回 【人生を無駄にしないために】学長が「絶対にやらない」と決めている25のことを公開します【人生論】	jSjcXM0EkjA
賢い人だけが知っている　自分の「本当の年収」【お金の勉強 初級編】：（アニメ動画）第35回	F29DTP8Aulg
第48回 【お金の勉強】大ヒット映画「鬼滅の刃」原作者の取り分は適正なのか？【社会・トレンド】	J7ZdOAuaFBA
第47回 【ドコモ新料金プラン「ahamo」発表】月額2,980円のプラン登場で、楽天モバイルはオワコンになるのか？【社会・トレンド】	Sz05P0HedjE
Episode 163 [Conclusion] Should beginner investors invest in "global stocks" or "US stocks"? [Sto...	-Bh0SA37Krw
【知らないとお金に困り続ける】チャンスを掴める人vs掴めない人の違いを解説【人生論】：（アニメ動画）第34回	TGSp-gF30yA
第162回 【2017年の再来】暴騰する仮想通貨に投資するべきか？ズバリ回答します【株式投資編】	0lHzcGoe1KQ
第161回 【10分で分かる】株式投資に役立つ11月の投資トピック総まとめ【インデックス・高配当】【株式投資編】	P0bB-ysp8Ko
第115回 【TOP5】理想の結婚はナゼ難しい！？結婚と企業買収の悲しい共通点を解説【人生論】	Rw7D9nkKMBc
【勘違いです】お金に困りがちな人の「思い込み」5選【お金の勉強 初級編】：（アニメ動画）第33回	ukfKaMkQlUc
No. 231 [Retirement is a big deal] Explaining the deterioration of the "Late-stage Elderly Medica...	mBa_2bn-J-I
【人間関係に疲れたら】縁を切るべき人5選 〜人間関係の悩みが消える、他人との付き合い方の大原則〜【マンガで解説】	2HINaOEPgGg
第114回 【2020年まとめ】見るだけで人生が変わるおすすめ動画を7つ紹介【人生論】	8XjNQJERmRY
[Is it true or false?] Is it really possible to earn 1 million yen a month from blogging? Explain...	Fx5lzEDSDs0
Episode 230: [Can't see the view you want to see anymore?] Explaining the historical background b...	sEoFCLDmsX0
【真理】不幸になりたくない人が最重視すべきたった1つのこと【人生論】：（アニメ動画）第31回	v03ONJrQOPo
第46回 【リーマンショック以来の減少】2020年「冬のボーナス事情」について解説【大企業でも厳しい】【社会・トレンド】	Ie1OZJrjRT0
[You Can Do It Too] 7 Things I've Learned Since Living on Passive Income [Philosophy of Life]: (A...	m_JYLI0VcTU
【転職初心者必見】転職エージェントを利用する”前”に知っておくべき重要ポイント8選【稼ぐ 実践編】：（アニメ動画）第26回	VRIXgDPhhUw
Episode 229: [Misunderstandings can be fatal] Explaining "3 common misconceptions" about inherita...	JE3GtK3jKnY
【使わないと損】サラリーマンが20％OFFで自己投資する方法【教育訓練給付金】【お金の勉強　初級編】：（アニメ動画）第29回	n5W2OCg2urM
第228回 【知らないと大損】リフォームに関する知識が超重要な3つの理由【お金の勉強　初級編】	wg9WpDuC89c
No. 227 [Not surprising?] Top 5 common worries of the wealthy [Learn about money, beginner level]	_vdGQXdK4K4
【家電はケチるな】絶対に後悔しないおすすめ時短家電ベスト3【良いお金の使い方編】：（アニメ動画）第28回	c_bCt9xMufU
No. 97 [Only the rich care about] Explaining the "Three invisible assets" that don't appear on yo...	Z2VouBlwrmc
第113回 【お金に縁がない人必見】お金を呼ぶ「サバンナ思考」について解説【人生論】	7ME9pEG37e8
No. 226 [For those who are afraid of retirement and can't quit their jobs] Introducing a simulati...	YetjxYoJo6k
第96回 【平均年収は？生活レベルは？】実はみんなが知らない中小企業の社長の「お金の話」【稼ぐ 実践編】	owW38Ps3qT8
Episode 45: [Stock Market Surge] Pfizer's COVID-19 Vaccine and its Impact on the Stock Market [So...	Y0S_LJQAvvM
[For Beginners] 4 Points to Consider When Choosing an Index Fund [Stock Investment Edition]: (Ani...	qxPsEEYQ6qg
第112回 【秘密道具】タイムバケットって何？3つのメリットと作り方を解説【人生論】	in0GDXJfX4c
No. 17 [Guaranteed to be beneficial!] 3 reasons to throw away your bookshelf and recommended e-re...	Wupf7C9up4I
Episode 225: [Save Money!] How to Live a Comfortable Cashless Lifestyle with Two Credit Cards and...	G0QaAvikZ-I
第16回 【楽天経済圏が進化】楽天でんき・楽天ガスのメリット・デメリットを解説【貯める編】	gnsgEjx7Hco
[Many Benefits] 3 Reasons Why Both University Presidents Use Rakuten Securities [Good Reputation]...	o-RwO6r-xEM
第160回 【おすすめファンド20本も紹介】iDeCo&つみたてNISAの見直しチェックポイント5選【株式投資編】	eD6SK3cTygU
サラリーマンの9割が豊かな老後を迎えられない理由と解決策【お金の勉強 初級編】：（アニメ動画）第22回	W5sANNsnoVU
第159回 高配当株を探そう！配当利回りランキング【2020年10月30日時点】【株式投資編】	cPJg_c1CPE0
第224回 【必見】同じ失敗を繰り返す人の特徴5選【当てはまったら要注意！】【お金の勉強 初級編】	fJHQeBGodDU
【実例紹介】30歳で7,000万円貯めてセミリタイアする方法【再現性はあるのか？】【株式投資編】：（アニメ動画）第21回	_OKjVF_CUk0
No. 158 [Understand in 10 minutes] A summary of investment topics for October 2020 that will help...	uiVgfnFEFx0
第95回 【シンプルです】生涯賃金が増えない決定的な理由＆「稼げる人」になるための5つの質問【稼ぐ 実践編】	5Cm2E2N0bQ4
第94回 【中学生にも教えたい】人的資本とは何か？親が子供に「会社員」や「公務員」をすすめる理由【稼ぐ 実践編】	Jk-VxUGOgzA
[Some religions prohibit it] A detailed explanation of the power of interest rates [Money Studies...	4iwE02CTFVg
第223回 【言ってはいけない】お金持ちになりたい人が絶対に言ったらダメなフレーズTOP3【お金の勉強　初級編】	iSqMw-Ccq_o
第222回  【不用品を現金に】金持ちは必ずおさえている「持ち物を高く売るコツ」7選【お金の勉強 初級編】	DhqF-IHKpuM
【お金を稼げない人の特徴】親から受け継いだ価値観が原因かも？！〜見直すべき『お金に対する３つの感情』〜【マンガで解説】	svMYx5wTCfM
#111 13 Gifts the President Recently Gave to Others & 3 Tips for Giving Gifts [Philosophy of Life]	GRzE-TB0-hw
第221回  【まさかの73歳】住宅ローンの完済予定年齢がヤバイ。ローン破産しない対策を解説【お金の勉強 初級編】	FMiYOX3wvZw
第110回 【違い3選】ミニマリズムで「貧乏になる人」と「金持ちになる人」の決定的な違いとは？【人生論】	ewuoMV3HlTM
[What is the average savings amount?] Latest opinion poll reveals! 5 characteristics of elite hou...	kAQOHX0fVNQ
No. 109 [An old story that even a child can understand] 5 ways of thinking and recommended action...	IgGq0Me2rXM
第220回  【知らなきゃ絶対ムリ】早期リタイアするために「年収」よりも大切なたった1つのこと【会社やめたい】【お金の勉強 初級編】	WgIb2Sg1Mso
[5 characteristics of people who can't save money] 5 common patterns of behavior among people who...	XUc-Av0_JOQ
No. 219 [Die with Zero] Is it right to have zero assets when you die? [Money Studies, Beginner's ...	NDbxQ6qUJV0
第93回 【実はリストラ？】週休3日・4日制の概要と、学長の見解を解説【稼ぐ 実践編】	_XdOoy4H5cM
第92回 コンビニ経営で誰でもお金持ちになれるのか？「厳しい5つの理由」を解説【稼ぐ 実践編】	XmOAqgZQOS8
30歳で1000万貯まる『貯金を増やすコツ5選』【お金の勉強　初級編】：（アニメ動画）第18回	Sf5v91X6zfE
No. 218 [The Trend Has Traps] 3 Reasons Why Moving to Rural Areas Keeps the Rich Away [Learn Abou...	fFcZdmMo3no
第157回【重要】資産が少ないうちは「集中投資で増やせ！」は正しいか？【株式投資編】	zt05uor6cOE
【これが現実】年収がいくらあれば幸せなのか？ 〜年収1000万円でも幸福度が上がらない3つの理由〜【マンガで解説】	O3AuC_8QUKg
第91回 【実は誰でもできる？】副業コンサルタントになる方法と、コンサル事業の7つのメリットについて解説【稼ぐ 実践編】	WuRjklugLhw
第9回 学長が行って良かった国内旅行10選【良いお金の使い方編】	vVydAh3Tyzw
第217回 金持ちになりたい人が絶対に聞くべきタルムードの小話「正直な仕立て屋」【お金の勉強 初級編】	Ff5TWKmQ6eI
[For Beginners] What should you do with asset management? Specific answers to this question [Supe...	wnUynxpxJS4
第216回 【日本人と全然違う？】貯金がほとんどゼロのイギリス人。老後が怖くない理由【お金の勉強 初級編】	u6XNCAIfK74
第90回 【夢から絶望へ】デスマッチよりも危険な「飲食店経営」【書籍紹介】【稼ぐ 実践編】	c-k-jYDbToY
[You can save over 100,000 yen] How to rent a property at a bargain price ~ Check the estimate an...	-dE5xRYIhNA
No. 156: Find high-dividend stocks! Dividend Yield Ranking [As of September 30, 2020] [Stock Inve...	8vJilhFM5UE
第2回【ズバっと短答】リベ大学長の質問コーナー40連発【学長Q&A】	LADna3GFCI8
No. 155 [Don't get left behind if you just look at this] A summary of investment topics for Septe...	IyuXUK3_4BQ
[Peace of Mind] 7 Benefits of Living a Minimalist Lifestyle Without Raising Living Expenses [Phil...	GfKoSuJvOCQ
第44回 【アメリカも例外ではない？】世界の先進国を襲う「ジャパニフィケーション（日本化）」について解説【社会・トレンド】	L1j8oRWfF2U
第154回 【投資の教科書に載ってないことを言います】配当金を再投資すべきかどうか？考え方を解説【株式投資編】	qlOK3MkVeg4
5 Differences Between "People Who Can't Act Because of Anxiety" and "People Who Can Control Anxie...	46Mo1Emcs80
No. 43: The fate of the "6% yield, principal guaranteed" investment project [Japan Life Massive F...	QQ6svn2absQ
No. 89 [Two Pitfalls] Answering the Question of "How much money do I need to become independent?"...	pDxouzp9nbc
No. 22 [My Home] 3 Features of Apartments that Don't Lose in Asset Value [Real Estate Investment ...	CUJsMWLow6s
【断言】これを知らずにお金持ちになるのは無理。豊かなお金持ちが極めている5つの力【お金の勉強 初級編】：(アニメ動画）第15回	iES96tY4svQ
第215回 【最新】レバノンのハイパーインフレと「ゴールド」の相場環境について解説【お金の勉強 初級編】	AtvH8l1M8KI
第214回 【2択問題】あなたが「賢いキツネ」か「愚かなキツネ」かが分かる、タルムードの小話【お金の勉強 初級編】	zaErWxZ8pns
Recommended exit strategy for index investing (accumulation investment)! ~ Use the "4% rule" to m...	_rapuzUYTdo
第153回 【資産家には常識？】資産運用するなら必ずおさえておきたい「米国株の魅力7選」【株式投資編】	YRkpqCrQoC8
【資産が少なくてもリタイア可能】「サイドFIRE」の3つの魅力と追い風について【人生論】：（アニメ動画）第14回	9pGfe9j-_JI
No. 88 [Boss Management] 5 Tips for Good Workers on Dealing with Their Bosses [Earning Money Prac...	NNaxNp7K8Nw
10年以上『金のなる木』を買い続けた結果【なぜか皆やらない】【人生論】：（アニメ動画）第13回	Mr_ykmzIdVA
第87回 【いつか後悔する】「出世したくない」が招く最大のデメリットとは？【稼ぐ 実践編】	KFs7ZWGXYBk
第86回 【稼げる人には当たり前】稼げる人と稼げない人を分ける「たった1つの違い」について8種の副業を事例に解説【稼ぐ 実践編】	Sb30bWtUPmI
第213回  【会社員は知らない】自由を目指す人が付き合うべき「銀行」について解説【お金の勉強 初級編】	EwWfXepnZ_k
Episode 212 [Increasing] What is the "Golden Crowned Sparrow" that you should never become? [Mone...	vnJXpaUjz4I
[You'll Cry Someday] The End of People Who Invest Without Considering Their Risk Tolerance [Stock...	Dgn5h16iL_4
第152回 【要注意】株式投資で爆益を出した人を襲う「3つの副作用」【株式投資編】	J_LcEDzQkEA
【超重要】収入を増やす・投資をするよりも大切なこと【人生論】（アニメ動画）：第12回	7slS9xr8Ur4
第151回 【必見】現在の株式市場は割高？割安？「4つの指標」で要チェック【株式投資編】	QzhXrjkiGCc
第85回 【注目】失敗しないための副業選びのポイント5選【稼ぐ　実践編】	7X9O7VtzScQ
【成功する人の行動7つ】凡人が幸せになる方法　〜天才じゃない人が成功するための7つの秘訣〜【マンガで解説】	hn6SceU_XK8
第211回 【S&P500最高値更新】今こそ聞くべき戒めのお話「七匹の太った牛と七匹の痩せた牛」【お金の勉強 初級編】	NeOptmENvaI
第210回 【再現性アリ】億万長者になるための7つの法則【お金の勉強 初級編】	zovs04G0_Dw
第150回 高配当株を探そう！配当利回りランキング【2020年8月31日時点】【株式投資編】	hRosT9rtIS8
Are you a sucker? Or an information expert? Asset management for the common people and young gene...	4BVO5loM7bw
第84回 【有料級】独立のための完璧な「家計ノウハウ」を解説【会社辞めたい人必見】【マイクロ法人】【稼ぐ 実践編】	2-klAtULnzk
第42回 【超重要】安倍総理辞任で、資産運用はどうすべきか?3トピックを分かりやすく解説【社会・トレンド】	4vLjTcsbJz8
No. 149 [Japan's GDP collapses] Preparations for investing in high-yield stocks! A summary of eco...	GHm7uex64nM
第209回 【子供でも楽しめる】金持ちになりたい人が絶対に聞くべき小話「魔法のザクロ」【お金の勉強 初級編】	7g2FrwLhs1E
#108 Retired Young! What Six People Who Gained Freedom Have in Common [FIRE] [Philosophy of Life]	nOiOcEEgFhM
No. 208 Three Measures of Wealth That They Don't Teach You in School [Money Studies, Beginner's E...	SYtU1TE_hKA
ユダヤ人大富豪に教わった人生の幸福度が上がる銀行口座の使い分け方法【人生論】（アニメ動画）：第10回	hReGDOiTNAU
第148回 【義務教育で教えて！】お金が集まり続ける巨大ファンド10選【米国ETF】【株式投資編】	N5e9cwKzGAM
No. 147: The right distance from asset management to become a happy, small millionaire [Stock inv...	JMzTXen2FcE
Asset management and retirement planning for those in their 50s! How to live comfortably until ag...	nAmc5FXa8mo
第83回 【データあり】62歳のシニアブロガーが出版！成功した3つの理由【稼ぐ 実践編】	6nZLCtS1viY
第207回 【子供でも楽しめる】金持ちになりたい人が絶対に聞くべき小話「難破船と3人の乗客」【お金の勉強 初級編】	oFAR7PXbZVE
第41回 【不都合な真実】マスコミが言わない、年金運用の真実【社会・トレンド】	PJv0cDJoLQI
Recommended Saving Methods and Tips [Money Learning Beginners Edition] (Animated Video): Episode 8	USbfymHPM4w
第82回 大企業が働きにくい5つの理由と「じゃあどうすれば良いのか」を解説【稼ぐ 実践編】	OvjNFbHK1lM
No. 146 [20 Companies] High Dividend Stock Portfolio for the COVID-19 Pandemic and Recession [Sto...	gtgWJtVScsM
副業バレは怖くない！ 〜サラリーマンが安心して副業するための３つの心得〜【マンガで解説】	_MoGCHU0uPE
第206回 「不幸な歳のとり方」をしないためのお金のキホン【データあり】【お金の勉強 初級編】	nij7Rnagl2g
第145回 【後悔する前に見て】資産運用　失敗を呼び寄せる3つの行動【株式投資編】	gM_nvMd0Lnw
第107回 ついていきたいリーダーvs距離をとりたいリーダー【部下たちの本音】【人生論】	l3fFdrXWxBw
[Fact] The crucial difference between people who can become rich and those who can't [Learn about...	YNXmhItgMNw
第81回 【知らないと恥ずかしい】人材市場の最新メガトレンドを分かりやすく解説【稼ぐ 実践編】	KZ_geJdtc7Y
第205回 【実はみんなやってる】お金持ちになりたくない人がする行動5つ【お金の勉強 初級編】	yQv4pdfig6s
確実にお金が貯まる7つの教訓 〜90年以上語り継がれている『お金持ちになるための絶対的ルール』〜【マンガで解説】	HIjoU7fWrCY
第106回 【成功者は即答】あなたが成功できるかどうか判定できる「たった2つ」の質問【人生論】	QfRN2I4F9a4
No. 15: 5 Bad Questions Asked by People Who Can't Save Money [How many of these apply to you?] [S...	TXlQ_coPjv0
How to move to the Rakuten economy and earn 4 million yen in asset income [Learn about money, beg...	8rV9hiNxxXc
No. 80 [Legal] Don't pay your rent yourself! The best way to cut your rent burden by 30% [Earning...	bmKUfMelslw
Is education insurance unnecessary? Five dangerous traps of education insurance - Let's reconside...	aqrobDrCxeY
No. 144: Find high-dividend stocks! Dividend Yield Ranking [As of July 31, 2020] [Stock Investmen...	L643SU3qFdU
第40回 【ANA/JR東/キヤノン等】日本企業ピンチ？過去最大の赤字を計上する企業続出【2020年6月期決算】【社会・トレンド】	Rw1V1pkHH_w
No. 204 [Misconceptions] The Basics of "Inflation Rate" That You Can't Afford to Not Know [For Be...	4aysQCooku4
第79回 【必見】サラリーマンのあらゆる悩みを「一発」で解消する最強の方法【稼ぐ 実践編】	4CCy3Wjzi1g
No. 143 How to earn monthly rental income using J-REITs without getting ripped off [Just buy thre...	G1tsq1rqkhM
第203回 【楽天モバイル新プラン】「Rakuten UN-LIMIT」メリット・デメリット徹底解説【お金の勉強 初級編】	tnIVoJsCD2g
No. 39 [The Tide Has Turned] An Easy-to-Understand Explanation of the Current State of the Japane...	7pzv8tMeNvo
【最高の基礎教材】本気でお金持ちになりたいなら簿記とFPを学ぶべき5つの理由【お金の勉強　初級編】（アニメ動画）：第5回	YuKeN3Sa0_A
[Household Finance Improvement] A household management method that will make your household finan...	mTkcOipYcRE
第8回 【お金を牢屋へ】日本人の預金1,000兆円が残念すぎる3つの理由【良いお金の使い方】	BcOZomprWqI
第14回 【使うな危険】メルペイスマート払い「定額払い」を絶対に使ってはいけない理由【貯める編】	ak9_m0YpDBw
第105回 学長が最近、体に使ったお金7選【2020年7月】【人生論】	_HvNq1X_w6I
第202回 【老後は安泰？】エリートの年金額と「末路」について解説【お金の勉強 初級編】	mZnahVIurFM
Episode 13 [Unconscious] "5 Traps" That Cause You to Spend Money [Behavioral Economics] [Savings ...	m_6gxLm-zRs
第104回 最近学長が見て面白かった映画6選【2020年7月】【人生論】	3LL-OvGTiD0
【簡単！】お金の不安が消える家計簿のつけかた 〜上手に家計管理するために絶対に知るべき3つのこと〜【マンガで解説】	82c988PMbyk
第17回 【人生を変えられない】情報収集がヘタクソな人の「残念な勘違い5選」【ゼロから学ぶITスキル】	6A-lzCCwcvc
No. 38 [Danger] Three things I want to tell people who believe that investing in the S&P 500 will...	jGxj9YLYpYc
第103回 最近学長がお金を使っていること5選【2020年7月】【人生論】	dUtaic9_B0s
No. 7 [Highly Recommended] An Author Earning 2 Billion Yen in Royalties Talks About "How to Reduc...	fPDL_uJuc0E
第78回 【ジョブ型雇用の光と闇】従業員は得なの？損なの？どうすればいいの？【稼ぐ 実践編】	F8gceTKvCv4
No. 201 [Financial Education] What you can do to help your precious children avoid financial stru...	37lPey51lnQ
札束が紙くずになる日「ハイパーインフレ」に備える方法【お金の勉強 初級編】（アニメ動画）：第4回	y54qIBqrECk
第102回 【業界初】学長のモーニングルーティン【映像ナシ】【人生論】	I2MUpVR0qRw
第77回 【アフターコロナを生き抜くために】未来のある会社・ない会社「特徴3選」【お金の勉強 初級編】	tfB4ZyomwwQ
第200回 【超重要】資産運用を始めると実感する「2つの真実」【お金の勉強 初級編】	MB-V_T-iUHs
第199回 【誰でもできる】ふるさと納税で生活費をトコトン節約する具体的な方法【お金の勉強 初級編】	iKtN8GlCLyc
第12回 【実感】資産1,000万円を貯めるまでのシンプルな道筋【貯める編】	znnZ1c1Ta4w
No. 37 [Everyone's Pension] Latest Edition: Pension Fund Management Status [Society/Trends]	_OTP6AhLx-o
第142回 【もはや時代遅れ？】割安株の惨敗とオワコンと言われる3つの理由【株式投資編】	E3lhjae5T6A
第76回 【認識してますか？】「再現性」にこだわると大金持ちになれない理由【稼ぐ 実践編】	yK4u-dQI_rg
第141回 高配当株を探そう！配当利回りランキング【2020年6月30日時点】【株式投資編】	akTuhIUtrxo
第11回 【あなたは大丈夫？】お金を使いすぎる人の思考・行動　よくある5パターン【貯める編】	UKsEOncRSLY
第101回 【学長が教える】失敗しない独立のための10条件【人生論】	IXbrNAo6Wjg
第75回 【転職術の新常識】年収アップの基本戦略「軸ずらし転職」について解説【稼ぐ 実践編】	2Yu0SynkvP8
No. 100: People with good taste vs. people without good taste [5 simple but crucial differences] ...	YeKxiDorAAo
[True Story] Rich Brother, Poor Brother [Life Philosophy] (Animated Video): Episode 3	VgLRsSPczag
第198回 【2020年上期】7つの投資手法の概要と、学長の「雑感」【お金の勉強 初級編】	zG2-a5_PXow
第99回 【実例紹介】「夢」をとるか「安定」をとるか、お金持ちになれるのはどっち？【人生論】	s4f0Jf057wI
Episode 197 [Highest Expenses] Why you can save more by doing what you love [Beginner's Guide to ...	qP7IosD-ByY
第98回 【真実】効率の良い稼ぎ方を求める人が絶対に成功しない理由【人生論】	VLa9gUCsJHY
第196回 【お金の失敗】お金とうまく付き合う人が、絶対にやらない5つのこと【お金の勉強 初級編】	2ssYzcOziww
第74回 【見落としがち】本当の「安定」を生み出すたった1つのもの【稼ぐ 実践編】	BGcvo9QWy2M
これに惑わされているうちはお金が貯まらない！金食い虫の割高キーワード3選【お金の勉強 初級編】（アニメ動画）：第2回	f0wIDpNqBO4
No. 97 [Hints on how to solve the problem] 5 characteristics of people who lack decision-making s...	tYCWN2UIlo8
No. 195 [Debt] The only reason why a mortgage is acceptable among all the other debts [Money Stud...	YAGnkIDw1JA
第73回 驚異の高利回りを叩き出す!?【ブログ・サイト売買】のメリット・デメリット【稼ぐ 実践編】	-VuOIZgUXgU
#96 8 things the president recently threw away from his house [Philosophy of life]	ug4DmGuotWU
第21回 夢の不動産投資　知っておくべき5つの現実【不動産投資編】	O-1bgZWR2Gs
No. 140 [Decision to Abolish] But Why We Still Recommend Junior NISA [Stock Investment Edition]	YY3AI5Wx3sI
Is canceling insurance a loss or a gain? What should you do about insurance that will result in a...	bFw0g2Th7tM
第95回 学長が父から教わった子供の教育方法3選【人生論】	RwqFdI02xro
No. 72 [What are stock options?] Is it okay to change jobs to a venture company for stock options...	tCJagmTM-VE
第36回 会社員の運命がAIに左右される日が来るのか？【社会・トレンド】	mcraR0NjWGE
第71回 【意外？】転職“未”経験者の評価が低くなる3つの理由【稼ぐ 実践編】	-Q7wFGSheug
第35回 【持続化給付金】不正に怒るだけだと見逃してしまう「大事なポイント」を解説【社会・トレンド】	1dwNUmg2hMY
第94回 最近学長が買って良かったもの5選【人生論】	dLU6mC89xao
[Good News] Even if you can't become super rich, anyone can become "moderately rich" [Learn about...	uSJy02dn9Rk
No. 70 [Best Value for Money] How to Set Up and Use a Virtual Office That Anyone Can Do [Earn Mon...	Tym3wB4HYE0
第6回 【価格を見すぎ】収入が増えても、お金が貯まらない究極の理由【良いお金の使い方編】	FyUzQ-m8H0A
第34回 【脱サラ希望者・フリーランス必見】5億円申告漏れの概要と税金申告の注意ポイントを解説【社会・トレンド】	jp3N39HKDEM
No. 69 [If you miss this, you won't make money] Two points that talented people keep in mind [Ear...	krtSwRPGP9s
No. 139: Find high-dividend stocks! Dividend Yield Ranking [As of May 29, 2020] [Stock Investment...	kL9eSaKTSYk
No. 93 [Fatal Trap] Three reasons why happiness doesn't increase even with an annual income of 10...	VdA_jhe547s
[Trick] How to repair damage to your rental property for free - Use your fire insurance coverage ...	lRTElygyy9U
第33回 【初心者向け】インフレ・デフレの基礎　コロナ後の世界を見据えて【社会・トレンド】	E1M34YYzVPE
第32回 【東芝大復活？】1兆円巨額損失→東証2部降格からの、1部復活へ【社会・トレンド】	l5wo4YaIMbM
第68回 【結論：誰でも向いてる】25コ事業をつぶした起業家社長が語る起業に向いてる人の特徴5つ【稼ぐ 実践編】	mV95O-Xfe28
No. 138 [Coronavirus Shock] Three Points to Consider for High Dividend Stock Investors in a Crash...	Zr_GeWkZyv4
No. 137 [Looking back on the coronavirus shock] Comparing index vs. active performance [Stock inv...	FmyEB8Praa8
第67回 【現代の新資産】SNSフォロワーは、土地・お金・株式に匹敵する「資産」です【稼ぐ 実践編】	UuKvuoPAu4g
What should you do if your index investment (accumulation investment) crashes? 5 reasons why we r...	zsGqfn5wUwc
第66回 【転職初心者必見】転職エージェントを利用する”前”に知っておくべき重要ポイント8選【稼ぐ 実践編】	pe-ObmiFKjk
No. 31 [It's too late to ask now] What is the Vision Fund? [Society/Trends]	YA95F3E8CKA
No. 194: Only Smart People Know Your "True Annual Income" [Money Studies, Beginner's Edition]	1n3wRsQ0NvY
第30回 【入れば安心？】新発売のコロナ保険に加入しておくべきか？【社会・トレンド】	gSWDwPZcEZQ
No. 136 [Surprisingly difficult to make money] Differences between developed and emerging countri...	YvHP2ivDLPo
第65回 【月収100万円も狙える】ブログ起業のために買うべきもの6選【これで全部です】【稼ぐ 実践編】	QKjYjii5FEM
The most effective way to reduce your electricity bill: Switch your electricity provider and save...	g30mh_2WETE
No. 135 [Common Misconception] Is it correct to sell stocks in May? [For Beginners] [Stock Invest...	96SIZ1Lw5SU
第29回 【甘くない】売上26%アップのアマゾンは本当に「絶好調」なのか？【社会・トレンド】	xI-HrJazEX0
第64回 お金がないサラリーマンでもバッチリ自己投資できる具体的な方法【稼ぐ 実践編】	LDM2BU8Ihuc
第28回 【「感染症は平等」なんてウソ】コロナが明らかにした3つの現実【社会・トレンド】	6oBCKMRHTl0
第92回 【知らないとお金に困り続ける】チャンスを掴める人vs掴めない人の違いを解説【人生論】	fGk3YgC5DXk
No. 27 [For the first time in history] The market capitalization of GAFAM companies surpasses tha...	WDlV7nHelFo
自動車保険を安くする方法！ 損をしない賢い選び方 〜車両保険を外した方が得する理由〜【マンガで解説】	uWeuLGJfkVg
No. 134: Was there no coronavirus shock? Explaining the high-quality US stock ETF "QQQ" [Stock In...	sixcS3ZFeaQ
第133回 高配当株を探そう！配当利回りランキング【2020年4月30日時点】【株式投資編】	8kk-cOGG1qk
#26 [Countermeasures Available] 3 Relationship Problems Caused by Stay-at-Home Refrain [Society/T...	4_qnl14xItI
#25 [Coronavirus Trigger] Will we move towards a world of basic income where the freedom not to w...	EzD0OJw5rC0
第132回 【微妙です】インデックス投資で増やしてから高配当株投資に切り替えるのがイマイチな3つの理由【株式投資編】	1dyLfENvWrA
Episode 24: [Can it be useful in emergencies?] An explanation of "salary advance services" [Socie...	CsrjR6LpToc
貯蓄型保険の正体はボッタクリ投資信託！ 実は全然お得じゃない 〜貯蓄型保険で貯金や投資をすると失敗する理由 〜【マンガで解説】	URiq9Z22VZU
#131 [More of a crash than stocks] The collapse of the Global 3x3 Fund and three things we can le...	E5usEJcZwdU
第193回 【禁止してる宗教アリ】〇〇のパワーについて詳しく解説【お金の勉強 初級編】	AYfAHfBNJzw
No. 23 [Good News?] Jason Atsugiri is a Proud FIRE Person [Society/Trends]	epTlbUWWnEQ
第63回 【初心者向け】YouTubeの始め方から月10万円稼ぐまでの「10ステップ」を解説！【稼ぐ 実践編】	W-oKkWrVH48
第62回 【知らないと恥ずかしい】税務調査と査察調査の違いを分かりやすく解説【稼ぐ 実践編】	dVSh9U_viEU
No. 22 [Introducing the latest IT tools] Explaining the "employee monitoring system" that support...	GMoOR00XDtY
【漫画】失敗する買い物・成功する買い物 〜買い物の満足度が上がる魔法の考え方〜【マンガ動画】	ZcQklZ8oko4
第21回 【景気悪化】日本でも失業は増える？失業したらどうなる？【社会・トレンド】	kSU0e-TyDY8
第61回 仕事が早い人vs遅い人【あなたはどっち？】【稼ぐ 実践編】	d8Q2v5dkxi0
第91回 【資産が少なくてもリタイア可能】「サイドFIRE」の3つの魅力と追い風について【人生論】	QOEBy1GgeHA
No. 60: Shady Side Hustle vs. Legitimate Side Hustle [Earning Money in Practice]	2v-BO_x_FAc
No. 90 People who are unable to act due to anxiety vs. people who can control their anxiety [Phil...	sBeJ_qcbh2M
第130回 【1つだけ紹介】弱気相場でも「強気」で積み立てたい優良ファンド【株式投資編】	ZcnenrhiXmY
【マンガで解説】最強のポイ活は楽天サービス！ 〜日常に効率よくポイ活を取り入れて毎月5000円分のポイントを貯める方法〜【漫画動画】	spKt59uJur8
第20回 【被害者増加中】コロナ詐欺の手口5選と「お金を守る力」について解説【社会・トレンド】	xJJnyyCTQdg
No. 129 [Online Securities Rejoice] Three Things to Be Aware of for Those Who See a Market Crash ...	WKxHVs0NM-0
第59回 StayHomeの今、お金の不安を小さくするためにすべきこと【稼ぐ 実践編】	mT7WcChJHvY
第192回 【たったの3ステップ！】誰でも簡単にお金が貯まる予算の組み方を解説【お金の勉強 初級編】	HkKBtkjO3xw
第58回 【副業のリスク5選】迷っているサラリーマンは要チェックの副業体験談【稼ぐ 実践編】	X7DxjDFTbtM
第19回 【歴史に学ぶ】「不況」「金融危機」「大恐慌」…一体何が起きるの？【社会・トレンド】	THER_AxNZuw
第18回 【466億円無駄遣い？】布マスク2枚に過剰反応する人が知っておくべき3つのこと【社会・トレンド】	oXBQ0rg_ffA
第128回 【必見】株価はこれからどうなる？楽観論と悲観論、それぞれの根拠を5つずつ紹介【株式投資編】	qTG7D88HO74
No. 127 [For Beginners] Traditional Index vs. Smart Beta: Which is the Smarter Investment? [Stock...	qxL3QUSqgWI
第89回 【コミュ力低めの人用】職場の人間関係を良くするたった1つの方法【人生論】	zkLUdikuvs4
No. 191 [2020 Edition] A Must-See for Those Who Want to Save Money! 5 Truly Recommended Fire Insu...	qUCxs78c8hM
第126回 【超実践的】高配当株ポートフォリオを「安定的」に運用するためのメンテナンス方法【株式投資編】	BF-8uNb-pkM
第88回 【残念過ぎる】仕事を振れない人のダメな考え方5選【人生論】	y8srVGnIP-E
#125 [A Big Opportunity in a Market Crash!?] Find High-Dividend Stocks! Dividend Yield Ranking [A...	YpV-i4uEY1Y
Episode 16 [Internet Basics] Explaining 7 Terms You Should Know [Learn IT Skills from Scratch]	kGZSjZRqznI
No. 124 [Kirin Holdings vs. Shareholders] Explaining the delicate relationship between shareholde...	a9gKykLsFYo
第56回 【最悪の働き方】「自由」も「安定」も失うNGゾーンとは【稼ぐ 実践編】	t9oXoQgYI9E
第190回 【これが現実】「会社に残れるから大丈夫」は甘すぎる【お金の勉強 初級編】	cys92_O3Mpw
第189回 【説明の極意】あなたの説明を聞いてもらえない理由【お金の勉強 初級編】	WM6whFeGKYU
Learn through manga! What are "NISA" and "Tsumitate NISA"? - Recommended for investment beginners...	cBcFF1fw5OY
第55回 【間違えると詰む】働き方改革で生まれた時間のGoodな使い方・Badな使い方【稼ぐ 実践編】	De1HFNwh12c
第123回 【世界同時株安】分散投資に本当に意味があるのかを解説【株式投資編】	lKSn5E-J9kE
No. 188 Five Traps for People Aiming for "Efficient Information Gathering" [Money Studies, Beginn...	zmXmITXj-vM
第17回 【18年ぶり安値】原油価格が暴落した理由とその影響を解説【社会・トレンド】	3c68rFMvxVE
No. 187 [Decluttering Money] People who live without money [Money Studies Beginner's Edition]	j6DthdxdJyU
No. 122 [Index Exit Strategy] Explaining the "4% Rule" for maximizing the efficiency of your save...	Jnhlv2RqqmM
No. 121: Learn the One Rule to Deal with Market Turmoil from the World's Largest Investment Manag...	EJIB7O1Y7Vw
第120回 【暴落相場で大ダメージ】インデックス投資はダメな投資法なのか？【株式投資編】	sqpM5TTPlZY
#119 [A repeat of the Lehman Shock?] For those who are feeling disheartened after huge losses in ...	RWteD50zKZ8
No. 186 [Tax Hell] How many years will it take a super freelancer with an annual income of 30 mil...	FIzdXuzO0LY
第54回 【嘘？本当？】ブログで月収100万円って本当に可能なの？売上の内訳を解説【稼ぐ 実践編】	6tbROuyj3q0
#185 [Caution] Commonalities between people who are misled by rumors and people who fall victim t...	d_X43MgQUKM
第184回 【ブラック企業の見分け方】ヤバい会社を避けるための注意点3つ【お金の勉強 初級編】	-YI6cDwVaDM
No. 53: Is it true that "side jobs cause you to neglect your main job"? [6 ways that side jobs af...	05Pm0gFsY5U
第1回 【ズバっと短答】リベ大学長の質問コーナー30連発【学長Q&A】	00IFNGThtbE
第52回 【2020年版】誰でもせどりで年収100万円アップさせる具体的な方法【お金の稼ぎ方】【稼ぐ 実践編】	_M1cv_JFqnM
第118回 【初心者向け】自社株買いが株価に与える影響を分かりやすく解説【株式投資編】	h44CqDNLw1A
第183回 【借金まみれ】膨らみ続けるアメリカ人の借金事情を解説【お金の勉強 初級編】	F0KuSKAf8T4
No. 182 [Caution] People whose evaluations improve and decrease with the introduction of telework...	44G8GBkRR28
Episode 7 [Love Wins] A Manager with Over 1,000 Employees Discusses Key Points for Developing Sub...	9aNKvBzRg14
[Manga] What are the chances of getting rich by buying lottery tickets? ~A surefire way to get ri...	r_UGh3fcEJ0
No. 117: Who can and cannot recommend "WealthNavi" to? [Stock Investment Edition]	iGcyFwCBKws
第181回 【勘違い多発】平均寿命と健康寿命に関する2つの罠【お金の勉強 初級編】	dirTp9PTS28
No. 116 [You'll Cry Someday] The End of People Who Invest Without Considering Their Risk Toleranc...	k7Yc7QCCboA
No. 180 [Must-Know] Explaining the "Income Cliff" that Office Workers Fall into [Beginner's Guide...	dkM-nnms44w
No. 115: Find High Dividend Stocks! Dividend Yield Rankings [As of February 28, 2020] Part 2 of 2...	cCM3uqz9lGQ
第114回 高配当株を探そう！配当利回りランキング【2020年2月28日時点】第1回/全2回【株式投資編】	4SKTSbxxnlQ
第113回 【初心者必見】ネット証券の「賢い付き合い方」を分かりやすく解説【株式投資編】	VAjLYemxHpE
第179回 【勘違いです】お金に困りがちな人の「思い込み」5選【お金の勉強 初級編】	ENMw5e74UDw
第51回 「副業がうまくいかない！」成功を邪魔するサラリーマン・マインド5選【稼ぐ 実践編】	F4YZzzTTzuc
第112回 コロナショックでNYダウ急落!?株はいったん売るべきか？インデックス投資を続けるべき人・止めるべき人【株式投資編】	nQopxphOHdo
No. 178 [Planning for retirement in your 20s to 40s is a waste] The only reason why planning for ...	t6_WqSQ6mH4
第87回 【真理】不幸になりたくない人が最重視すべきたった1つのこと【人生論】	nPh8VJSORuo
No. 177 [Not taking precautions is dangerous] Explaining the basics of nursing care insurance and...	8pXpwUnMP58
No. 176 [The Cruel Reality] Why Relying on Retirement Benefits for Life Planning is Outdated [Mon...	wj8jkXiY6r0
No. 50 [No experience necessary] Earn 100,000 yen a month from home! A very specific way to earn ...	KeADnRZGOik
第111回 【初心者向け】インデックスファンド選びの4つのポイント【株式投資編】	sPCMKJd1bI4
No. 175 [2020 Edition] A Must-See for Those Who Want to Save Money! Introducing 3 Cost-Effective ...	zQMSxSGymU8
第110回 【VIG】世界最強レベルの株式ETF。10年以上の連続増配米国株で構成【設定来リターン年8.93％】【株式投資編】	nn8S-vZawnY
[Comic] Rubbish investment trust products you should never buy! ~Do monthly distribution investme...	wkjH54obnA4
第109回 国際分散投資って意味あるの？「有効性」と「落とし穴」について分かりやすく解説【株式投資編】	p7KuGqgZH2E
第174回 サラリーマンがフリーランスになって驚く5つのこと【お金の勉強 初級編】	tjnuwv07O1c
No. 86 [Very Important] Increasing your income / What's more important than investing [Philosophy...	VfTLjPxsfaU
No. 173 [If you don't use it, you're missing out!] How salaried workers can invest in themselves ...	OTPLvnPN7z0
第108回 【落とし穴】株主優待目当ての投資で損する人の特徴３選【株式投資編】	lNUby7a88k0
第49回 副業で成功する人の5つの特徴【体験談アリ】【稼ぐ実践編】	TYWCNKSkanE
No. 16 [The Collapse of Lifetime Employment] 1,500 People Apply for Early Retirement at FamilyMar...	E3vSwgZ57ng
第15回 【分かりやすく解説】70歳定年法と、今の若い世代は70歳まで働かなくてもいい理由【社会・トレンド】	28yVgxjClow
第172回 【失敗したくない人必見】保険契約に注意が必要な3つの理由【お金の勉強 初級編】	djOehl1OhbI
No. 107 [Comparing average dividend payout ratios] Financially inept Japanese companies vs. hands...	ZLFSPL9ust4
第48回 【要注意】年収の下がる転職は後悔のモトです【稼ぐ 実践編】	G8VsgwVpoYg
No. 106 [Protecting Your Assets] Explaining the Popular Gold ETF "GLD" [Stock Investment Edition]	4Le_tunjkDY
Episode 85 [Honest Thoughts] When do managers ask their employees to change jobs? [Philosophy of ...	98ziWu3oVk8
第105回 高配当株を探そう！配当利回りランキング【2020年1月31日時点】【株式投資編】	bk1ZEYSS-sk
No. 84 [Occupations of the Super-Wealthy] Three Typical Occupations and How They Became Rich [Phi...	zhA88qwb5_0
No. 104 [A Must-See for Investors Beginners] Introducing the Top Winners of "Fund of the Year 201...	7QwqHB-ntBw
No. 171 Will my pension benefits decrease? Three reasons why you don't need to be too pessimistic...	aszFfp3J6Fg
Episode 47: [Earn ¥50,000 a month in extra income] How to do brand reselling right away [Purchase...	O7ITBpzMrUo
No. 83 [Fact] The fundamental reason why your money isn't increasing is your ___ [Philosophy of L...	yvMZxKaCCLo
No. 170 [Fact] The crucial difference between people who can become rich and those who can't [Mon...	Wu0CZdFka3A
[Manga] The popular easy money-saving technique: Makes saving little by little seem foolish!? ~Ho...	_2FfbBViEXg
No. 103 [US Aggregate Bond Fund] AGG is a solid bond ETF that is easy for beginners to invest in ...	NRrjsFTEjZo
第81回 【七転び八起き】失敗から立ち直るための7つのポイント【モチベアップ】【人生論】	rbg3CyTpyUA
No. 169 [Survey of 32,000 people] What do the wealthy who earn more than 100,000 yen a month spen...	pFoNvWd-h-c
第80回 令和時代の「身の丈に合った生活」とは？身の丈に合わない生活を送り続ける人の末路【人生論】	oXPWp7kdjIw
No. 168 [Good News] Why anyone can become a little rich, even if they can't become super rich [Mo...	jdThmrwWHtQ
第167回 お金持ちになりたい人が真っ先に伸ばすべき「力」とは？【お金の勉強 初級編】	E5lUqqXRINc
No. 102 [Beginner's Guide] Is it a bad idea to start index investing in 2020? [Stock Investment E...	n2ke-NCJ4PM
第46回 【働き方改革】変われない会社で働き続けるってどうなの？【稼ぐ 実践編】	sBQuBlmwXAA
No. 166 [Cancel or Continue?] What should you do about insurance that will result in a loss of pr...	eQM1gHF-olo
第45回 【有料級ノウハウ】誰でも月10万円稼げる『中国輸入せどり』のやり方を無料公開【稼ぐ実践編】	-pgyKzqqSMg
No. 165 [Household Accounting for Freedom] Six Levels of Financial Freedom and Household Manageme...	l5ZHAtk9fSQ
No. 101 [For Beginners] Three Points to Avoid Being Scammed by Investment Trusts [Stock Investmen...	Z2xskiiuyAA
第44回 【2020年版】貯金増やしたい！そのうち会社辞めたい！それならこの副業をやろう8選【稼ぐ 実践編】	X9yvsN9mOgI
#100 [Investing Hourly Wage is 100 Yen?!] Is it true that "There's no point in investing if you h...	IHB1mYftdww
No. 164 [Survey of 25,000 people] The shocking level of financial knowledge among Japanese people...	ym6e7iaRS7Y
第99回 投資初心者が絶対に知っておくべき「暴落の歴史」とその対策【株式投資編】	Gog1u82CpyE
No. 163 [REIT Explained] Real Estate Investment for Anyone Starting at 10,000 Yen [4x in 16 Years...	dIT1Zd4mAGY
No. 20 [SU◯MO Trap] Is it possible to buy a new apartment worth 37 million yen with an annual inc...	pY_QOwpnIWw
No. 162 [Parents' Retirement] Resolve your financial worries! 3 concrete steps to improve your ho...	2YfytpztR7o
[Manga] Never invest in a one-room apartment! ~It's a scam! The trap hidden behind the sweet word...	A24QVPDuAtk
No. 161 [For Beginners] 3 Goals to Achieve in 2020 for Those Who Want to Become Richer [Money Stu...	95PO4mcYAZ8
第98回 高配当株を探そう！配当利回りランキング【2019年12月30日時点】【株式投資編】	3da5mIYelVE
第160回 【年功序列が崩壊中の日本】大損するのは30代!?対策ナシでは怖い時代【お金の勉強 初級編】	NMOY2evqaVo
第159回 【年利10％ってホント！？】こんなにヤバいソーシャルレンディング【お金の勉強 初級編】	2CKF5uwLqxw
第43回 本業と副業を両立させるための重要ポイント3選【稼ぐ 実践編】	0UCsHegUxAY
No. 42 [Iron-proof] Don't be afraid of being found out about your side job! Three safe measures [...	SchAuHzpPDY
第97回 「株は怖い！でも気になる！」という人がボッタクられる3つの理由【株式投資編】	2pFSRxqjFrk
[Manga] A story of a failed revolving credit loan! ~From a revolving credit repayment of just 10,...	LxipEVGwZsA
No. 158 [3 million to 10 million yen] 5 truths I discovered after calculating my take-home pay an...	VDAO5jYwCj8
第41回 副業に興味がある人は絶対に身に着けておくべき３つのスキル【稼ぐ 実践編】	tX3L5ll4n3s
No. 96 [Stock examples included] How much should you prepare and what should you invest in to liv...	v7zXtr2NXDw
Episode 157: Top 6 Effective Tax Savings for Salarymen! [Money Study: Beginner Level]	dOiFlRehg5E
第40回 「給料少ない」と感じる人に知ってほしい3つのこと【給料アップは意外に簡単!?】【稼ぐ 実践編】	a_fmaXqXqK0
#95 Ultra-High Dividends! 5 Interesting Foreign Stocks with 7-10% Yields [Contrarian Gambling] [S...	WW-ElJzeHD0
No. 94: 6 Reasons Why the Stock You're Interested in Has a High Dividend Yield [Pitfalls of High ...	j9oL2PuUPAw
第39回 【年収アップしたい人必見】転職サイトではなく転職エージェントを使うべき理由【稼ぐ 実践編】	cTWARMPElak
[Manga] 8 Traits of People Who Are Broke Even With a 10 Million Yen Annual Salary ~What Happened ...	r9lRCeBV0SY
第79回 【まだ足りない？】1億円あっても不安でセミリタイアできない3つの理由【人生論】	PHMKnjA3Mok
No. 156 [Tax Savings for Salaried Workers] Explaining Two Key Points That Helped Me Save Over 300...	gZ8YwTpgACA
第78回 【あなたはどっち？】金の亡者と倹約家の決定的な３つの違い【人生論】	FhmfrPd0U4k
第93回 配当金＆売却益を両方GET！？おいしい高配当株の見つけ方【株式投資編】	9N_HIbwg_g8
第92回 従業員持株会ってどうなの？奨励金に目を奪われて見逃しがちな大きなデメリット【株式投資編】	7N0N8Elj9AQ
No. 77: 7 Things to Do If You Think You're Just an Ordinary Person [Philosophy of Life]	9xdSLGzUQzg
【漫画】30年で1200万円も節約できる方法～賢く〇〇を避けるだけ！老後資金が貯まる人生シミュレーション～【マンガ動画】	JOjEWY3nttY
Ep. 19: 5 Failure Patterns to Know So You Don't Regret Choosing Your Dream Home [Real Estate Inve...	ORDcVpRbklQ
第91回 【ズルすぎ？】月3万円の配当金で出来るこれだけのこと【株式投資編】	spTge9Ww4uw
Ep. 155 [Applicable] What Do I Think About Investing 10 Million Yen of Retirement Funds into Pers...	uxLr-RupKmg
第76回 【あなたと違う？】お金持ちが仕事を選ぶ際に超重視している２つのこと【人生論】	HV-uJZVlLeQ
第38回 UberEats（ウーバーイーツ）が報酬6割引き下げ!?「やってはいけない副業」なのか？【稼ぐ 実践編】	6DiPBtmFL0E
#90: Can an Annual Dividend of 300,000 Yen Change Your Life? The World 30 Years from Now Factorin...	u62E9DAzDHU
[Manga] Learn the path to becoming rich on a trip to another world! ~What happens when an ordinar...	7Fbq7t5l9N4
第75回 【人生の無駄】関わってはいけないヤバい上司5選【人生論】	Sskeu9YVpXc
第5回 【ここで差がつく】自己投資を「成功に結びつける人」と「時間のムダにする人」の違い【良いお金の使い方】	KTbUmUh5l-k
第154回 【平均貯蓄額はいくら？】最新世論調査から判明！家計エリートの特徴5選【お金の勉強 初級編】	x4BguGnlIqE
No. 89: Find high-dividend stocks! Dividend Yield Ranking [As of November 29, 2019] [Stock Invest...	A-63yOiKL4c
第10回 【対策アリ】突然病気やケガで働けなくなったらどうなるのか？【お金を”貯める”】	BqUVjyB19Ro
第74回 【将来が不安な大学生へ】人生をイージーモードに切り替えるために【人生論】	Dm0r51qJCg8
【漫画】転生した元貧乏サラリーマンに「正しい節約術」を教えたらどうなるのか？【マンガ動画】	1uMJmeeB-ik
第73回 「仕事なんて頑張っても報われない」そう思うとき試してほしい５つのこと【人生論】	JSRUoLjICgw
No. 88 [Aiming for 1.5x return in 10 years] Explaining three characteristics of high-dividend sto...	oVqKe4pbQCU
Vol. 18 [Get Your Own Home for Free!?] Pros and Cons of Mixed-Use Rental Properties [Real Estate ...	fZi822V1h48
第36回 【あなたもしてる!?】転職活動で明らかになる勘違い11選【稼ぐ 実践編】	oVatxIKEF-k
【漫画】中毒性アリ！１度やったらやめられない「ふるさと納税」を５分で解説【マンガ動画】	368pK7hcMz8
第153回 【価値ある資格】簿記3級・2級の学習を始めるのに「最適な時期」とその理由【お金の勉強 初級編】	SBZBkdkIBBY
第14回【ドラッグは最高の快楽？】沢尻エリカさん逮捕の件で思うこと【社会・トレンド】	zYO8KJvxmZ0
第87回 【株・債券はバブル？】資産全面高の今、もっとも有力な2つの投資先【株式投資編】	aN8ghtSrKDk
No. 86: The Line Between Gambling and Investing [What’s the difference?] [Stock Investment Edition]	o9Ay35tPQ70
Episode 152: 3 Reasons Why People Obsessed with Work-Life Balance Won't Get Rich【Money Basics for...	ceYfbRuADuU
No. 85: Three reasons why people who claim that "salarymen are exploited!" don't invest in stocks...	-d2YfSsXff4
第151回 【すぐに実践できる】90年以上語り継がれている大富豪の7つの教え【お金の勉強  初級編】	NN7qVw3c6v0
[Manga] You'll be fooled too! The true story of the world's most terrifying investment fraud! ~Ho...	tw4fygeHCGo
第72回 波乱万丈を乗り越えた経営者が教える！自己肯定感をアップさせる4つの方法【人生論】	PZfJXquT-yo
No. 84 [Reducing Risk & Increasing Dividends] Adjusting a High Dividend Stock Portfolio Using LQD...	OAaJ_OyCjD8
第150回 これに惑わされているうちはお金が貯まらない！金食い虫の割高キーワード3選【お金の勉強 初級編】	822FFyjco1w
No. 83 [High Dividend ETF] 7 Reasons Why High Dividend Stock Enthusiasts Are Investing in HDV [St...	322IpCSbhlE
No. 149: Taxes are too high! How should we live in a country where the more we earn, the more we ...	gLdPcTgWrPQ
No. 148 [How to think about household finances] Explaining "3 things you absolutely must understa...	3ojSHoXGFzA
Episode 147: [What Insurance Salespeople Won't Tell You] 5 Things to Know Before Buying Cancer In...	dQq_4x02Lxw
第82回 【ゆるく生きる】高配当株投資のみでセミリタイアを目指すための3つの条件【株式投資編】	nkhU8eGV15M
第146回 【リアルカイジは可能？】人生を一発逆転させようとするほど貧乏になっていく理由と解決策【お金の勉強　初級編】	tNKKMpizWKo
第71回 【今なら言える】起業して辛かったことBest３【人生論】	3a5d7gH7gAU
第4回 【お金と幸せを引き寄せる】良いお金の使い方と悪いお金の使い方の違い【良いお金の使い方編】	CrLqO6oYNFQ
Episode 70: [What is the most important thing?] Money, skills, morals, love - A CEO's story about...	EBO6Vgwtl-8
No. 81: Find high-dividend stocks! Dividend Yield Ranking [As of October 31, 2019] [Stock Investm...	5OfV3dYsF3U
No. 145: Why 90% of Salaried Workers Don't Have a Prosperous Retirement and Solutions [Money Stud...	Vw0eHZNX-qE
第80回 【日本のトレンド】配当金が「上場企業社員」年収の12倍も伸びている話【株式投資編】	JPPxGV8fRAc
No. 79: 4 Reasons Why High-Dividend Stocks Lower the Barriers to Changing Jobs, Starting Your Own...	TJo45_mcMm4
Part 13: [Bankruptcy from Stock Investments] Profits of 500 million yen fell to debts of 40 milli...	B5vfNIs9-Ek
第78回 【実例紹介】30歳で7,000万円貯めてセミリタイアする方法【再現性はあるのか？】【株式投資編】	Y0Ctr01nQRI
第77回 配当金投資とインデックス投資の向き・不向き【迷ったときの選び方】【株式投資編】	K36df1X9who
第144回 消費税増税で【貧乏になる人】【豊かになる人】【お金の勉強 初級編】	gQ-IQFelbzI
第12回 【1億円超の所得隠し】チュートリアル徳井さんの件で思うこと【社会・トレンド】	PtJF0IWxFJE
No. 143: I thought I had found a money doctor, but it turned out to be just an insurance salesman...	2r6RhfZ3SSs
第35回 短期間で年収を上げるために重要な３つのこと【日本の雇用環境における結論】【稼ぐ 実践編】	vjQ3KkfRh04
第69回 【読めば人生に深みが出る】人生に影響を与えるマンガ5選【人生論】	QWIKr3OpDZ8
第76回 【失敗回避法】インデックス投資の魅力と「失敗させないためのコツ」5選【株式投資編】	PhxfA9L7mdY
第68回【心の平穏】生活費を上げずにミニマムに暮らすメリット7選【人生論】	3mdIaws2CnY
[Manga] You don't need that insurance!!! ~Recommendations for canceling your insurance and the re...	A66-j0z-gfA
第11回 【勤続12年で手取り14万円】終わっているのは国か、あなたか？【社会・トレンド】	5Gq2eG1HnHg
No. 75 [Fully Automatic] 4 Benefits and Specific Methods of Regularly Purchasing US ETFs [One of ...	MjmTLSOcUwU
Ep. 67 [Boost Your Financial Literacy] 12 Movies to Learn About Money [Life Lessons]	zTzB8hoPnRI
No. 74: Why I Invest in Dividends Instead of Index Investing [Stock Investing]	mjfhFUaojgk
No. 142 [Saving on Communication Costs] How I Got My Phone Bill Down to Effectively Zero: Explain...	pyMIRGJwpM0
第141回 【断言】これを知らずにお金持ちになるのは無理。豊かなお金持ちが極めている5つの力【お金の勉強 初級編】	wQfDKpdllJs
No. 73 [For Beginners] What should I do with asset management? Specific answers [Super Simple Pla...	hEEPiTaM0aE
第34回 【賢く稼ぐ】残業で100万円稼ぐより、副業で100万円稼いだ方が手取りが圧倒的に多くなる3つの理由【稼ぐ　実践編】	uxw1ZxggZo4
Part 3: [Health is the greatest wealth] Health practices secretly followed by the wealthy [The be...	E1Dx_wBd06E
第33回 【月10万円の第一歩】短期間で誰でも副業で月1万円稼ぐ具体的な方法【稼ぐ 実践編】	HkqwXYm64R4
第140回 ファイナンシャルプランナーは意味なし？FP資格が使えない7つの理由【教養としては最高の資格】【お金の勉強　初級編】	mw53JE6bysE
Episode 139: How to Save 2 Million Yen in Assets by Switching to a Budget SIM Card (8 Million Yen...	YMbXZsUm3wM
第72回【高配当株の売り時】利益確定・損切りを検討すべき5パターン【株式投資編】	vtcDAXzW56A
第71回 高配当株を探そう！配当利回りランキング【2019年9月30日時点】【株式投資編】	MH-_cSck_Lo
第135回【10万円以上安くできる】賃貸物件をお得に借りるテクニックまとめ【保存版】【お金の勉強 初級編】	guYWHR2-_P8
第70回【メリット多数】両学長が楽天証券を使っている3つの理由【評判GOOD】【株式投資編】	TR-CV9_-RMU
第69回【違いは何？】インデックス投資と投資詐欺・ぼったくり商品は特徴がソックリ？【株式投資編】	63au-GYx2_M
第2回【家電はケチるな】絶対に後悔しないおすすめ時短家電ベスト3【良いお金の使い方編】	3PXFwoFsKM4
第68回【初心者向け】投資信託とETFの違いを分かりやすく解説。高配当株好きはETFがおすすめ！【株式投資編】	bfghGc9JkgA
第1回 人生の幸福度が上がるプレゼント用口座【良いお金の使い方編】	uTNSgWuNnxc
Episode 67: [Cutting Ties] 3 Reasons Why You Should Never Buy Stock in a Scandal-Ridden Company [...	OhDcDSfSDXA
第66回【あなたもなれる】不労所得で暮らせるようになって感じた事7選【人生論】	bnuvoZ5C4LE
第65回 【なぜか皆やってる】面接で絶対に落ちる必敗テクニック6選【人生論】	uQZhlc1a4og
Episode 133: [Paying More Than 5,000 Yen? ] 3 Essential Insurance Policies You Actually Need [Mon...	SnjsvlVSu2Q
第64回【大富豪に教わった】GIVEしても成功する人としない人の違い【人生論】	OVjraMT09MM
第66回【高配当ETF】高配当株マニアがSPYDに投資している7つの理由【株式投資編】	9N84AlI6jjY
第63回【あなたも知らずにやっている】人生で損する質問の仕方7選【人生論】	UljngsWpuos
第65回 【資産運用の答え】普通の人は知らない米国200年の真実【株式投資編】	VIyRUXKLYck
No. 132 [You'll be missing out if you don't know] How to reduce your taxes using medical expense ...	kv8oITYYw50
第62回【ファミリー解散】会社を1年間有給にした社長の末路【人生論】	tW3L5KIVgUM
No. 64 [For Beginners] First-time high-yield stock investment! How to get started and key points ...	CBFJvSgO7yw
第61回【会社が】サラリーマンの資産形成を妨げる最大の要因【人生論】	0_i4d0_J1SM
Episode 131: [Don't Miss This!] A Compilation of Popular Videos from Liberal Arts University in 2...	EY9u5CDKT7E
第60回 【人生が変わる】20代の間に身につけておきたいスキル7選【人生論】	yXuQ9qkT-T8
第63回 少額からの資産運用は意味がないのか？意味ない派・意味ある派の3つの主張【株式投資編】	hsssnni7y8A
第59回【会社からの緊急脱出】年収100万円未満でも心豊かに暮らす方法【人生論】	gqibcL8vSgA
第31回 【マルチタスクの天才】専業主婦に副業を薦める3つの理由【稼ぐ　実践編】	iO3ris90w5s
No. 130 [The Best Basic Learning Material] 5 Reasons Why You Should Study Bookkeeping and Financi...	kWrttsYIj74
No. 62: SBI Vanguard S&P 500 Index, eMaxis Slim US, Rakuten VTI - which is the best? [Stock Inves...	ilQeeMwn0u4
#129 [Pension Strategies] The Ultimate Hedge Against Longevity Risk! 5 Ways to Secure a "Lifetime...	ceuwJ-_U_oo
No. 58: The results of buying "money trees" for over 10 years [Why doesn't everyone do this?] [Ph...	fG5VWKr04n0
Part 61: Are High-Dividend Domestic Leasing Stocks a Good Buy? 3 Pros and 3 Cons [Stock Investmen...	hSLYVE0XFIo
Part 60: [Can be created for less than 200,000 yen] How to create a portfolio of 65 high-yield st...	rC11zJ9_VFo
Episode 57 [Making a killing in the believer business] The real reason why the president continue...	nM62SVD5wXM
Episode 30: [First Class to Hawaii] How even beginners can easily earn 200,000 miles a year [Earn...	zk2G0hVr1rc
No. 29 How to become financially wealthy without saving or investing [Earning money in practice]	KLnjnnkpA1s
第28回 サラリーマンの年収にまつわる３つの残酷な真実【年収アップ戦略アリ】【稼ぐ　実践編】	d2_xBm3vPkI
No. 27: 6 Real Businesses Failed by University Presidents [Making Money in Practice]	asLPu9_lifQ
第59回 【日本株の高配当株投資】最安で適切な銘柄数に少額分散投資する方法【株式投資編】	_BFlhwSbaPM
第58回【投資信託・ETFで迷ったらこれ】インデックス投資はVT1本、VTI1本でも立派なポートフォリオ【株式投資編】	E3uvprJyVHY
No. 57 The only reason why people with little investment experience can't continue long-term inve...	wmB0eWecx7w
第128回 あなたはカモ？それとも情報強者？庶民・若い世代の資産運用【お金の勉強　初級編】	frK127n29E8
[Manga] What is the fastest way to get rich? ~ Yamada-kun, a troubled office worker, meets the tw...	3QuRWLE50vg
No. 56 [Headwinds in US stock investment] The end of "shareholder first" policy in US companies [...	dHzSbz3-Dgo
第56回 お金持ちがお金よりも大切にしていること【学長健康法も公開】【人生論】	VgxIqCQOy6g
No. 55: 3 Characteristics of Black Companies You Should Quit Immediately [Life Philosophy]	1HBQUukiOrE
#55 Is Now the Time to Buy Japanese High-Dividend Stocks? An Analysis Using 3 Key Data Points [St...	jxANYFMHGCY
第26回 学長が失敗したネットビジネス19選【稼ぐ　実践編】	0H2jZnaTtOM
No. 54 [Ferrari Celebrities] How do women react to you when you become rich? [Philosophy of Life]	hJ5wFgS-Py4
第53回 あなたの身近にいる人生で関わってはいけない人5選【人生論】	6ruvMYAe8cQ
No. 54: 8 Investment Methods You Should Never Use When Investing in Stocks [No Profit] [Stock Inv...	KsU7FJQMkU4
Ep. 127 Is It Worth Paying into the National Pension? [Surprisingly ○% Annual Return] [Money Basi...	-2coJUh7I3M
第53回 教育資金(学費)を準備するのにおすすめのつみたてNISAファンド3選【株式投資編】	NjW60d9L-y0
No. 126 [What caused the shortage?] How to prepare education funds [Financial Studies, Beginner's...	kQGa-Efgbv0
第52回 日本株の高配当株ETF（ファンド）をおすすめしない3つの理由【株式投資編】	SS8B8m_VYOY
No. 51 High-Dividend Stocks are Chickens that Don't Lose Weight and Lay "Golden Eggs" [Money Tree...	j3hQfMfUf6E
No. 125: Two Important Things to Know About Investing to Increase Your Money [Beginner's Guide to...	sh1DiGrH_wE
No. 50: What should you do if your stocks crash? [Stock Investment Edition]	EiZmEMIpCOA
Part 25 [Earn 200,000 yen a month with a side job working almost entirely from home] 7 ways to in...	21DSp2IsZw4
No. 52 [True Story] Rich Brother, Poor Brother [Philosophy of Life]	fEa-8gEqi14
第124回 平均的な年収・家計支出でも、平均的な投資でお金持ちになれるのか？【お金の勉強　初級編】	WC5y9FSzyCU
第51回 大人こそ勉強(読書)をすれば人生が楽になる【人生論】	qOdiw9IF6U0
No. 49 [One step to earning 30,000 yen in monthly dividends] How to start investing in high-yield...	sM7958Hx4Yg
第50回【実話 子供は見ちゃダメ】あなたを経済的に不幸にする異性の特徴【人生論】	Ll-ORcTqR4A
第123回【閲覧注意】ディズニーランドの総資産は◯億円！夢と魔法の源泉教えます【お金の勉強　初級編】	GFX9pUCM_8I
No. 49: The fate of men who earned over 100 million yen through crime [Philosophy of life]	bJvpsS1L_tg
No. 48 The Collapse of Lifetime Employment! Three Reasons for the Increase in Restructuring and H...	1blbKLDgMhk
No. 122 Don't be fooled again! "How to choose the right insurance" considering the tax-saving eff...	ZncNtIBufTA
第24回 30万円を元手に1億円は稼げるのか？【稼ぐ　実践編】	YoxD1G3ulqE
Part 15: Recommended Chat Tools for Work Efficiency (Chatwork) | Learning IT Skills from Scratch	VGI2n9jCV2Q
第14回 学長の動画の作り方手順【撮影機材も公開】【ゼロから学ぶITスキル】	t5F9y8_Qfs0
第17回 マイホームを安く買う方法【不動産投資編】	OuWKwvl1_ZU
Vol. 16: Is Solar Power Investment Profitable in 2019? [Real Estate Investment Edition]	LNwKGuuQ9JA
No. 121: Four characteristics of salarymen who are unstable in life, as seen by the president [Mo...	tkaMZWe3vxU
Episode 119: Wealth Management and Retirement Planning for Your 50s! How to Live Worry-Free Until...	bYCl0kOq9Eg
第118回 年収1000万円でも確実に貧乏になる方法【お金の勉強　初級編】	0d3reYJ_V98
Part 9: How to evade taxes using overseas offshore corporations and accounts [Saving money]	oHcGxz1gSvU
No. 117 The Road to Riches! Those who master their tax returns will win the race to accumulate we...	oJnfQPKxNUo
No. 115 Is Meiji Yasuda Life Insurance's "My Own Savings Plan" a cool insurance product that will...	XmQlL_lS4Sc
No. 10 How to make Japan Post Insurance go bankrupt [Society/Trends]	Ft0GLbHDooM
Part 8: How to distinguish between good and bad tax accountants and how to find one [Saving money]	QJUbkEA4qGc
第114回　お金持ちになる借金とは？良い借金と悪い借金の違い 【お金の勉強　初級編】	NE5jd2HEO7A
#113 How to Save Over 12 Million Yen in Your Lifetime by Cutting Interest and Fees [Money Basics ...	TRe50CZSWfw
第47回 株の暴落が起きると配当金はどうなるのか？【お金の勉強　株式投資編】	hZLzo0GhfDE
Part 7: What should a self-employed person do if they are not insured and cannot work due to an i...	Sqt2kap6ra8
Part 47: How to Manage Your Bank Accounts to Boost Life Satisfaction, Taught by a Jewish Milliona...	-Im27CNgjD0
Episode 46: Is SBI Neo Mobile Securities Worth It? Pros and Cons Explained (Money Study: Stock In...	sJ9HSLgiiyE
Part 15: Is investing in American real estate recommended? We'll tell you about the pros and cons...	x72vIQgN8qw
第45回 あなたに最適な投資手法の見つけ方 分散投資と集中投資どちらの投資法が良いか？【お金の勉強　株式投資編】	nzo36aM5WQk
No. 112: "5 Tips to Increase Your Savings" - How to Save 10 Million Yen by the Age of 30 [Money S...	7Stnnnnhi_I
No. 111: The President's Recommended Household Accounting App [Money Forward ME] [Learn Money: Be...	ugYu70sgNxo
Part 6: Why does starting a company save on taxes? When is the best time to incorporate? [Saving ...	3jb6J84ZEzk
Part 5: Better than savings or private insurance? How to use the National Pension Fund [Saving mo...	CjofGBuU5so
No. 46 How to Change Others [You can't change others, but you can sow the seeds of awareness] [Ph...	LD09UmHrVp4
Is My Car Mutual Aid Insurance a good choice? [Recommended] [Learn about money - beginner's level]	7MEx-1WoOH0
Part 44: How to Receive 900,000 Yen Every Year from Age 65 for Life with a Principal of 8.6 Milli...	b36vE8m00hM
Part 6: How companies struggling to recruit can hire good people [Management Theory]	i78PmTXABRw
第45回 学長は幼少期どんな教育を受けてきたのか？【考える力と行動力】【人生論】	61RwkiC67Y8
第43回 あなたの資産運用がうまくいかない理由【軸がないから】【お金の勉強　株式投資編】	bmP0paSWf3U
#42 Top 5 Recommended Investment Trusts for iDeCo Defined Contribution Pension Plan [Money Learni...	WrBDj902QKs
第44回 宝くじで3億円あたったら何を買う？【お金持ちと貧乏な人との違い】【人生論】	Cwe8C69jm9E
No. 107 How to move to the Rakuten economy and earn 4 million yen in asset income [Money Learning...	uMgA2bqnxOA
Part 41: An introduction to iDeco and corporate DC defined contribution pensions for beginners ^^...	HZ_oZyAyW0M
第23回 Webデザイナーは今後も稼げるのか？【稼ぐ 実践編】	pi-jhd6NB_s
第43回 学長流 プレゼン上達術【人生論】	pOiCZCgiQD4
第13回 パスワード管理におすすめのアプリ 【1Password・ワンパスワード】【ゼロから学ぶITスキル】	ke3Hu7hC50o
No. 42 Three tips to become a person who can work quickly [Philosophy of life]	ErpqCfqMDbw
Vol. 41: Is It True That the More Money You Spend, the More You Make? [Life Theory]	Ar-mfyVSQbg
第106回 老後資金が2000万不足？年金は崩壊するのか？どう備えれば良い？【お金の勉強 初級編】	BleKU04nCnY
No. 40: The Modern Semi-Retirement FIRE Lifestyle [Philosophy of Life]	I5luHcMOGGQ
No. 39: Three Differences Between Shopping That Makes You Happy and Shopping That Makes You Unhap...	ihhwdZrMk7E
【リベ大PR動画】〜知識マッチョになって窮屈な人生を変えよう！〜	dj77lPhOs-Y
第105回 投機は絶対にダメなのか？【お金の公理を学ぶ】【お金の勉強 初級編】	QJ2Sc6jib1s
No. 104: Reducing your fixed expenses will make your life easier [Money Studies, Beginner's Edition]	bnwMc3DHiIY
第22回 学長がおすすめする副業7選(事業所得)【稼ぐ 実践編】	UPQeF-pbPXM
No. 38: What happens to your life if you earn more than 1 million yen a month? [In the case of a ...	UXwNl9T-_4o
Episode 37: How to tell the difference between trustworthy people and liars [Life philosophy]	onrPaOuTjxo
第21回 学長がおすすめしない副業5選【稼ぐ 実践編】	niYWQjkOPN8
Episode 20: What happens if you start a business and fail? [Don't take on debt] [Earn money in pr...	LMCBubdkhNw
Part 12: Recommended cloud tools for efficient file management [Dropbox] [Learn IT skills from sc...	JeSg0zstHC0
#40: How to Earn Huge Profits Easily. Are Leveraged ETFs a Good Idea? [Money Learning: Stock Inve...	oRei15CZG14
No. 103: Do you need a financial planner (FP) for investing? [No] [Learn about money, beginner le...	GF2ih_5q_tY
第19回 新しい事業内容の決め方と注意点【マネして小さく始める】【稼ぐ 実践編】	Ce3qAfXy18Y
No. 9: Is Exsia Japan a scam? [Limited-time companies and employee rights schemes] [Society/Trends]	BdbyDb-XIYc
第8回 リベ大iMacプレゼント企画で当選する方法【考えて行動する】【社会 トレンド】	IDUE2aNycMo
Episode 102: What Is the Most Profitable Annual Income When Working Within the Dependent Exemptio...	AVuCtleBnRI
第36回 学生のあなたへ、勉強をすれば人生の選択肢が増える【人生論】	ojQAA8reNZc
#101 What Should You Do If the Public Insurance System Collapses? [Financial Literacy for Beginners]	EYNkJFA2MeY
Part 39: What to do if US stocks crash when investing in index funds? [Money Studies: Stock Inves...	kw1ccK0Cjtg
Part 38: Recommended Brokerage Accounts for Buying US Stocks (Rakuten Securities/SBI Securities) ...	qhU2nVLIdjs
No. 18: Do I need Manabu's 120,000 yen infomercial to become a programmer? [Judging by value] [Ea...	0kBCVFvkbzA
Episode 11: How to find good information [How to spot lies on the internet] [Learn IT skills from...	2ezxRks_kPc
The 17th President's YouTube earnings revealed! [310,000 yen in April] [Earning money in practice]	SWsq9BD2vwI
No. 99: Income Protection Insurance [Not a Bad Insurance] [Beginner's Guide to Money]	ysiIJ01fdYM
No. 98: Which should you prioritize: investing or paying off debt? [Depending on interest rates] ...	6EYmiXxQSDE
No. 16: The success rate of starting a business is only 6%. How to ensure success in starting a b...	ZyVaPduofbE
Episode 97: Is It Necessary to Go Into Debt for a Wedding? [Financial Literacy for Beginners]	TQlVNVuU6Iw
No. 96 How to make money with ultra-low risk in FX [Letting others take the risk] [Learn about mo...	BEKS--gLsE0
No. 37: The President's Recommendation for Beginners for US High Dividend Stocks (ETFs) [Money Le...	vVUI_RKQtZI
第35回 会いたい人に会う方法【会ったその先】【人生論】	9Bilku6YZpY
#36: Which is better to invest in: high-yield stocks or growth stocks? [Money Learning: Stock Inv...	dc5nYFtJRCg
第15回「副業の時間がない」人のための解決策【飲み会に行かず定時帰り】【稼ぐ 実践編】	kWb1lTM8n28
第14回 お金を稼げる仕事 VS やりたい仕事どちらを優先するか？【目的による】【稼ぐ 実践編】	sKegdAY6Ieg
No. 95: Should I prepay my mortgage? [Not recommended] [Financial Studies for Beginners]	TovP0QjoLkk
Episode 94: Recommended Saving Methods and Tips [Money Management for Beginners]	5Un_rzeCrwQ
第93回 おすすめのがん保険【結論不要】【お金の勉強 初級編】	t4CPWD-ugPQ
Part 13: How to Start an Affiliate Blog for Beginners [Brief Explanation] [Earn Money in Practice]	lGgEeAPl_bk
No. 92: Which is more cost-effective: Mutual Aid Association or Private Insurance? [Money Studies...	lkPhWzNHonY
No. 10: The President's Recommended Smartphones and How to Choose Them [Learn IT Skills from Scra...	-rHYyb3_TV8
第91回 大学生におすすめのクレジットカードは何？【お金の勉強 初級編】	EUzqPNBuGWA
Part 7: Paying off debt with a mortgage?! Abusing Flat 35 to invest in real estate and pretending...	YmBVQeGJofM
第13回 家やマンション、不動産を高く売る方法【お金の勉強 不動産投資編】	lo4llzEYdEY
第90回 賢くお金を増やす方法の確認【お金の勉強 初級編】	fNBPIR46m_8
第34回 失敗や嫌な過去を変える方法【人生論】	1Rb5F6L5EqY
第9回 ネット検索力がないとあなたは生涯損をする【検索力の鍛え方】【ゼロから学ぶITスキル】	TAUIyGJ_2aI
第12回 ガッツリ稼げる？ポイントサイトで稼ぐ方法【ポイ活】【稼ぐ 実践編】	6Zf2vuXeYy0
第89回 お金の勉強をしないと、あなたは一生搾取され続ける【お金の勉強 初級編】	QcWqfCxOT_s
Part 4: Better Than Corporate Insurance! Saving Taxes with Management Safety Mutual Aid [SME Bank...	JKzntV4uuw8
#35 How to Identify Good Mutual Funds Using Popularity Rankings [Money Lessons: Stock Investment ...	pHNzhUaiuLI
Episode 11: How to create a profitable website and a website that can earn you money (practical g...	slmeFjIBVyY
第34回 投資信託(楽天VTI)とETF(VTI)はどちらがおすすめか？【お金の勉強 株式投資編】	04-XHmIIRpE
第33回 お金で得する人、損する人の違い【人生論 】	cq5qEu68Jek
第10回 プログラマが複数の言語を学ぶべき理由【稼ぐ 実践編】	jWt9CV7vDnw
Part 3: How to receive unemployment insurance for 2 years and 6 months [Saving money]	c8f7V9FdAVI
第32回 自分の夢や強みがわからないあなたへ【人生論】	XMW05IasNcU
Part 8: Mastering Flick Input! [IT Skills to Learn from Scratch]	7b701AVD--A
第9回 フリーランス向け 仕事をもらいやすくする方法 【稼ぐ 実践編】	sFDnQgyDQIU
第31回 学長おすすめの読書法 【人生論】	1COSzke5vxw
Episode 88: Can Public Servants Have a Side Hustle Without Getting Caught? [Money Literacy for Be...	lLAZQtjRmXA
第87回 賃貸と持ち家(マイホーム)どっちがお得？【お金の勉強 初級編】	iim8YocZhMo
第8回 学長が学生時代に稼いだ方法【稼ぐ 実践編】	FkQ9Xh2w2WY
Part 7: Will affiliate marketing and blogging continue to be profitable? [Earning Money in Practice]	e2V2QcaF8UI
Part 30: Is Moving Abroad to Avoid Taxes Actually Worth It? [Life Philosophy]	9RVUu4ZOcI0
No. 86: Why the Principal Does Not Recommend Endowment Insurance [Financial Literacy for Beginners]	2cOwgFU6cZs
Part 33: Pros and Cons of IPO Investing [Money Lessons: Stock Investment Edition]	GAbshPLGdYg
No. 29 The difference between successful people and unsuccessful people [Philosophy of life]	Mu9nqXe19tA
No. 32: Where should I invest to save for retirement starting at age 50? [Money Studies: Stock In...	FIIAdb0NMms
No. 31: Where should I invest the 500,000 yen I saved as a student? [Money Studies: Stock Investm...	erYGy1ZPRsY
第6回 学長はどこから情報を仕入れているのか？【稼ぐ 実践編】	kXmv3TVDq8s
#30: Understanding Risk and Return: What You Should Know [Learn Money: Stock Investment]	OOrFT6rJVY4
No. 28: The President's Surprising Experience in the Past [Philosophy of Life]	BB95BIroGGo
No. 27 Japan ranks 58th in the world happiness rankings. How can we live happily? [Philosophy of ...	ThMwv9f1WCM
No. 85: How to get rich as quickly as possible? [Money Studies, Beginner's Edition]	4p79-wmcSvM
No. 84: What is the "Credit Information Card" (CIC) that is used in credit card applications? [Mo...	HCYOQamxJ3o
No. 83 How to prepare for "hyperinflation" - the day when stacks of banknotes become worthless [M...	WtQv5t4_6Js
No. 82 Which bank is best? Introducing the bank recommended by the president [Money Studies Begin...	fCx7k6LnhFM
第81回 金の仏像は相続税対策になるのか？相続税のキホン【お金の勉強 初級編】	vIF9qDz_5xw
Part 29: What should you do if your retirement funds saved through iDeCo plummet when you retire?...	tWBreJI2KAM
第7回 パソコンの仕組み 超基本から解説【ゼロから学ぶITスキル】	kLHfOxB22I8
第28回 楽天証券の毎日100円つみたて投資でポイントをゲットするのはお得か？【お金の勉強 株式投資編】	n4fDPA5VqmQ
Part 5: Which programming language is recommended for beginners? [Earning money in practice]	KIvepXnOu30
Part 4: Recommended Skills: How to Study to Become a Web Designer [Earn Money, Practical Edition]	EoHOnd-psko
第27回 含み損が出てる3000万の日本株をいつ売れば良いか？【お金の勉強 株式投資編】	WbwenzbmzCE
#26 Stock Investment Folio by Theme: Why We Don't Recommend LINE Smart Investing [Learn About Mon...	fY1m-mtxsBU
第5回  会社を1年間有給休暇にして社員は何をしているのか？まとめ【経営論】	rcoNGRc-NQU
No. 80: The President's Recommended Low-Cost SIM [Learn about Money, Beginner's Edition]	fIFyCWH5pj0
Episode 79: How Much Emergency Savings Do You Need? [Money Basics for Beginners]	weABbrTjtZY
No. 25: What to do if the US stock market crashes during retirement? [Financial Studies: Stock In...	olJUniYSpcw
第6回 携帯電話「転売ビジネス」で儲けることは出来るか？【社会・トレンド】	wlHrG1LT9mo
Part 3: The President's Recommended Programming Study Method [Earn Money in Practice]	DYX5yNk3HyM
Part 6: Mastering Touch Typing [Learn IT Skills from Scratch]	0aPzv7FlwVs
No. 26 Let's make a life compass (values ​​map)! How to make it [Philosophy of life]	6xiWPkq5vBc
No. 24 [Social Lending] Are Funds a viable asset management option? [Money Studies: Stock Investm...	apH9oC7fQFU
Part 2: What PC does the president recommend for a side job? [Earning Money Practical Edition]	J0s8czVKcVE
No. 78: Should I make back payments to my pension? [Financial Studies, Beginner's Edition]	bqFnIlzJIc8
No. 77 How to Get Cheaper and Faster Home Internet Connections [Beginner's Guide to Money]	p35wMJIHRuQ
Episode 25: What Should You Do If Your Challenge Fails? [Life Theory]	WixO0rhkrOU
第24回 人生を幸せにするのは何？複数のコミュニティを持つ事の大切さ【人生論】	P9PMGmQhsq0
Part 1: What are the skills the president recommends for making money? [Earning Money in Practice]	TS3cWkiA2iY
No. 23: Is it necessary to invest in gold or pure gold? [Money Studies: Stock Investment Edition]	OlHrvXixR2U
#76 How to Save Money on Plumbing Issues (Toilets and Kitchens) [Financial Literacy for Beginners]	K9So1pC0ZDg
Vol. 5: Why I Don't Recommend Social Lending [Society & Trends]	5QVG_acjFSE
No. 75: Should I prepay my scholarship? [Money Studies, Beginner's Edition] [Philosophy of Life]	v5DwRdUr0d8
No. 4: 34 million yen stolen from horse racing with a surefire winning strategy [Society/Trends]	uC1N37XPWrE
No. 74 How to Reduce Moving Costs [Beginner's Guide to Money]	d-Aw-xtW6gw
第73回 リスクを取らずに経済的自由になる方法はあるか？【お金の勉強 初級編】	Gd7WQE2YjYI
Part 22: What is the optimal ratio of bonds to stocks? [Money Learning: Stock Investment]	eRlWSYrjSpg
Part 12: Which is better for a mortgage, a fixed interest rate or a variable interest rate? [Mone...	cBBK2_wdjrQ
No. 23 What kind of life does Ryo @President lead? [Philosophy of life]	6T3ViOL4K2Y
第22回 ネットワークビジネス(MLM)をおすすめしない理由【人生論】	CZY3DzgmECM
#21 How to Boost Your Luck: Lessons from the Wealthy [Life Philosophy]	Vh167mbf3ME
Part 11: Which is better: REITs or physical real estate investment? [Money Learning: Real Estate ...	0xdj_Eqxc8o
Vol. 20: On Justice [Life Philosophy]	12xnXZjo-yw
第19回 何かを始める時の不安との向き合い方、稼ぐマインドとは？【人生論】	1ULGLZ7WlVI
第3回 情報商材ビジネスその巧みな手口は？【社会・トレンド】	qJQYRaozh7Y
#72 Are Paid-Up Insurance Policies Worth It? — How to Approach Canceling Insurance — [Money Lesso...	J_8Ob8IxPDM
第71回 ふるさと納税はお得な制度？【お金の勉強 初級編】	FwIq9n00B3A
No. 18 How much money do you need to feel secure? [Philosophy of life]	vkNcrviTI9o
No. 17 Why are rich people rich? [Philosophy of life]	Hy39nmJlB_o
第21回 VTI以外のおすすめの投資信託は何か？【お金の勉強 株式投資編】	KxIqN6fgb_o
第2回 テキシアジャパンの460億円詐欺について【社会・トレンド】	FIwNeHPHmwg
The 16th President's Recommended Book: Philosophy of Life	WxjwY7cHigU
No. 15: What I want to tell students and people in their 20s [Philosophy of life]	w-_LdRJjM2k
第1回 レオパレス問題で立ち退き料はもらえるの？【社会・トレンド】	zKXgdJkYONU
第14回 人生で後悔してる買い物ランキング【人生論】	893Q1wcwthg
第2回 悪質保証会社からの請求にご注意【お金を"貯める"】	BfZV03rlhDE
No. 13: Improving your questioning skills will benefit you in life [Philosophy of life]	IBXqKVYrV6I
#12 Top 5 Best Things I've Ever Bought in My Life [Philosophy of Life]	ZWyH0f8gvK0
11th Ranking of the Best Travel Destinations I've Visited [Philosophy of Life]	7wwQgEXB2hM
#70 How to Reduce Moving-Out Costs (Additional Explanation) [Money Studies, Beginner's Edition]	1QTUm_cJjco
Part 1: How self-employed individuals can reduce their national health insurance premiums [Saving...	ezQLr4uqoFg
Episode 10: What is freedom? [Philosophy of life]	4ngi_2AWr0E
Part 69: How to Rent an Apartment for Less, Pt. 2 [Financial Literacy for Beginners]	d8jlydTkivM
第4回 書評「管理ゼロで成果はあがる」その3【経営論】	IsGJKTLLHpA
4th Book Review: "Zero Management, High Results" Part 2 [Management Theory]	42i2GXQ2Bvw
Book Review #4: "Achieving Results with Zero Management," Part 1 [Management Theory]	Mv5IyvemkR0
Part 20: Is there a way to avoid losing principal when investing? [Learn about money: Stock inves...	QXd_x4hg4kU
Part 10: How to reduce home renovation costs [Money Learning: Real Estate Investment Edition]	4vgpc0zb02g
19th Junior NISA [Learn about Money: Stock Investment]	b5-m-JLLVk0
Part 18: Which should you start with: Tsumitate NISA, iDeCo, or Small Business Mutual Aid? [Money...	4ool-J29C0o
No. 68: Is it possible to get a high return on savings insurance? [Financial Studies, Beginner's ...	7W21nHOmuLc
第9回 受け取り上手は人生お得【人生論】	OIWHEAjJ2ls
Episode 8: What kind of credit cards do rich people have? [Philosophy of Life]	Q7RflKP75xg
No. 67: You Don't Need Personal Pension Insurance [Beginner's Guide to Money]	R_MG5ws_pv0
Part 14: Why we don't recommend investing in shareholder benefits (revised version) [Learn about ...	RxY2Wcjl3_Q
Part 17: What should you do if your NISA savings account crashes in 20 years? [Money Studies: Sto...	no_I95ag9jA
No. 7: Thinking about the causes from your own perspective [Philosophy of life]	b0ATSC18Zd8
No. 66: Foreign Currency Insurance Is Not Necessary [Beginner's Guide to Money]	jAGPtSzfBEg
No. 65 How to Lower Your Electricity Bill [Beginner's Guide to Money]	vP-2XBCitYw
第64回 厚生年金は入った方が得なのか？【お金の勉強 初級編】	y-2AGWX9MWM
Episode 16: How Much Should You Start Investing With? [Money Education: Stock Investment Edition]	jB_5NIVLHAw
Episode 6: Giving (Giving to Others) [Philosophy of Life]	Bqj5qaI_UPQ
Part 5: Intangible assets (credit) [Life philosophy]	he24r2Le5kI
No. 63: Is Earthquake Insurance Necessary? [Financial Studies, Beginner's Edition]	0p9lSoR4DHc
Part 3: How to hire talented employees who won't quit Part 3 [Management Theory]	aSMxza_PnZM
Part 3-2: How to hire talented employees who won't quit Part 2 [Management Theory]	XdI9wCLNEho
第3-1回 辞めない優秀な社員の雇い方 その1【経営論】	6SKlyluDx78
No. 62: How to Add a Low-Cost SIM Card to Reduce Your Mobile Phone Bill [Beginner's Guide to Money]	7JETUAX7Vic
No. 60: Educational Insurance Is Not Necessary [Beginner's Guide to Money]	7n-w6NHx1Nc
第15回 従業員持株会(自分の勤めている会社の株)を買うことについて【お金の勉強 株式投資編】	l-xtje2E0sc
第61回 お金あげます詐欺に騙されるな〜ネットの嘘を見抜く方法〜【お金の勉強 初級編】	RIaMvVGDT8c
Part 4: Is College Necessary? [Life Philosophy]	CnCZFQ74LFM
Part 3: What kind of person has a net worth of 10 billion yen? [Philosophy of life]	0YxPERPoalY
Part 2: The President's Money Management [Philosophy of Life]	tU9Ue4iyGAY
Why are we running the 2019 10 million yen New Year's gift project?	HEzyeMzoLbk
2019 New Year Illustration Contest Results Announcement	bPzhPHR7HAI
Part 9-2: What is the ideal percentage return on real estate investment? Part 2 [Learn about mone...	exRruUMUboI
Part 9-1: What Is the Ideal Yield for Real Estate Investment? (Part 1) [Money Study: Real Estate ...	5sSz-wzjXwI
Part 1: How to think about the hourly rate to become rich [Philosophy of life]	pVw1Pme95uM
Part 8-2: How to buy real estate properties cheaply (Part 2) [Learn about money: Real estate inve...	8p2eHs8w6Wg
Part 8-1: How to buy real estate properties cheaply Part 1 [Learn about money: Real estate invest...	vjh-RsgVXeo
Part 7: Step-by-Step Guide to Buying Real Estate [Financial Literacy: Real Estate Investment Edit...	Cy84vkHicBg
Part 6: How to Determine the Fair Price of a Real Estate Property [Money Learning: Real Estate In...	qS4EWM2uGT8
Episode 16-2: How to Lower Your Propane Gas Bill [Beginner's Guide to Money]	g4pPIZJjhi0
Part 5: How to Find Quality Real Estate Properties (For Beginners) [Learn About Money: Real Estat...	6bHV479to4M
Part 4: Things to consider when buying a detached house [Learn about money: Real estate investment]	Pwu6Oj6l3RM
Part 3: What are the best real estate investment methods for beginners? [Learn about money: Real ...	etWUd2D-o1g
Part 10-2: Why I Don't Recommend Invest Card and Trio Auto ETFs [Money Studies: Stock Investment]	wnhJI-5xjGw
Part 2: Recommended study methods for real estate investment [Studying money: Real estate investm...	PxEN5D6iWlw
Part 1: Explaining the mechanics of real estate investment for beginners! [Learn about money: Rea...	6qL3W9Qmnqk
第4回 デュアルディスプレイで作業効率42％アップ！【ゼロから学ぶITスキル】	E4Ev1k9hTrs
Part 13: Weaknesses of Index Investing and Recommended US High-Dividend Stocks for Beginners [Lea...	cFpv1Zitt2c
Part 12: The Problems with Index Investing and High-Dividend Stocks [Money Lessons: Stock Investm...	JYKHLMg8fno
Part 11: Is it possible for an average person to build assets worth 1 billion yen? [Learn about m...	pll3QQUCHyc
Part 10: What are Robo-Advisors? WealthNavi and THEO [Learn about Money: Stock Investment]	6JEOjFIjQz8
Part 9: When investing your savings, is it better to invest in a lump sum or in installments? [Mo...	WoFFpt0UHb0
Part 8: Is iDeCo Actually Worth It? [Money Study: Stock Investment Edition]	8jyyhsemfHQ
第7回 NISAと積立NISAって何？【お金の勉強 株式投資編】	QMkyAS4IKuA
Part 6-3: Is medical insurance necessary? Additional explanation, Part 2 [Learn about money, begi...	yTl8QwjuSvA
第6-2回 医療保険は必要か？ 追加解説 前編【お金の勉強 初級編 】	nVy36PZLACo
第6回 おすすめ投資信託のまとめ【お金の勉強 株式投資編】	ZIKPc5G9t6I
Part 5: When Should You Sell Your Stocks? (Exit Strategy) – Key Points for Index Investing [Money...	jBX3pc1Bde0
Part 4: When Should You Buy Stocks? Dollar Cost Averaging [Money Learning: Stock Investment]	iJl6wh0AKjw
Part 3: Recommended S&P 500-linked mutual funds [Financial Studies: Stock Investment]	c9tEYJd7mtw
Part 2: Explaining the best investment solutions for beginners [Learn about money: Stock investment]	_XcgyGJP_pA
Parts 1-2: Master the 4 Sources of Income for Financial Freedom [Financial Literacy: Stock Invest...	McUmn6Mkl_I
Part 1-1: Mastering the Four Sources of Income to Achieve Financial Freedom [Money Studies: Stock...	lAAHyntHENk
第59回 守る編まとめ【お金の勉強 初級編 】	Rryna5r-Ocw
No. 58: When you lend money, you lose two important things [Learn about money, beginner's level]	5cPixdsAWUI
No. 57: The lottery is a tax on fools [Money Studies, Beginner's Edition]	TinAojki5zs
No. 56: How to file a blue tax return and start-up notification [Beginner's guide to money]	RrTiyi0jdOI
No. 55 How to become rich in Japan from a tax perspective [Learn about money, beginner's level]	cC0X1jCJKAM
No. 54 How to reduce social insurance premiums [Beginner's Guide to Money]	cW0CHO33y20
No. 53 Summary of ways to increase deductions and save on taxes [Beginner's Guide to Money]	bHnPZ2mQa_M
第52回 会社員の手取りを増やす控除についてその2と源泉徴収票【お金の勉強 初級編 】	Cqd1OFwi0Ik
No. 51: Deductions to Increase Take-Home Pay for Company Employees [Beginner's Guide to Money]	mUN8FjkFzaE
No. 50: How can company employees and self-employed individuals increase their take-home pay? [Mo...	p0n_N1T8lSs
No. 49: Making Others Happy ~What kind of blog would you like to sponsor?~ [Learn about Money, Be...	ak7eWVRtBKg
Part 3: How to Discover Your Strengths with StrengthsFinder [IT Skills from Scratch]	JSrI_VFNhPA
第48回 知る事はキミの大きな武器になる【お金の勉強 初級編 】	cgTzna5_vKU
No. 47: Summary of the Basics of Earning Money [Beginner's Guide to Money]	Y1hBJyam8C8
No. 46 For those who don't know what to do to make money [Learn about money, beginner's level]	aLqhrecOVaw
No. 45 Tips for Avoiding Failure in Starting a Business [Beginner's Guide to Money]	cgVTQGLVMJE
No. 44-2: How Social Insurance Works [Beginner's Guide to Money]	RzOJLycXO6o
Part 44-1: How Social Insurance Works【Money Study: Beginner's Guide】	IoHG6ZJ8BO0
2nd GYAZO Instant Screenshot Sharing [Learn IT Skills from Scratch]	PPGtUNUAUVQ
Episode 43-2: What are income tax and resident tax? Explaining tax returns [Beginner's Guide to M...	50uq87q4yy8
第43-1回 所得税と住民税とは？確定申告についても解説【お金の勉強 初級編 】	XsUydesjejw
Part 42-2: How to Start a Side Hustle Without Your Employer Finding Out [Money Lessons for Beginn...	2VV8BVlpSDE
No. 42-1 How to Start a Side Hustle Without Your Workplace Finding Out [Learn About Money, Beginn...	net2FClXDx0
#41 Why We Earn Money and the Concept of Trade-offs [Financial Literacy for Beginners]	KY1jtI75keU
第40-2回 お金を稼ぐ 基本の考え方【お金の勉強 初級編 】	sJRKIck2gGg
No. 40-1 The Basics of Making Money [Beginner's Guide to Money]	eHTtxaXx5wI
Episode 14-2: How to Reduce Moving-Out Costs [Beginner's Guide to Money]	9vU3J4YCKjQ
Part 1: How to Create Presentation Materials: Using Mind Maps [Learn IT Skills from Scratch]	P8olnrGMxEQ
No. 39: What is the best financial product for you? [Learn about money, beginner's level]	77PTNJkMHEE
No. 38: Highly speculative investments and automated FX trading (Toraripi) [Money Studies: Beginn...	rirB2LdZueE
No. 37: The difference between investment and speculation & why invest [Money Studies Beginner's ...	x1JIV6OzF_U
No. 36 Summary of how to avoid buying rip-off products when investing [Learn about money, beginne...	wJMInwVHc-A
No. 35: Beware of Offshore Savings Insurance (RL360, Premier Trust, Metis) [Beginner's Guide to M...	AAIyQxRC_AM
No. 34: Overseas real estate investment is a hotbed of fraud [Beginner's guide to money]	5GaeaGRdFpU
No. 33: Be careful when managing an apartment to avoid inheritance tax [Beginner's Guide to Money]	Im55eBda4zc
No. 32 Beware of the Traps of Sublease Contracts - Kabocha no Basha [Learn about Money, Beginner'...	ERWMch_YtYk
Part 31-1: Real Estate Investment Success Strategies - Don't Get Into One-Room Condo Investment [...	K1zInd495ec
No. 31-2 Successful Real Estate Investment Method: Don't Get Into Studio Apartment Investments [B...	En9ZHw0YVqc
No. 30 How Beginners Can Win at Investing: Don't Touch Bank Foreign Currency Deposits [Learn Abou...	ix_BOlp5Gy4
Episode 7-2: Why you don't need pet insurance [Beginner's guide to money]	uAu5lYvwqo0
Part 29: How Beginners Can Win at Investing — Don't Buy Monthly Dividend Mutual Funds [Money Educ...	M2uB2E3KYBw
No. 28: How beginners can win at investing: Avoiding scams (Ponzi schemes) [Beginner's Guide to M...	NnO6_11Hlho
No. 27: Investing in yourself is the best investment [Learn about money, beginner level]	F7fRUmb1dBI
No. 26: How REITs Work [Beginner's Guide to Money]	p-kC1YcScrs
No. 30-2 [Making a Big Profit from Overseas Bank Interest Rates?] The Trap of Foreign Currency De...	6KLUlGNiZps
No. 25: The Basics of FX and Leverage [Beginner's Guide to Money]	PfAbpJGta8o
Part 2: How I Took a Year of Paid Leave from My Own Company [Management Theory]	x1E-KfuQkL0
Part 1: Why I took a year off from work [Management Theory]	KyanlIxPKGQ
No. 24: What are investment trusts and funds? [Beginner's Guide to Money]	yiFm2F6QsOE
No. 23: This is perfect! A list of investment products and their features [Learn about money, beg...	n1wdu39Bioc
第22回 株ってなに？~株式会社と株式投資の仕組み~【お金の勉強 初級編 】	qbPdID0vljM
No. 21 For those who are worried about investing [Learn about money, beginner level]	6UfffEKxFyM
Episode 20: Start investing and become a capitalist [Learn about money, beginner level]	2mt2b7FfBIs
Summary of the 19th Savings Edition [Money Learning Beginner's Edition]	-FwOSviP_jk
Episode 18: How to Escape from Revolving Payments and Card Loans [Beginner's Guide to Money]	BEWyUVmx4rE
No. 17: How credit works and the nightmare of revolving payments [Beginner's guide to money]	aii_Xy1pBUI
No. 16: Reducing Fixed Costs for Homeowners [Beginner's Guide to Money]	oHMg9opZ5GY
No. 15: Do I really need a home? [Learn about money, beginner level]	hPcBU-iojMM
Episode 14-1: How to rent a room cheaply Part 1 [Beginner's Guide to Money]	BN2nGtwAH5I
第13回 賃貸物件の家賃を下げる方法【お金の勉強 初級編 】	25DfwHHnKDg
Part 12-2: Cars and Resale Value [Money Study: Beginner Course]	IoeWqnq31G0
Episode 12-1 [How the World's Richest People Choose Their Cars] Let's Reevaluate Your Car [Learn ...	AoGKs9d2ypQ
No. 11 Insurance Summary [Beginner's Guide to Money]	IKX5q_zDtlc
第10-2回 【固定費削減】自動車保険を安くする方法 その2【お金の勉強 初級編 】	NXemvVxtQa4
Episode 10-1 [Reducing Fixed Costs] How to Get Cheaper Car Insurance Part 1 [Learn About Money, B...	5N1r7NAfuqE
Part 9: How to Get Cheaper Fire Insurance for Homeowners [Financial Studies, Beginner's Edition]	46BmjpnN2RU
第8回 火災保険を安くする方法 賃貸物件【お金の勉強 初級編 】	vuTQyk75pjc
Episode 7: [Unnecessary Insurance] The only life insurance you really need [Financial Studies, Be...	RgE-l3isCA8
Part 6-1: Do I need medical insurance? [Beginner's Guide to Money]	NTBSkBkQ-vk
Part 5: [Rich people are sensitive to fixed costs] How to reduce your monthly mobile phone and sm...	R2c6g55U1LE
Part 4: How to Grow Your Money - Learn the Right Way to Save [Money Study: Beginner's Guide]	QO7j9Dj6E4A
Part 3: Specific Step-by-Step Methods for Living on Passive Income [Beginner's Guide to Money]	c88Ev0H2t_o
Part 2: Fundamental Concepts for Gaining Financial Freedom [Beginner's Guide to Money]	nDC3juGf5G8
Part 1: Profile & How to Achieve a Free Lifestyle [Beginner's Guide to Money]	fg7ZMuRp5D4
